NUMERO;DATA;IMPONIBILE;IVA;TOTALE
FT-2020-00036;09/07/2020;307.78;67.71;375.49
FT-2020-00111;08/09/2020;5733.89;1261.46;6995.35
FT-2020-00209;29/11/2020;5821.07;1280.64;7101.71
FT-2020-00218;25/09/2020;4607.24;1013.59;5620.83
FT-2020-00259;16/04/2020;6405.05;1409.11;7814.16
FT-2020-00270;04/09/2020;13737.30;3022.21;16759.51
FT-2020-00324;02/12/2020;6875.71;1512.66;8388.37
FT-2020-00407;02/10/2020;6197.13;1363.37;7560.50
FT-2020-00567;19/11/2020;8052.89;1771.64;9824.53
FT-2020-01053;18/09/2020;3136.24;689.97;3826.21
FT-2020-01079;15/09/2020;8391.42;1846.11;10237.53
FT-2020-01098;23/12/2020;2186.76;481.09;2667.85
FT-2020-01151;28/10/2020;7593.14;1670.49;9263.63
FT-2020-01184;28/04/2020;4943.18;1087.50;6030.68
FT-2020-01194;02/09/2020;7021.14;1544.65;8565.79
FT-2020-01220;25/07/2020;9035.06;1987.71;11022.77
FT-2020-01368;03/07/2020;5215.34;1147.37;6362.71
FT-2020-01370;27/09/2020;5049.94;1110.99;6160.93
FT-2020-01418;10/12/2020;3722.08;818.86;4540.94
FT-2020-01571;20/05/2020;8799.94;1935.99;10735.93
FT-2020-01651;24/11/2020;9979.72;2195.54;12175.26
FT-2020-01846;29/12/2020;3310.37;728.28;4038.65
FT-2020-01868;13/12/2020;16238.03;3572.37;19810.40
FT-2020-01873;26/07/2020;5030.43;1106.69;6137.12
FT-2020-02025;26/11/2020;9355.65;2058.24;11413.89
FT-2020-02111;21/07/2020;3089.87;679.77;3769.64
FT-2020-02127;30/12/2020;5586.07;1228.94;6815.01
FT-2020-02148;22/09/2020;13436.26;2955.98;16392.24
FT-2020-02180;15/10/2020;7738.23;1702.41;9440.64
FT-2020-02284;08/12/2020;2084.45;458.58;2543.03
FT-2020-02286;27/07/2020;13628.97;2998.37;16627.34
FT-2020-02349;20/04/2020;14321.92;3150.82;17472.74
FT-2020-02649;05/11/2020;2816.57;619.65;3436.22
FT-2020-02661;27/08/2020;3348.38;736.64;4085.02
FT-2020-02669;10/04/2020;7606.39;1673.41;9279.80
FT-2020-02773;22/08/2020;3411.66;750.57;4162.23
FT-2020-02798;02/11/2020;2457.04;540.55;2997.59
FT-2020-02817;06/10/2020;9779.51;2151.49;11931.00
FT-2020-02943;06/06/2020;6086.92;1339.12;7426.04
FT-2020-03062;03/12/2020;7680.75;1689.77;9370.52
FT-2020-03087;12/08/2020;10618.67;2336.11;12954.78
FT-2020-03192;21/04/2020;10869.74;2391.34;13261.08
FT-2020-03241;14/03/2020;2029.39;446.47;2475.86
FT-2020-03324;03/03/2020;2273.83;500.24;2774.07
FT-2020-03326;28/06/2020;4430.31;974.67;5404.98
FT-2020-03357;22/07/2020;2211.04;486.43;2697.47
FT-2020-03573;09/08/2020;621.53;136.74;758.27
FT-2020-03594;01/09/2020;772.91;170.04;942.95
FT-2020-03618;17/08/2020;7960.90;1751.40;9712.30
FT-2020-03626;29/09/2020;3453.34;759.73;4213.07
FT-2020-03686;23/09/2020;13775.71;3030.66;16806.37
FT-2020-03736;04/09/2020;11014.14;2423.11;13437.25
FT-2020-03829;11/08/2020;10656.64;2344.46;13001.10
FT-2020-03986;01/10/2020;2626.64;577.86;3204.50
FT-2020-04164;03/07/2020;4108.16;903.80;5011.96
FT-2020-04301;18/09/2020;9847.70;2166.49;12014.19
FT-2020-04403;22/11/2020;6732.10;1481.06;8213.16
FT-2020-04532;02/08/2020;2376.72;522.88;2899.60
FT-2020-04534;25/11/2020;3826.04;841.73;4667.77
FT-2020-04609;29/07/2020;8394.73;1846.84;10241.57
FT-2020-04644;15/07/2020;8051.32;1771.29;9822.61
FT-2020-04784;23/08/2020;3548.86;780.75;4329.61
FT-2020-04833;19/10/2020;6729.57;1480.51;8210.08
FT-2020-05020;28/12/2020;7284.39;1602.57;8886.96
FT-2020-05136;14/12/2020;3222.02;708.84;3930.86
FT-2020-05149;01/01/2021;7090.21;1559.85;8650.06
FT-2020-05204;01/07/2020;11854.91;2608.08;14462.99
FT-2020-05226;17/12/2020;5186.84;1141.10;6327.94
FT-2020-05269;01/01/2021;11384.97;2504.69;13889.66
FT-2020-05321;01/09/2020;4998.38;1099.64;6098.02
FT-2020-05402;05/09/2020;990.35;217.88;1208.23
FT-2020-05451;16/05/2020;11222.80;2469.02;13691.82
FT-2020-05467;11/12/2020;11478.45;2525.26;14003.71
FT-2020-05550;08/10/2020;2937.58;646.27;3583.85
FT-2020-05892;02/05/2020;1232.72;271.20;1503.92
FT-2020-05959;25/07/2020;4728.91;1040.36;5769.27
FT-2020-05973;26/10/2020;6678.89;1469.36;8148.25
FT-2020-06050;01/01/2021;7348.64;1616.70;8965.34
FT-2020-06065;14/05/2020;14606.62;3213.46;17820.08
FT-2020-06112;02/08/2020;6214.09;1367.10;7581.19
FT-2020-06157;06/11/2020;4032.15;887.07;4919.22
FT-2020-06217;20/10/2020;5106.62;1123.46;6230.08
FT-2020-06242;04/11/2020;4249.76;934.95;5184.71
FT-2020-06482;22/12/2020;4402.45;968.54;5370.99
FT-2020-06534;02/08/2020;7959.24;1751.03;9710.27
FT-2020-06551;21/07/2020;8667.84;1906.92;10574.76
FT-2020-06767;28/04/2020;2722.68;598.99;3321.67
FT-2020-06805;24/07/2020;11586.94;2549.13;14136.07
FT-2020-06882;26/09/2020;11946.18;2628.16;14574.34
FT-2020-06912;05/12/2020;15416.52;3391.63;18808.15
FT-2020-06915;02/10/2020;11994.78;2638.85;14633.63
FT-2020-07008;19/08/2020;5955.57;1310.23;7265.80
FT-2020-07101;27/10/2020;7694.70;1692.83;9387.53
FT-2020-07145;22/03/2020;7208.47;1585.86;8794.33
FT-2020-07192;30/04/2020;4516.06;993.53;5509.59
FT-2020-07208;07/12/2020;4203.63;924.80;5128.43
FT-2020-07342;11/06/2020;3214.78;707.25;3922.03
FT-2020-07386;03/08/2020;2117.41;465.83;2583.24
FT-2020-07423;31/10/2020;6254.15;1375.91;7630.06
FT-2020-07431;16/12/2020;7711.96;1696.63;9408.59
FT-2020-07465;21/12/2020;2178.88;479.35;2658.23
FT-2020-07624;25/11/2020;13285.35;2922.78;16208.13
FT-2020-07771;31/08/2020;4113.53;904.98;5018.51
FT-2020-07866;20/07/2020;11694.62;2572.82;14267.44
FT-2020-07911;05/08/2020;2294.87;504.87;2799.74
FT-2020-08093;02/01/2021;8294.67;1824.83;10119.50
FT-2020-08276;03/03/2020;7003.65;1540.80;8544.45
FT-2020-08306;15/04/2020;3477.10;764.96;4242.06
FT-2020-08365;14/06/2020;8064.08;1774.10;9838.18
FT-2020-08385;04/11/2020;15488.80;3407.54;18896.34
FT-2020-08581;30/11/2020;8481.99;1866.04;10348.03
FT-2020-08691;14/11/2020;9029.03;1986.39;11015.42
FT-2020-08695;27/07/2020;2602.40;572.53;3174.93
FT-2020-08736;17/12/2020;5513.14;1212.89;6726.03
FT-2020-08849;10/09/2020;1625.66;357.65;1983.31
FT-2020-09023;24/06/2020;12646.98;2782.34;15429.32
FT-2020-09064;28/11/2020;4803.73;1056.82;5860.55
FT-2020-09258;07/09/2020;4685.00;1030.70;5715.70
FT-2020-09283;09/07/2020;2303.44;506.76;2810.20
FT-2020-09423;19/12/2020;10164.01;2236.08;12400.09
FT-2020-09477;20/09/2020;9072.17;1995.88;11068.05
FT-2020-09510;13/09/2020;954.94;210.09;1165.03
FT-2020-09513;13/11/2020;3095.25;680.96;3776.21
FT-2020-09652;19/11/2020;9618.19;2116.00;11734.19
FT-2020-09679;15/09/2020;5768.55;1269.08;7037.63
FT-2020-09875;24/03/2020;1390.13;305.83;1695.96
FT-2020-09916;08/12/2020;7799.48;1715.89;9515.37
FT-2020-10017;10/10/2020;9078.93;1997.36;11076.29
FT-2020-10047;13/12/2020;8054.23;1771.93;9826.16
FT-2020-10244;06/06/2020;2394.31;526.75;2921.06
FT-2020-10281;12/12/2020;5235.09;1151.72;6386.81
FT-2020-10370;15/09/2020;8949.10;1968.80;10917.90
FT-2020-10430;13/03/2020;1847.64;406.48;2254.12
FT-2020-10482;09/09/2020;5734.83;1261.66;6996.49
FT-2020-10506;13/09/2020;4855.63;1068.24;5923.87
FT-2020-10539;17/04/2020;4689.69;1031.73;5721.42
FT-2020-10612;21/11/2020;8200.39;1804.09;10004.48
FT-2020-10732;04/03/2020;6901.00;1518.22;8419.22
FT-2020-10786;27/10/2020;2342.72;515.40;2858.12
FT-2020-10839;05/09/2020;4883.51;1074.37;5957.88
FT-2020-10877;26/06/2020;1851.49;407.33;2258.82
FT-2020-10952;03/08/2020;11324.93;2491.48;13816.41
FT-2020-10954;06/09/2020;3570.53;785.52;4356.05
FT-2020-11019;09/12/2020;7434.77;1635.65;9070.42
FT-2020-11023;01/08/2020;4217.38;927.82;5145.20
FT-2020-11124;24/05/2020;3872.29;851.90;4724.19
FT-2020-11202;08/12/2020;10900.87;2398.19;13299.06
FT-2020-11247;02/11/2020;12135.55;2669.82;14805.37
FT-2020-11299;15/12/2020;469.46;103.28;572.74
FT-2020-11467;30/05/2020;11648.52;2562.67;14211.19
FT-2020-11571;21/10/2020;7432.70;1635.19;9067.89
FT-2020-11578;09/11/2020;12414.28;2731.14;15145.42
FT-2020-11589;01/06/2020;6209.74;1366.14;7575.88
FT-2020-11648;28/12/2020;12479.88;2745.57;15225.45
FT-2020-11669;06/05/2020;13687.97;3011.35;16699.32
FT-2020-11765;25/07/2020;4799.53;1055.90;5855.43
FT-2020-11797;05/04/2020;4980.15;1095.63;6075.78
FT-2020-11858;30/10/2020;4306.64;947.46;5254.10
FT-2020-11900;22/12/2020;1197.08;263.36;1460.44
FT-2020-11915;13/08/2020;11401.88;2508.41;13910.29
FT-2020-11919;23/10/2020;2335.73;513.86;2849.59
FT-2020-12003;08/08/2020;5934.63;1305.62;7240.25
FT-2020-12065;29/11/2020;6089.27;1339.64;7428.91
FT-2020-12097;19/05/2020;9483.87;2086.45;11570.32
FT-2020-12165;15/11/2020;4222.36;928.92;5151.28
FT-2020-12202;16/11/2020;2047.98;450.56;2498.54
FT-2020-12302;03/07/2020;2511.92;552.62;3064.54
FT-2020-12376;26/09/2020;12143.88;2671.65;14815.53
FT-2020-12414;12/12/2020;8660.55;1905.32;10565.87
FT-2020-12486;30/10/2020;12328.15;2712.19;15040.34
FT-2020-12589;06/06/2020;1661.74;365.58;2027.32
FT-2020-12747;15/02/2020;634.19;139.52;773.71
FT-2020-12786;17/12/2020;12833.12;2823.29;15656.41
FT-2020-12791;10/04/2020;1672.05;367.85;2039.90
FT-2020-12829;11/12/2020;10798.76;2375.73;13174.49
FT-2020-13140;26/07/2020;3613.28;794.92;4408.20
FT-2020-13396;22/12/2020;5820.10;1280.42;7100.52
FT-2020-13462;11/12/2020;5623.63;1237.20;6860.83
FT-2020-13520;28/02/2020;5653.06;1243.67;6896.73
FT-2020-13601;03/12/2020;4242.62;933.38;5176.00
FT-2020-13618;18/10/2020;2079.36;457.46;2536.82
FT-2020-13720;09/09/2020;770.54;169.52;940.06
FT-2020-13746;27/05/2020;7586.12;1668.95;9255.07
FT-2020-14001;17/11/2020;1806.19;397.36;2203.55
FT-2020-14018;25/12/2020;4515.90;993.50;5509.40
FT-2020-14046;20/11/2020;2790.59;613.93;3404.52
FT-2020-14062;22/12/2020;3172.36;697.92;3870.28
FT-2020-14259;27/09/2020;9350.65;2057.14;11407.79
FT-2020-14302;30/05/2020;10749.74;2364.94;13114.68
FT-2020-14379;05/07/2020;4700.42;1034.09;5734.51
FT-2020-14431;03/10/2020;10512.72;2312.80;12825.52
FT-2020-14446;15/12/2020;9826.92;2161.92;11988.84
FT-2020-14837;27/07/2020;1443.41;317.55;1760.96
FT-2020-14881;01/11/2020;4235.42;931.79;5167.21
FT-2020-14939;21/09/2020;10487.73;2307.30;12795.03
FT-2020-14941;15/05/2020;3832.26;843.10;4675.36
FT-2020-15055;31/12/2020;6676.03;1468.73;8144.76
FT-2020-15234;01/12/2020;12183.43;2680.35;14863.78
FT-2020-15307;04/12/2020;8140.02;1790.80;9930.82
FT-2020-15526;31/12/2020;11251.60;2475.35;13726.95
FT-2020-15579;15/12/2020;773.50;170.17;943.67
FT-2020-15581;13/04/2020;4657.37;1024.62;5681.99
FT-2020-15693;06/08/2020;2506.78;551.49;3058.27
FT-2020-15737;30/01/2020;6325.64;1391.64;7717.28
FT-2020-16031;02/04/2020;3527.21;775.99;4303.20
FT-2020-16096;26/07/2020;5966.59;1312.65;7279.24
FT-2020-16143;29/08/2020;3624.95;797.49;4422.44
FT-2020-16485;30/05/2020;2427.65;534.08;2961.73
FT-2020-16501;02/06/2020;721.19;158.66;879.85
FT-2020-16533;18/10/2020;6887.19;1515.18;8402.37
FT-2020-16664;29/11/2020;15640.95;3441.01;19081.96
FT-2020-16719;18/07/2020;8578.53;1887.28;10465.81
FT-2020-16803;09/09/2020;6213.54;1366.98;7580.52
FT-2020-16906;21/08/2020;5215.27;1147.36;6362.63
FT-2020-17054;29/12/2020;2240.49;492.91;2733.40
FT-2020-17111;01/07/2020;10952.49;2409.55;13362.04
FT-2020-17206;13/10/2020;1272.11;279.86;1551.97
FT-2020-17225;31/10/2020;6211.01;1366.42;7577.43
FT-2020-17456;12/06/2020;7778.67;1711.31;9489.98
FT-2020-17546;16/11/2020;9519.17;2094.22;11613.39
FT-2020-17597;12/10/2020;3535.34;777.77;4313.11
FT-2020-17616;17/10/2020;4690.91;1032.00;5722.91
FT-2020-17687;30/09/2020;4174.83;918.46;5093.29
FT-2020-17815;04/01/2021;3060.70;673.35;3734.05
FT-2020-17839;27/12/2020;12125.56;2667.62;14793.18
FT-2020-17851;19/10/2020;10597.30;2331.41;12928.71
FT-2020-18077;31/10/2020;2434.66;535.63;2970.29
FT-2020-18120;20/05/2020;4172.51;917.95;5090.46
FT-2020-18153;06/10/2020;2626.55;577.84;3204.39
FT-2020-18161;24/07/2020;8484.11;1866.50;10350.61
FT-2020-18228;29/07/2020;717.14;157.77;874.91
FT-2020-18297;17/05/2020;6026.99;1325.94;7352.93
FT-2020-18339;02/09/2020;6829.33;1502.45;8331.78
FT-2020-18351;11/04/2020;11378.06;2503.17;13881.23
FT-2020-18431;12/10/2020;3880.62;853.74;4734.36
FT-2020-18519;08/10/2020;2814.02;619.08;3433.10
FT-2020-18541;15/05/2020;5418.01;1191.96;6609.97
FT-2020-18543;08/04/2020;9311.38;2048.50;11359.88
FT-2020-18555;25/09/2020;2458.16;540.80;2998.96
FT-2020-18570;17/06/2020;1168.32;257.03;1425.35
FT-2020-18581;22/10/2020;10430.52;2294.71;12725.23
FT-2020-18643;13/08/2020;8035.23;1767.75;9802.98
FT-2020-18841;14/11/2020;2435.89;535.90;2971.79
FT-2020-18965;01/07/2020;13358.82;2938.94;16297.76
FT-2020-19005;02/05/2020;647.79;142.51;790.30
FT-2020-19092;10/12/2020;4474.54;984.40;5458.94
FT-2020-19202;14/08/2020;4226.82;929.90;5156.72
FT-2020-19208;12/08/2020;7449.21;1638.83;9088.04
FT-2020-19224;01/12/2020;5017.93;1103.94;6121.87
FT-2020-19318;30/03/2020;9631.46;2118.92;11750.38
FT-2020-19356;19/09/2020;10321.32;2270.69;12592.01
FT-2020-19692;26/10/2020;5014.34;1103.15;6117.49
FT-2020-19823;05/02/2020;5735.86;1261.89;6997.75
FT-2020-19940;04/02/2020;601.01;132.22;733.23
FT-2020-20000;02/12/2020;12706.10;2795.34;15501.44
FT-2020-20117;23/09/2020;1136.92;250.12;1387.04
FT-2020-20249;01/10/2020;3490.27;767.86;4258.13
FT-2020-20306;13/12/2020;6610.68;1454.35;8065.03
FT-2020-20332;19/12/2020;1065.99;234.52;1300.51
FT-2020-20570;13/10/2020;5153.12;1133.69;6286.81
FT-2020-20615;02/12/2020;15689.99;3451.80;19141.79
FT-2020-20616;02/04/2020;6345.71;1396.06;7741.77
FT-2020-20664;16/07/2020;1734.68;381.63;2116.31
FT-2020-21047;20/07/2020;2868.23;631.01;3499.24
FT-2020-21112;03/11/2020;12686.85;2791.11;15477.96
FT-2020-21243;23/04/2020;6056.36;1332.40;7388.76
FT-2020-21347;05/09/2020;9593.68;2110.61;11704.29
FT-2020-21379;24/11/2020;2929.47;644.48;3573.95
FT-2020-21433;26/12/2020;6058.74;1332.92;7391.66
FT-2020-21502;26/07/2020;4584.95;1008.69;5593.64
FT-2020-21586;31/12/2020;5075.04;1116.51;6191.55
FT-2020-21609;29/05/2020;10812.24;2378.69;13190.93
FT-2020-21785;30/08/2020;6636.59;1460.05;8096.64
FT-2020-21977;24/10/2020;1190.44;261.90;1452.34
FT-2020-21990;30/11/2020;9066.44;1994.62;11061.06
FT-2020-22032;20/06/2020;1363.65;300.00;1663.65
FT-2020-22068;04/09/2020;6413.76;1411.03;7824.79
FT-2020-22131;20/08/2020;2797.51;615.45;3412.96
FT-2020-22341;29/08/2020;1829.70;402.53;2232.23
FT-2020-22463;21/06/2020;7769.12;1709.21;9478.33
FT-2020-22492;10/01/2021;7142.44;1571.34;8713.78
FT-2020-22513;06/12/2020;6501.08;1430.24;7931.32
FT-2020-22569;03/11/2020;2374.27;522.34;2896.61
FT-2020-22596;13/07/2020;7744.56;1703.80;9448.36
FT-2020-22636;10/09/2020;4856.99;1068.54;5925.53
FT-2020-22717;19/11/2020;3719.88;818.37;4538.25
FT-2020-22805;25/08/2020;10698.35;2353.64;13051.99
FT-2020-22819;07/11/2020;4219.82;928.36;5148.18
FT-2020-22841;26/04/2020;2102.87;462.63;2565.50
FT-2020-22844;21/08/2020;6039.04;1328.59;7367.63
FT-2020-23016;02/06/2020;781.12;171.85;952.97
FT-2020-23207;10/10/2020;3327.73;732.10;4059.83
FT-2020-23276;05/06/2020;4757.73;1046.70;5804.43
FT-2020-23506;04/11/2020;9141.84;2011.20;11153.04
FT-2020-23611;28/05/2020;931.79;204.99;1136.78
FT-2020-23675;05/12/2020;12772.07;2809.86;15581.93
FT-2020-23702;12/10/2020;5116.87;1125.71;6242.58
FT-2020-23756;25/12/2020;9586.41;2109.01;11695.42
FT-2020-23909;27/07/2020;13553.44;2981.76;16535.20
FT-2020-23931;02/06/2020;5033.55;1107.38;6140.93
FT-2020-23941;23/08/2020;747.83;164.52;912.35
FT-2020-24032;07/08/2020;505.49;111.21;616.70
FT-2020-24109;15/09/2020;10354.38;2277.96;12632.34
FT-2020-24153;30/12/2020;9600.03;2112.01;11712.04
FT-2020-24217;31/10/2020;11197.93;2463.54;13661.47
FT-2020-24275;24/07/2020;5271.26;1159.68;6430.94
FT-2020-24335;17/06/2020;2334.84;513.66;2848.50
FT-2020-24452;11/10/2020;509.18;112.02;621.20
FT-2020-24503;13/05/2020;11424.01;2513.28;13937.29
FT-2020-24744;20/05/2020;7247.23;1594.39;8841.62
FT-2020-24781;08/12/2020;1569.98;345.40;1915.38
FT-2020-24843;09/11/2020;9751.50;2145.33;11896.83
FT-2020-24952;14/12/2020;4266.14;938.55;5204.69
FT-2020-24972;06/11/2020;1433.24;315.31;1748.55
FT-2020-25016;30/09/2020;2720.80;598.58;3319.38
FT-2020-25036;16/04/2020;3829.67;842.53;4672.20
FT-2020-25068;06/08/2020;1153.85;253.85;1407.70
FT-2020-25111;28/11/2020;9912.91;2180.84;12093.75
FT-2020-25129;21/07/2020;2446.56;538.24;2984.80
FT-2020-25189;17/11/2020;3594.42;790.77;4385.19
FT-2020-25199;07/07/2020;4598.20;1011.60;5609.80
FT-2020-25224;13/07/2020;2979.03;655.39;3634.42
FT-2020-25369;12/12/2020;11347.82;2496.52;13844.34
FT-2020-25400;26/12/2020;4371.83;961.80;5333.63
FT-2020-25403;07/01/2021;914.38;201.16;1115.54
FT-2020-25446;20/11/2020;10312.89;2268.84;12581.73
FT-2020-25450;14/05/2020;8141.29;1791.08;9932.37
FT-2020-25454;08/10/2020;996.72;219.28;1216.00
FT-2020-25567;01/10/2020;8804.08;1936.90;10740.98
FT-2020-25627;20/10/2020;4658.11;1024.78;5682.89
FT-2020-25651;10/12/2020;6737.51;1482.25;8219.76
FT-2020-25688;25/10/2020;3202.34;704.51;3906.85
FT-2020-25701;10/12/2020;8104.40;1782.97;9887.37
FT-2020-25773;26/05/2020;12354.22;2717.93;15072.15
FT-2020-25782;19/09/2020;4586.15;1008.95;5595.10
FT-2020-25866;07/07/2020;8600.85;1892.19;10493.04
FT-2020-25911;25/02/2020;10446.02;2298.12;12744.14
FT-2020-25947;28/08/2020;9726.67;2139.87;11866.54
FT-2020-26010;08/11/2020;2163.25;475.92;2639.17
FT-2020-26250;11/10/2020;17592.68;3870.39;21463.07
FT-2020-26252;04/12/2020;6087.33;1339.21;7426.54
FT-2020-26540;08/12/2020;4750.52;1045.11;5795.63
FT-2020-26566;23/07/2020;2620.43;576.49;3196.92
FT-2020-26589;29/05/2020;6171.14;1357.65;7528.79
FT-2020-26597;11/05/2020;1281.35;281.90;1563.25
FT-2020-26661;04/05/2020;9766.05;2148.53;11914.58
FT-2020-26670;02/11/2020;14157.56;3114.66;17272.22
FT-2020-26677;25/05/2020;4473.23;984.11;5457.34
FT-2020-26693;07/01/2021;6547.89;1440.54;7988.43
FT-2020-26781;14/05/2020;4041.56;889.14;4930.70
FT-2020-27013;09/07/2020;5363.65;1180.00;6543.65
FT-2020-27121;01/01/2021;2163.50;475.97;2639.47
FT-2020-27137;02/01/2021;860.80;189.38;1050.18
FT-2020-27188;31/12/2020;11585.88;2548.89;14134.77
FT-2020-27219;13/10/2020;11311.73;2488.58;13800.31
FT-2020-27335;15/04/2020;1995.13;438.93;2434.06
FT-2020-27391;12/08/2020;6804.83;1497.06;8301.89
FT-2020-27403;01/09/2020;10853.02;2387.66;13240.68
FT-2020-27680;07/01/2021;7410.60;1630.33;9040.93
FT-2020-27684;24/12/2020;5431.77;1194.99;6626.76
FT-2020-27816;15/07/2020;4778.19;1051.20;5829.39
FT-2020-27882;20/07/2020;3053.50;671.77;3725.27
FT-2020-27918;04/03/2020;1136.83;250.10;1386.93
FT-2020-27968;25/10/2020;1202.22;264.49;1466.71
FT-2020-27986;30/09/2020;2092.40;460.33;2552.73
FT-2020-28014;01/09/2020;11498.33;2529.63;14027.96
FT-2020-28100;09/05/2020;7972.11;1753.86;9725.97
FT-2020-28110;13/11/2020;511.40;112.51;623.91
FT-2020-28217;30/07/2020;1281.28;281.88;1563.16
FT-2020-28438;07/09/2020;10206.01;2245.32;12451.33
FT-2020-28462;13/10/2020;8521.65;1874.76;10396.41
FT-2020-28561;15/11/2020;4081.97;898.03;4980.00
FT-2020-28568;20/04/2020;4075.66;896.65;4972.31
FT-2020-28592;03/07/2020;12121.95;2666.83;14788.78
FT-2020-28713;28/11/2020;2248.54;494.68;2743.22
FT-2020-28759;06/12/2020;3055.62;672.24;3727.86
FT-2020-28777;13/10/2020;4426.97;973.93;5400.90
FT-2020-28852;21/06/2020;1182.03;260.05;1442.08
FT-2020-28930;22/07/2020;3545.73;780.06;4325.79
FT-2020-28978;26/12/2020;14080.74;3097.76;17178.50
FT-2020-29012;26/08/2020;5480.75;1205.77;6686.52
FT-2020-29121;05/04/2020;1751.64;385.36;2137.00
FT-2020-29332;28/11/2020;6260.19;1377.24;7637.43
FT-2020-29365;07/11/2020;6287.61;1383.27;7670.88
FT-2020-29404;10/12/2020;3122.75;687.00;3809.75
FT-2020-29696;27/06/2020;3475.43;764.59;4240.02
FT-2020-29776;13/08/2020;10443.38;2297.54;12740.92
FT-2020-29779;09/09/2020;2442.21;537.29;2979.50
FT-2020-29839;19/08/2020;3292.82;724.42;4017.24
FT-2020-29981;15/12/2020;4835.38;1063.78;5899.16
FT-2020-30104;21/10/2020;6086.29;1338.98;7425.27
FT-2020-30299;19/12/2020;6473.90;1424.26;7898.16
FT-2020-30426;05/11/2020;4655.31;1024.17;5679.48
FT-2020-30442;20/06/2020;8570.60;1885.53;10456.13
FT-2020-30491;16/05/2020;1078.68;237.31;1315.99
FT-2020-30651;09/11/2020;7319.13;1610.21;8929.34
FT-2020-30699;25/05/2020;5472.72;1204.00;6676.72
FT-2020-30719;14/06/2020;3969.83;873.36;4843.19
FT-2020-30759;01/11/2020;4569.80;1005.36;5575.16
FT-2020-30762;15/08/2020;3153.60;693.79;3847.39
FT-2020-30765;12/10/2020;5371.57;1181.75;6553.32
FT-2020-30783;17/12/2020;5131.50;1128.93;6260.43
FT-2020-30794;17/12/2020;10143.79;2231.63;12375.42
FT-2020-30855;25/12/2020;3075.39;676.59;3751.98
FT-2020-30874;31/08/2020;9363.88;2060.05;11423.93
FT-2020-30982;30/12/2020;5335.35;1173.78;6509.13
FT-2020-30986;04/01/2021;2829.74;622.54;3452.28
FT-2020-31175;18/09/2020;7215.08;1587.32;8802.40
FT-2020-31242;22/04/2020;7707.25;1695.60;9402.85
FT-2020-31275;03/05/2020;1439.78;316.75;1756.53
FT-2020-31277;23/08/2020;528.41;116.25;644.66
FT-2020-31371;27/10/2020;15174.00;3338.28;18512.28
FT-2020-31445;18/07/2020;12611.40;2774.51;15385.91
FT-2020-31541;21/09/2020;2728.66;600.31;3328.97
FT-2020-31551;03/10/2020;10436.67;2296.07;12732.74
FT-2020-31643;23/08/2020;1861.45;409.52;2270.97
FT-2020-31752;28/10/2020;7079.03;1557.39;8636.42
FT-2020-31855;19/06/2020;6784.64;1492.62;8277.26
FT-2020-31870;10/10/2020;2329.98;512.60;2842.58
FT-2020-31894;01/06/2020;5903.60;1298.79;7202.39
FT-2020-31916;30/07/2020;6506.49;1431.43;7937.92
FT-2020-31939;04/11/2020;7662.87;1685.83;9348.70
FT-2020-32049;14/12/2020;14187.14;3121.17;17308.31
FT-2020-32097;12/12/2020;6894.80;1516.86;8411.66
FT-2020-32113;13/11/2020;5386.54;1185.04;6571.58
FT-2020-32203;22/05/2020;12922.81;2843.02;15765.83
FT-2020-32213;21/12/2020;14504.50;3190.99;17695.49
FT-2020-32328;20/10/2020;14875.09;3272.52;18147.61
FT-2020-32378;26/12/2020;1665.70;366.45;2032.15
FT-2020-32600;26/07/2020;10377.70;2283.09;12660.79
FT-2020-32668;23/11/2020;10084.79;2218.65;12303.44
FT-2020-32744;01/11/2020;5299.37;1165.86;6465.23
FT-2020-32811;07/08/2020;4342.08;955.26;5297.34
FT-2020-32990;19/10/2020;696.76;153.29;850.05
FT-2020-33257;02/10/2020;8705.62;1915.24;10620.86
FT-2020-33267;21/08/2020;3246.28;714.18;3960.46
FT-2020-33296;07/10/2020;8991.85;1978.21;10970.06
FT-2020-33405;09/07/2020;2444.41;537.77;2982.18
FT-2020-33517;11/06/2020;5437.83;1196.32;6634.15
FT-2020-33677;11/07/2020;7690.92;1692.00;9382.92
FT-2020-33786;20/12/2020;11782.15;2592.07;14374.22
FT-2020-33981;20/10/2020;3986.24;876.97;4863.21
FT-2020-34023;26/07/2020;1748.06;384.57;2132.63
FT-2020-34025;13/06/2020;6006.59;1321.45;7328.04
FT-2020-34030;06/12/2020;5191.88;1142.21;6334.09
FT-2020-34052;21/04/2020;1584.78;348.65;1933.43
FT-2020-34077;20/05/2020;1408.86;309.95;1718.81
FT-2020-34084;20/12/2020;2291.74;504.18;2795.92
FT-2020-34327;12/10/2020;7173.49;1578.17;8751.66
FT-2020-34330;14/12/2020;7690.11;1691.82;9381.93
FT-2020-34388;16/09/2020;1237.27;272.20;1509.47
FT-2020-34391;08/12/2020;11139.87;2450.77;13590.64
FT-2020-34404;10/05/2020;4787.58;1053.27;5840.85
FT-2020-34460;09/12/2020;5942.49;1307.35;7249.84
FT-2020-34497;11/09/2020;3031.06;666.83;3697.89
FT-2020-34529;01/05/2020;10360.00;2279.20;12639.20
FT-2020-34586;10/07/2020;4798.77;1055.73;5854.50
FT-2020-34641;24/08/2020;8405.45;1849.20;10254.65
FT-2020-34651;02/11/2020;4815.84;1059.48;5875.32
FT-2020-34677;23/10/2020;2519.62;554.32;3073.94
FT-2020-34757;20/07/2020;1146.99;252.34;1399.33
FT-2020-34791;05/12/2020;10458.29;2300.82;12759.11
FT-2020-34797;02/05/2020;2837.72;624.30;3462.02
FT-2020-35070;03/09/2020;8821.82;1940.80;10762.62
FT-2020-35125;09/11/2020;5183.46;1140.36;6323.82
FT-2020-35152;17/09/2020;3059.57;673.11;3732.68
FT-2020-35247;06/08/2020;3085.95;678.91;3764.86
FT-2020-35695;12/05/2020;1775.48;390.61;2166.09
FT-2020-35781;18/05/2020;1022.10;224.86;1246.96
FT-2020-35784;01/01/2021;6325.71;1391.66;7717.37
FT-2020-35859;28/08/2020;1920.45;422.50;2342.95
FT-2020-35977;19/10/2020;1738.82;382.54;2121.36
FT-2020-36038;14/10/2020;1837.90;404.34;2242.24
FT-2020-36092;27/12/2020;10648.95;2342.77;12991.72
FT-2020-36300;28/07/2020;9062.75;1993.81;11056.56
FT-2020-36319;03/11/2020;3366.27;740.58;4106.85
FT-2020-36631;14/05/2020;11139.73;2450.74;13590.47
FT-2020-36766;02/06/2020;1503.83;330.84;1834.67
FT-2020-36881;03/08/2020;10034.06;2207.49;12241.55
FT-2020-37027;11/11/2020;4290.22;943.85;5234.07
FT-2020-37082;17/11/2020;8885.42;1954.79;10840.21
FT-2020-37089;01/10/2020;15086.78;3319.09;18405.87
FT-2020-37235;06/08/2020;4322.29;950.90;5273.19
FT-2020-37241;24/10/2020;4868.09;1070.98;5939.07
FT-2020-37327;04/03/2020;771.97;169.83;941.80
FT-2020-37372;26/11/2020;5398.73;1187.72;6586.45
FT-2020-37452;29/11/2020;1698.60;373.69;2072.29
FT-2020-37507;18/08/2020;9001.40;1980.31;10981.71
FT-2020-37793;16/07/2020;2906.19;639.36;3545.55
FT-2020-37845;05/11/2020;14072.05;3095.85;17167.90
FT-2020-37912;16/08/2020;5183.78;1140.43;6324.21
FT-2020-37968;21/09/2020;5129.30;1128.45;6257.75
FT-2020-37987;19/12/2020;13974.66;3074.43;17049.09
FT-2020-38030;06/12/2020;7687.18;1691.18;9378.36
FT-2020-38133;05/09/2020;7983.95;1756.47;9740.42
FT-2020-38137;04/08/2020;7246.30;1594.19;8840.49
FT-2020-38525;17/05/2020;10623.52;2337.17;12960.69
FT-2020-38532;07/03/2020;11529.30;2536.45;14065.75
FT-2020-38573;25/10/2020;3812.01;838.64;4650.65
FT-2020-38615;09/06/2020;5312.86;1168.83;6481.69
FT-2020-38775;04/06/2020;1720.71;378.56;2099.27
FT-2020-38843;06/01/2021;1295.48;285.01;1580.49
FT-2020-38975;11/06/2020;9882.76;2174.21;12056.97
FT-2020-39019;01/01/2021;6533.87;1437.45;7971.32
FT-2020-39020;01/05/2020;10965.73;2412.46;13378.19
FT-2020-39033;27/07/2020;13414.27;2951.14;16365.41
FT-2020-39132;16/05/2020;6557.64;1442.68;8000.32
FT-2020-39158;21/11/2020;4032.93;887.24;4920.17
FT-2020-39237;07/06/2020;3772.24;829.89;4602.13
FT-2020-39357;03/12/2020;4000.44;880.10;4880.54
FT-2020-39371;24/09/2020;1541.61;339.15;1880.76
FT-2020-39437;12/12/2020;3471.49;763.73;4235.22
FT-2020-39467;24/08/2020;2277.95;501.15;2779.10
FT-2020-39493;13/03/2020;10681.38;2349.90;13031.28
FT-2020-39658;06/12/2020;3591.17;790.06;4381.23
FT-2020-39685;09/05/2020;4356.30;958.39;5314.69
FT-2020-39734;02/11/2020;9375.83;2062.68;11438.51
FT-2020-39788;29/11/2020;1659.31;365.05;2024.36
FT-2020-39847;07/05/2020;8441.01;1857.02;10298.03
FT-2020-39861;07/10/2020;9544.95;2099.89;11644.84
FT-2020-39933;25/12/2020;11203.64;2464.80;13668.44
FT-2020-40050;08/02/2020;7157.71;1574.70;8732.41
FT-2020-40056;24/08/2020;3572.27;785.90;4358.17
FT-2020-40125;25/11/2020;12764.80;2808.26;15573.06
FT-2020-40152;01/10/2020;1629.05;358.39;1987.44
FT-2020-40155;22/11/2020;7630.37;1678.68;9309.05
FT-2020-40200;09/10/2020;7378.39;1623.25;9001.64
FT-2020-40264;18/11/2020;4720.86;1038.59;5759.45
FT-2020-40266;04/09/2020;13687.80;3011.32;16699.12
FT-2020-40312;21/09/2020;3893.01;856.46;4749.47
FT-2020-40396;06/07/2020;1016.99;223.74;1240.73
FT-2020-40575;01/01/2021;9034.78;1987.65;11022.43
FT-2020-40726;09/12/2020;3607.99;793.76;4401.75
FT-2020-40734;26/06/2020;1249.81;274.96;1524.77
FT-2020-40760;05/08/2020;5154.67;1134.03;6288.70
FT-2020-40830;30/05/2020;469.42;103.27;572.69
FT-2020-40863;27/11/2020;6739.06;1482.59;8221.65
FT-2020-41005;09/01/2021;6996.88;1539.31;8536.19
FT-2020-41007;04/10/2020;4850.67;1067.15;5917.82
FT-2020-41023;25/11/2020;5274.38;1160.36;6434.74
FT-2020-41035;04/12/2020;11158.31;2454.83;13613.14
FT-2020-41045;24/12/2020;1476.94;324.93;1801.87
FT-2020-41180;03/01/2021;3039.82;668.76;3708.58
FT-2020-41228;01/04/2020;1478.65;325.30;1803.95
FT-2020-41280;11/10/2020;2253.40;495.75;2749.15
FT-2020-41381;03/05/2020;5493.74;1208.62;6702.36
FT-2020-41508;11/08/2020;5950.56;1309.12;7259.68
FT-2020-41625;21/04/2020;8909.15;1960.01;10869.16
FT-2020-41661;13/11/2020;3590.05;789.81;4379.86
FT-2020-41739;18/08/2020;12998.06;2859.57;15857.63
FT-2020-41801;07/10/2020;2075.64;456.64;2532.28
FT-2020-41856;28/07/2020;1808.15;397.79;2205.94
FT-2020-41913;26/04/2020;2995.62;659.04;3654.66
FT-2020-41956;15/03/2020;1580.60;347.73;1928.33
FT-2020-42016;11/08/2020;8985.90;1976.90;10962.80
FT-2020-42019;05/07/2020;6467.12;1422.77;7889.89
FT-2020-42051;01/12/2020;5662.96;1245.85;6908.81
FT-2020-42168;29/11/2020;1045.86;230.09;1275.95
FT-2020-42187;10/09/2020;2498.60;549.69;3048.29
FT-2020-42303;12/10/2020;7242.15;1593.27;8835.42
FT-2020-42551;05/06/2020;2433.85;535.45;2969.30
FT-2020-42583;26/07/2020;6298.84;1385.74;7684.58
FT-2020-42609;14/09/2020;2254.23;495.93;2750.16
FT-2020-42632;20/09/2020;6197.81;1363.52;7561.33
FT-2020-42651;04/11/2020;11662.45;2565.74;14228.19
FT-2020-42678;13/12/2020;10236.83;2252.10;12488.93
FT-2020-42748;03/10/2020;14641.21;3221.07;17862.28
FT-2020-42868;24/11/2020;5225.96;1149.71;6375.67
FT-2020-43019;17/09/2020;8171.28;1797.68;9968.96
FT-2020-43023;21/09/2020;4029.94;886.59;4916.53
FT-2020-43244;14/10/2020;6358.21;1398.81;7757.02
FT-2020-43245;24/09/2020;4246.51;934.23;5180.74
FT-2020-43335;18/11/2020;9295.53;2045.02;11340.55
FT-2020-43341;21/08/2020;8541.73;1879.18;10420.91
FT-2020-43344;25/06/2020;3160.55;695.32;3855.87
FT-2020-43620;18/06/2020;2863.47;629.96;3493.43
FT-2020-43647;26/01/2020;443.39;97.55;540.94
FT-2020-43684;24/08/2020;1718.12;377.99;2096.11
FT-2020-43694;26/10/2020;2431.26;534.88;2966.14
FT-2020-43765;06/08/2020;8695.23;1912.95;10608.18
FT-2020-43880;22/04/2020;2442.97;537.45;2980.42
FT-2020-43910;30/12/2020;6474.17;1424.32;7898.49
FT-2020-44115;31/12/2020;15209.34;3346.05;18555.39
FT-2020-44217;27/02/2020;4597.09;1011.36;5608.45
FT-2020-44248;17/05/2020;7393.07;1626.48;9019.55
FT-2020-44290;26/05/2020;4373.62;962.20;5335.82
FT-2020-44305;30/11/2020;3486.03;766.93;4252.96
FT-2020-44431;10/10/2020;8639.30;1900.65;10539.95
FT-2020-44573;25/12/2020;4355.48;958.21;5313.69
FT-2020-44814;20/12/2020;6767.99;1488.96;8256.95
FT-2020-44831;18/08/2020;3932.26;865.10;4797.36
FT-2020-44880;28/10/2020;1492.43;328.33;1820.76
FT-2020-44997;11/08/2020;13731.21;3020.87;16752.08
FT-2020-45099;07/08/2020;2488.15;547.39;3035.54
FT-2020-45106;12/03/2020;12313.09;2708.88;15021.97
FT-2020-45116;30/11/2020;1130.60;248.73;1379.33
FT-2020-45313;09/09/2020;11573.74;2546.22;14119.96
FT-2020-45375;10/06/2020;6817.26;1499.80;8317.06
FT-2020-45460;06/10/2020;8984.45;1976.58;10961.03
FT-2020-45695;09/10/2020;3542.38;779.32;4321.70
FT-2020-45744;21/08/2020;4487.22;987.19;5474.41
FT-2020-45815;29/12/2020;10680.48;2349.71;13030.19
FT-2020-45855;30/09/2020;4410.51;970.31;5380.82
FT-2020-45930;13/10/2020;1834.09;403.50;2237.59
FT-2020-46008;16/09/2020;9638.59;2120.49;11759.08
FT-2020-46156;28/11/2020;6527.33;1436.01;7963.34
FT-2020-46239;07/09/2020;3663.94;806.07;4470.01
FT-2020-46338;05/04/2020;2672.51;587.95;3260.46
FT-2020-46413;15/12/2020;5985.63;1316.84;7302.47
FT-2020-46415;30/03/2020;5943.03;1307.47;7250.50
FT-2020-46479;23/03/2020;7230.49;1590.71;8821.20
FT-2020-46491;12/04/2020;12113.03;2664.87;14777.90
FT-2020-46552;13/09/2020;6241.38;1373.10;7614.48
FT-2020-46559;21/07/2020;4248.06;934.57;5182.63
FT-2020-46622;06/10/2020;3587.40;789.23;4376.63
FT-2020-46673;04/11/2020;7968.91;1753.16;9722.07
FT-2020-46697;14/10/2020;11050.50;2431.11;13481.61
FT-2020-46699;06/01/2021;1733.06;381.27;2114.33
FT-2020-46796;25/07/2020;5152.72;1133.60;6286.32
FT-2020-46863;08/08/2020;2658.18;584.80;3242.98
FT-2020-46937;06/08/2020;2206.32;485.39;2691.71
FT-2020-46941;20/12/2020;1273.57;280.19;1553.76
FT-2020-46970;26/05/2020;2642.95;581.45;3224.40
FT-2020-47152;17/12/2020;5931.30;1304.89;7236.19
FT-2020-47498;19/04/2020;3426.17;753.76;4179.93
FT-2020-47517;30/12/2020;4144.78;911.85;5056.63
FT-2020-47547;27/12/2020;3511.26;772.48;4283.74
FT-2020-47686;11/12/2020;3931.13;864.85;4795.98
FT-2020-47758;18/12/2020;6473.20;1424.10;7897.30
FT-2020-47768;04/12/2020;6351.53;1397.34;7748.87
FT-2020-47821;06/05/2020;11806.50;2597.43;14403.93
FT-2020-47834;19/10/2020;3814.82;839.26;4654.08
FT-2020-47961;11/02/2020;14299.65;3145.92;17445.57
FT-2020-47973;25/06/2020;1566.13;344.55;1910.68
FT-2020-48099;14/07/2020;6884.81;1514.66;8399.47
FT-2020-48138;05/11/2020;13094.95;2880.89;15975.84
FT-2020-48234;01/08/2020;1197.00;263.34;1460.34
FT-2020-48300;08/10/2020;244.09;53.70;297.79
FT-2020-48382;05/11/2020;7332.29;1613.10;8945.39
FT-2020-48429;23/07/2020;12614.49;2775.19;15389.68
FT-2020-48707;23/12/2020;13157.05;2894.55;16051.60
FT-2020-48786;01/06/2020;6034.96;1327.69;7362.65
FT-2020-48803;03/05/2020;5833.45;1283.36;7116.81
FT-2020-48844;27/11/2020;5610.33;1234.27;6844.60
FT-2020-48911;02/10/2020;4200.52;924.11;5124.63
FT-2020-49135;16/11/2020;8395.37;1846.98;10242.35
FT-2020-49159;10/12/2020;5347.30;1176.41;6523.71
FT-2020-49175;13/12/2020;7542.77;1659.41;9202.18
FT-2020-49225;28/04/2020;2476.19;544.76;3020.95
FT-2020-49283;07/04/2020;5071.78;1115.79;6187.57
FT-2020-49366;11/09/2020;7050.03;1551.01;8601.04
FT-2020-49381;25/07/2020;2395.10;526.92;2922.02
FT-2020-49466;09/11/2020;2698.35;593.64;3291.99
FT-2020-49468;02/05/2020;11233.61;2471.39;13705.00
FT-2020-49569;25/05/2020;11468.53;2523.08;13991.61
FT-2020-49693;27/11/2020;2849.99;627.00;3476.99
FT-2020-49695;27/11/2020;7923.31;1743.13;9666.44
FT-2020-49720;11/09/2020;1749.79;384.95;2134.74
FT-2020-49794;14/12/2020;696.07;153.14;849.21
FT-2020-49828;12/11/2020;8922.65;1962.98;10885.63
FT-2020-49835;25/12/2020;781.88;172.01;953.89
FT-2020-49898;29/07/2020;4086.82;899.10;4985.92
FT-2020-49912;07/02/2020;6814.60;1499.21;8313.81
FT-2020-49932;08/07/2020;5458.40;1200.85;6659.25
FT-2020-50098;09/06/2020;3533.73;777.42;4311.15
FT-2020-50238;29/08/2020;1854.94;408.09;2263.03
FT-2020-50373;02/08/2020;1023.49;225.17;1248.66
FT-2020-50424;18/12/2020;5872.30;1291.91;7164.21
FT-2020-50540;03/10/2020;3076.75;676.88;3753.63
FT-2020-50596;29/09/2020;1069.53;235.30;1304.83
FT-2020-50690;06/11/2020;8744.62;1923.82;10668.44
FT-2020-50781;19/12/2020;10180.07;2239.62;12419.69
FT-2020-50973;23/12/2020;14693.70;3232.61;17926.31
FT-2020-51144;24/12/2020;5312.48;1168.75;6481.23
FT-2020-51162;02/10/2020;10309.46;2268.08;12577.54
FT-2020-51195;23/12/2020;8115.92;1785.50;9901.42
FT-2020-51836;02/06/2020;4774.99;1050.50;5825.49
FT-2020-51851;26/10/2020;3588.78;789.53;4378.31
FT-2020-51853;11/05/2020;6882.95;1514.25;8397.20
FT-2020-51896;29/09/2020;6243.31;1373.53;7616.84
FT-2020-51964;25/10/2020;5835.12;1283.73;7118.85
FT-2020-51977;25/05/2020;1443.70;317.61;1761.31
FT-2020-52118;05/12/2020;3387.72;745.30;4133.02
FT-2020-52261;22/08/2020;2247.22;494.39;2741.61
FT-2020-52277;19/05/2020;2610.94;574.41;3185.35
FT-2020-52288;06/11/2020;5174.44;1138.38;6312.82
FT-2020-52333;21/12/2020;8899.01;1957.78;10856.79
FT-2020-52535;02/09/2020;3198.20;703.60;3901.80
FT-2020-52586;22/06/2020;4549.76;1000.95;5550.71
FT-2020-52711;10/06/2020;12933.99;2845.48;15779.47
FT-2020-52716;21/09/2020;1375.10;302.52;1677.62
FT-2020-52723;07/07/2020;7344.42;1615.77;8960.19
FT-2020-52729;05/09/2020;6365.61;1400.43;7766.04
FT-2020-52789;30/12/2020;9830.14;2162.63;11992.77
FT-2020-52800;13/12/2020;13105.05;2883.11;15988.16
FT-2020-52805;19/11/2020;2856.75;628.49;3485.24
FT-2020-52907;19/07/2020;11652.75;2563.61;14216.36
FT-2020-52925;06/10/2020;5612.39;1234.73;6847.12
FT-2020-52994;08/04/2020;1324.72;291.44;1616.16
FT-2020-53022;08/11/2020;2141.94;471.23;2613.17
FT-2020-53153;25/06/2020;1302.51;286.55;1589.06
FT-2020-53172;25/08/2020;5265.51;1158.41;6423.92
FT-2020-53177;30/11/2020;7032.72;1547.20;8579.92
FT-2020-53183;31/10/2020;2233.33;491.33;2724.66
FT-2020-53289;04/10/2020;6686.72;1471.08;8157.80
FT-2020-53299;22/10/2020;4410.02;970.20;5380.22
FT-2020-53410;20/06/2020;1591.44;350.12;1941.56
FT-2020-53546;23/04/2020;691.74;152.18;843.92
FT-2020-53627;21/10/2020;4137.67;910.29;5047.96
FT-2020-53650;11/10/2020;8946.24;1968.17;10914.41
FT-2020-53740;28/05/2020;12427.09;2733.96;15161.05
FT-2020-53750;24/02/2020;13066.93;2874.72;15941.65
FT-2020-53809;29/10/2020;14316.19;3149.56;17465.75
FT-2020-53986;10/11/2020;1364.02;300.08;1664.10
FT-2020-54006;27/07/2020;8636.52;1900.03;10536.55
FT-2020-54258;03/08/2020;1534.88;337.67;1872.55
FT-2020-54325;07/09/2020;8066.86;1774.71;9841.57
FT-2020-54447;07/12/2020;1353.69;297.81;1651.50
FT-2020-54552;04/07/2020;14602.19;3212.48;17814.67
FT-2020-54606;08/11/2020;3035.65;667.84;3703.49
FT-2020-54802;28/09/2020;5392.48;1186.35;6578.83
FT-2020-55055;04/12/2020;3035.57;667.83;3703.40
FT-2020-55073;20/09/2020;2769.92;609.38;3379.30
FT-2020-55315;28/04/2020;6696.84;1473.30;8170.14
FT-2020-55404;23/10/2020;2278.55;501.28;2779.83
FT-2020-55519;31/08/2020;1392.91;306.44;1699.35
FT-2020-55568;10/08/2020;4361.67;959.57;5321.24
FT-2020-55656;04/11/2020;8728.89;1920.36;10649.25
FT-2020-55723;28/08/2020;11354.62;2498.02;13852.64
FT-2020-55779;14/10/2020;11930.01;2624.60;14554.61
FT-2020-55909;27/07/2020;1526.59;335.85;1862.44
FT-2020-56063;21/10/2020;9874.27;2172.34;12046.61
FT-2020-56078;13/10/2020;5575.43;1226.59;6802.02
FT-2020-56086;17/11/2020;3480.55;765.72;4246.27
FT-2020-56133;29/10/2020;6108.94;1343.97;7452.91
FT-2020-56252;23/12/2020;1565.33;344.37;1909.70
FT-2020-56819;21/12/2020;6047.82;1330.52;7378.34
FT-2020-56962;26/05/2020;12168.85;2677.15;14846.00
FT-2020-57077;28/03/2020;881.83;194.00;1075.83
FT-2020-57153;28/07/2020;1810.12;398.23;2208.35
FT-2020-57268;13/09/2020;3109.86;684.17;3794.03
FT-2020-57274;30/12/2020;2375.94;522.71;2898.65
FT-2020-57313;16/04/2020;10133.46;2229.36;12362.82
FT-2020-57456;04/12/2020;11683.26;2570.32;14253.58
FT-2020-57540;06/10/2020;7445.85;1638.09;9083.94
FT-2020-57721;13/11/2020;7149.92;1572.98;8722.90
FT-2020-57750;29/10/2020;5376.40;1182.81;6559.21
FT-2020-57886;05/11/2020;4981.36;1095.90;6077.26
FT-2020-57899;02/12/2020;5680.37;1249.68;6930.05
FT-2020-57980;29/11/2020;6756.49;1486.43;8242.92
FT-2020-58013;25/10/2020;6038.14;1328.39;7366.53
FT-2020-58016;20/10/2020;7953.57;1749.79;9703.36
FT-2020-58113;23/06/2020;9891.57;2176.15;12067.72
FT-2020-58137;04/01/2021;6229.11;1370.40;7599.51
FT-2020-58229;25/09/2020;3498.11;769.58;4267.69
FT-2020-58241;11/09/2020;2232.65;491.18;2723.83
FT-2020-58810;31/07/2020;12480.81;2745.78;15226.59
FT-2020-58913;08/11/2020;11635.75;2559.87;14195.62
FT-2020-59084;23/12/2020;3195.43;702.99;3898.42
FT-2020-59089;20/12/2020;9183.43;2020.35;11203.78
FT-2020-59103;31/12/2020;9603.28;2112.72;11716.00
FT-2020-59260;20/08/2020;5857.46;1288.64;7146.10
FT-2020-59286;24/11/2020;1427.95;314.15;1742.10
FT-2020-59590;25/12/2020;3992.12;878.27;4870.39
FT-2020-59602;21/09/2020;9505.62;2091.24;11596.86
FT-2020-59677;17/12/2020;7783.61;1712.39;9496.00
FT-2020-59738;20/11/2020;3315.27;729.36;4044.63
FT-2020-59842;05/12/2020;3956.86;870.51;4827.37
FT-2020-59864;28/02/2020;6593.34;1450.53;8043.87
FT-2020-59970;07/07/2020;4780.17;1051.64;5831.81
FT-2020-60152;10/12/2020;9989.59;2197.71;12187.30
FT-2020-60469;18/10/2020;1465.70;322.45;1788.15
FT-2020-60513;14/10/2020;11762.80;2587.82;14350.62
FT-2020-60565;23/05/2020;4369.89;961.38;5331.27
FT-2020-60590;29/02/2020;3933.85;865.45;4799.30
FT-2020-60691;07/09/2020;6187.46;1361.24;7548.70
FT-2020-60859;09/06/2020;7004.51;1540.99;8545.50
FT-2020-60930;28/09/2020;12545.28;2759.96;15305.24
FT-2020-61022;28/09/2020;2247.15;494.37;2741.52
FT-2020-61135;25/09/2020;3656.86;804.51;4461.37
FT-2020-61344;20/10/2020;8462.01;1861.64;10323.65
FT-2020-61358;24/06/2020;6191.91;1362.22;7554.13
FT-2020-61410;21/11/2020;2608.54;573.88;3182.42
FT-2020-61528;16/11/2020;11088.14;2439.39;13527.53
FT-2020-61577;06/09/2020;4429.79;974.55;5404.34
FT-2020-61614;02/11/2020;5237.41;1152.23;6389.64
FT-2020-61695;18/12/2020;14225.89;3129.70;17355.59
FT-2020-61738;05/06/2020;1176.94;258.93;1435.87
FT-2020-61763;01/10/2020;9037.50;1988.25;11025.75
FT-2020-61870;01/12/2020;2569.68;565.33;3135.01
FT-2020-61888;18/03/2020;4083.38;898.34;4981.72
FT-2020-61983;01/01/2021;12165.15;2676.33;14841.48
FT-2020-62025;08/10/2020;10289.80;2263.76;12553.56
FT-2020-62032;21/12/2020;792.12;174.27;966.39
FT-2020-62130;18/10/2020;5657.10;1244.56;6901.66
FT-2020-62193;11/10/2020;5247.57;1154.47;6402.04
FT-2020-62229;17/09/2020;4320.37;950.48;5270.85
FT-2020-62240;29/10/2020;1601.06;352.23;1953.29
FT-2020-62241;05/10/2020;574.39;126.37;700.76
FT-2020-62243;21/07/2020;698.94;153.77;852.71
FT-2020-62343;24/03/2020;2131.23;468.87;2600.10
FT-2020-62492;21/08/2020;3828.62;842.30;4670.92
FT-2020-62565;11/08/2020;5862.94;1289.85;7152.79
FT-2020-62666;21/02/2020;3486.39;767.01;4253.40
FT-2020-62743;02/06/2020;7296.35;1605.20;8901.55
FT-2020-62769;01/11/2020;618.90;136.16;755.06
FT-2020-62808;30/11/2020;11992.69;2638.39;14631.08
FT-2020-62862;26/04/2020;3156.85;694.51;3851.36
FT-2020-63194;21/05/2020;695.97;153.11;849.08
FT-2020-63242;01/05/2020;8495.68;1869.05;10364.73
FT-2020-63368;05/09/2020;4092.82;900.42;4993.24
FT-2020-63610;06/06/2020;2129.16;468.42;2597.58
FT-2020-63620;09/04/2020;445.42;97.99;543.41
FT-2020-63695;16/09/2020;11752.39;2585.53;14337.92
FT-2020-63810;24/12/2020;2134.94;469.69;2604.63
FT-2020-63966;20/08/2020;3359.17;739.02;4098.19
FT-2020-63971;29/11/2020;2824.92;621.48;3446.40
FT-2020-64053;18/04/2020;12394.43;2726.77;15121.20
FT-2020-64075;25/09/2020;2007.76;441.71;2449.47
FT-2020-64155;25/06/2020;11668.39;2567.05;14235.44
FT-2020-64270;10/10/2020;10840.24;2384.85;13225.09
FT-2020-64357;11/08/2020;1633.43;359.35;1992.78
FT-2020-64372;21/06/2020;4134.89;909.68;5044.57
FT-2020-64515;01/03/2020;5977.78;1315.11;7292.89
FT-2020-64788;21/05/2020;3431.66;754.97;4186.63
FT-2020-65039;29/10/2020;3620.52;796.51;4417.03
FT-2020-65074;26/10/2020;942.14;207.27;1149.41
FT-2020-65250;12/07/2020;6964.71;1532.24;8496.95
FT-2020-65368;31/12/2020;4766.28;1048.58;5814.86
FT-2020-65551;14/10/2020;2591.60;570.15;3161.75
FT-2020-65592;02/11/2020;4084.45;898.58;4983.03
FT-2020-65636;05/12/2020;7008.24;1541.81;8550.05
FT-2020-65857;31/12/2020;2196.07;483.14;2679.21
FT-2020-65939;05/12/2020;7721.00;1698.62;9419.62
FT-2020-65959;06/12/2020;5622.35;1236.92;6859.27
FT-2020-66008;15/05/2020;3619.95;796.39;4416.34
FT-2020-66043;04/12/2020;12360.05;2719.21;15079.26
FT-2020-66172;21/06/2020;5537.89;1218.34;6756.23
FT-2020-66195;07/12/2020;3215.09;707.32;3922.41
FT-2020-66211;29/07/2020;12876.16;2832.76;15708.92
FT-2020-66457;30/11/2020;15038.97;3308.57;18347.54
FT-2020-66582;13/12/2020;8137.48;1790.25;9927.73
FT-2020-66586;02/06/2020;473.53;104.18;577.71
FT-2020-66631;22/08/2020;3595.21;790.95;4386.16
FT-2020-66725;12/11/2020;4234.11;931.50;5165.61
FT-2020-66758;05/10/2020;2223.27;489.12;2712.39
FT-2020-66810;23/08/2020;7064.74;1554.24;8618.98
FT-2020-66864;25/04/2020;4626.47;1017.82;5644.29
FT-2020-67026;21/05/2020;1591.84;350.20;1942.04
FT-2020-67050;08/09/2020;5403.19;1188.70;6591.89
FT-2020-67063;21/10/2020;4015.12;883.33;4898.45
FT-2020-67066;26/03/2020;5083.03;1118.27;6201.30
FT-2020-67127;02/09/2020;11540.06;2538.81;14078.87
FT-2020-67259;31/05/2020;9203.11;2024.68;11227.79
FT-2020-67262;30/11/2020;3923.95;863.27;4787.22
FT-2020-67392;03/12/2020;10299.08;2265.80;12564.88
FT-2020-67412;18/12/2020;5596.02;1231.12;6827.14
FT-2020-67622;23/07/2020;7208.62;1585.90;8794.52
FT-2020-67696;07/06/2020;1174.36;258.36;1432.72
FT-2020-67713;18/09/2020;5973.22;1314.11;7287.33
FT-2020-67834;16/07/2020;2130.75;468.76;2599.51
FT-2020-67863;28/11/2020;11096.40;2441.21;13537.61
FT-2020-68164;29/08/2020;1147.60;252.47;1400.07
FT-2020-68344;13/12/2020;1153.28;253.72;1407.00
FT-2020-68369;31/07/2020;4421.84;972.80;5394.64
FT-2020-68420;23/10/2020;8789.54;1933.70;10723.24
FT-2020-68484;16/07/2020;4766.93;1048.72;5815.65
FT-2020-68485;05/01/2021;3343.28;735.52;4078.80
FT-2020-68514;20/06/2020;7033.97;1547.47;8581.44
FT-2020-68622;17/07/2020;3755.90;826.30;4582.20
FT-2020-68661;03/07/2020;6661.42;1465.51;8126.93
FT-2020-68862;30/10/2020;2830.22;622.65;3452.87
FT-2020-68898;08/10/2020;3278.49;721.27;3999.76
FT-2020-69028;11/07/2020;1169.29;257.24;1426.53
FT-2020-69057;22/12/2020;11260.16;2477.24;13737.40
FT-2020-69099;21/09/2020;3648.25;802.62;4450.87
FT-2020-69120;18/06/2020;755.65;166.24;921.89
FT-2020-69161;23/08/2020;6673.77;1468.23;8142.00
FT-2020-69179;13/11/2020;1045.43;229.99;1275.42
FT-2020-69381;02/10/2020;4458.20;980.80;5439.00
FT-2020-69398;19/12/2020;3683.57;810.39;4493.96
FT-2020-69404;05/10/2020;4998.86;1099.75;6098.61
FT-2020-69426;27/06/2020;2047.99;450.56;2498.55
FT-2020-69578;02/07/2020;5713.51;1256.97;6970.48
FT-2020-69632;19/04/2020;6271.57;1379.75;7651.32
FT-2020-69687;29/04/2020;2017.12;443.77;2460.89
FT-2020-69808;23/08/2020;2850.76;627.17;3477.93
FT-2020-69993;04/04/2020;7847.12;1726.37;9573.49
FT-2020-70141;11/08/2020;2234.77;491.65;2726.42
FT-2020-70753;06/12/2020;5557.96;1222.75;6780.71
FT-2020-70754;30/07/2020;1321.52;290.73;1612.25
FT-2020-70763;22/12/2020;13870.64;3051.54;16922.18
FT-2020-71024;08/09/2020;14489.34;3187.65;17676.99
FT-2020-71071;25/03/2020;1425.32;313.57;1738.89
FT-2020-71173;01/07/2020;13462.10;2961.66;16423.76
FT-2020-71312;05/05/2020;433.52;95.37;528.89
FT-2020-71321;13/03/2020;9378.22;2063.21;11441.43
FT-2020-71418;27/11/2020;7677.27;1689.00;9366.27
FT-2020-71457;01/10/2020;3996.14;879.15;4875.29
FT-2020-71554;16/12/2020;2391.58;526.15;2917.73
FT-2020-71708;16/10/2020;4711.21;1036.47;5747.68
FT-2020-71828;29/04/2020;1169.49;257.29;1426.78
FT-2020-71936;10/10/2020;2680.26;589.66;3269.92
FT-2020-71944;03/10/2020;12973.70;2854.21;15827.91
FT-2020-71960;27/11/2020;3371.39;741.71;4113.10
FT-2020-72131;06/08/2020;6050.12;1331.03;7381.15
FT-2020-72157;20/12/2020;16428.89;3614.36;20043.25
FT-2020-72193;05/12/2020;7577.54;1667.06;9244.60
FT-2020-72289;31/12/2020;1474.39;324.37;1798.76
FT-2020-72322;02/08/2020;5393.37;1186.54;6579.91
FT-2020-72411;07/06/2020;2468.22;543.01;3011.23
FT-2020-72428;16/05/2020;6274.39;1380.37;7654.76
FT-2020-72465;09/11/2020;12298.98;2705.78;15004.76
FT-2020-72552;31/07/2020;6851.13;1507.25;8358.38
FT-2020-72575;31/07/2020;2820.26;620.46;3440.72
FT-2020-72767;07/10/2020;588.49;129.47;717.96
FT-2020-72789;30/11/2020;1966.37;432.60;2398.97
FT-2020-72796;27/08/2020;9761.00;2147.42;11908.42
FT-2020-72891;29/09/2020;5798.31;1275.63;7073.94
FT-2020-72892;27/12/2020;14208.77;3125.93;17334.70
FT-2020-72995;12/07/2020;9683.48;2130.37;11813.85
FT-2020-73025;27/11/2020;7529.69;1656.53;9186.22
FT-2020-73037;05/10/2020;7396.83;1627.30;9024.13
FT-2020-73681;26/09/2020;6890.22;1515.85;8406.07
FT-2020-73729;27/11/2020;2738.09;602.38;3340.47
FT-2020-73731;17/06/2020;5395.90;1187.10;6583.00
FT-2020-73817;17/07/2020;5460.60;1201.33;6661.93
FT-2020-73839;26/11/2020;9201.42;2024.31;11225.73
FT-2020-73851;12/12/2020;12238.93;2692.56;14931.49
FT-2020-73937;11/10/2020;3438.96;756.57;4195.53
FT-2020-74000;24/10/2020;9886.82;2175.10;12061.92
FT-2020-74049;26/04/2020;2134.09;469.50;2603.59
FT-2020-74284;26/11/2020;5234.31;1151.55;6385.86
FT-2020-74296;11/03/2020;623.02;137.06;760.08
FT-2020-74326;21/12/2020;4296.13;945.15;5241.28
FT-2020-74424;24/11/2020;5935.54;1305.82;7241.36
FT-2020-74435;18/08/2020;9957.31;2190.61;12147.92
FT-2020-74540;04/09/2020;3509.62;772.12;4281.74
FT-2020-74580;16/06/2020;10430.95;2294.81;12725.76
FT-2020-74753;16/12/2020;1358.25;298.81;1657.06
FT-2020-74763;03/01/2021;876.29;192.78;1069.07
FT-2020-74804;29/12/2020;5318.47;1170.06;6488.53
FT-2020-74908;02/11/2020;9281.84;2042.00;11323.84
FT-2020-74978;09/10/2020;11645.12;2561.93;14207.05
FT-2020-75001;20/06/2020;1271.58;279.75;1551.33
FT-2020-75092;16/02/2020;13903.59;3058.79;16962.38
FT-2020-75175;08/08/2020;2761.22;607.47;3368.69
FT-2020-75420;16/08/2020;701.14;154.25;855.39
FT-2020-75450;26/12/2020;13718.57;3018.09;16736.66
FT-2020-75551;30/11/2020;1733.69;381.41;2115.10
FT-2020-75560;22/12/2020;3473.39;764.15;4237.54
FT-2020-75710;24/06/2020;3811.40;838.51;4649.91
FT-2020-75789;25/11/2020;2515.54;553.42;3068.96
FT-2020-75825;14/11/2020;1364.21;300.13;1664.34
FT-2020-76053;08/07/2020;12565.96;2764.51;15330.47
FT-2020-76156;26/10/2020;2384.89;524.68;2909.57
FT-2020-76172;27/10/2020;11327.27;2492.00;13819.27
FT-2020-76449;15/06/2020;5862.37;1289.72;7152.09
FT-2020-76502;30/07/2020;1357.52;298.65;1656.17
FT-2020-76621;23/10/2020;6712.41;1476.73;8189.14
FT-2020-76768;24/11/2020;9966.31;2192.59;12158.90
FT-2020-76773;10/05/2020;3107.58;683.67;3791.25
FT-2020-76870;30/10/2020;6850.61;1507.13;8357.74
FT-2020-76975;12/06/2020;4657.66;1024.69;5682.35
FT-2020-77158;13/03/2020;10464.53;2302.20;12766.73
FT-2020-77327;21/07/2020;4498.91;989.76;5488.67
FT-2020-77360;17/12/2020;4525.90;995.70;5521.60
FT-2020-77606;26/06/2020;2298.26;505.62;2803.88
FT-2020-77680;28/08/2020;4820.34;1060.47;5880.81
FT-2020-77725;17/08/2020;3837.32;844.21;4681.53
FT-2020-77746;15/12/2020;5101.13;1122.25;6223.38
FT-2020-77765;18/07/2020;14493.84;3188.64;17682.48
FT-2020-78108;11/08/2020;3473.10;764.08;4237.18
FT-2020-78174;03/08/2020;10400.44;2288.10;12688.54
FT-2020-78231;09/11/2020;3480.71;765.76;4246.47
FT-2020-78266;11/11/2020;4481.80;986.00;5467.80
FT-2020-78278;24/09/2020;7381.52;1623.93;9005.45
FT-2020-78507;02/12/2020;11937.58;2626.27;14563.85
FT-2020-78535;14/06/2020;631.87;139.01;770.88
FT-2020-78550;03/10/2020;12141.46;2671.12;14812.58
FT-2020-78580;23/10/2020;10689.90;2351.78;13041.68
FT-2020-78855;27/10/2020;6951.39;1529.31;8480.70
FT-2020-78900;02/04/2020;5261.29;1157.48;6418.77
FT-2020-78910;25/08/2020;3760.71;827.36;4588.07
FT-2020-78937;04/11/2020;9264.79;2038.25;11303.04
FT-2020-78968;29/12/2020;4187.17;921.18;5108.35
FT-2020-78973;11/12/2020;8329.57;1832.51;10162.08
FT-2020-79043;25/05/2020;7581.77;1667.99;9249.76
FT-2020-79078;30/07/2020;9134.57;2009.61;11144.18
FT-2020-79090;13/02/2020;2292.68;504.39;2797.07
FT-2020-79152;14/06/2020;3823.74;841.22;4664.96
FT-2020-79344;17/02/2020;400.69;88.15;488.84
FT-2020-79364;07/09/2020;3949.96;868.99;4818.95
FT-2020-79467;11/08/2020;4103.19;902.70;5005.89
FT-2020-79496;06/09/2020;7652.66;1683.59;9336.25
FT-2020-79498;26/08/2020;9512.22;2092.69;11604.91
FT-2020-79561;20/03/2020;1032.31;227.11;1259.42
FT-2020-79586;16/04/2020;7898.84;1737.74;9636.58
FT-2020-79596;10/12/2020;1852.18;407.48;2259.66
FT-2020-79647;07/07/2020;3355.91;738.30;4094.21
FT-2020-79669;28/08/2020;4432.82;975.22;5408.04
FT-2020-79712;04/08/2020;1009.63;222.12;1231.75
FT-2020-79971;30/08/2020;5431.49;1194.93;6626.42
FT-2020-80048;21/08/2020;11741.50;2583.13;14324.63
FT-2020-80094;06/12/2020;7859.14;1729.01;9588.15
FT-2020-80157;27/11/2020;9608.33;2113.83;11722.16
FT-2020-80497;29/09/2020;2010.25;442.25;2452.50
FT-2020-80509;16/11/2020;4194.99;922.90;5117.89
FT-2020-80547;20/05/2020;11188.84;2461.54;13650.38
FT-2020-80558;05/06/2020;13800.53;3036.12;16836.65
FT-2020-80585;29/12/2020;6175.76;1358.67;7534.43
FT-2020-80718;23/08/2020;12869.24;2831.23;15700.47
FT-2020-80758;28/05/2020;1315.38;289.38;1604.76
FT-2020-80871;07/11/2020;7621.88;1676.81;9298.69
FT-2020-81055;30/09/2020;5933.17;1305.30;7238.47
FT-2020-81195;06/12/2020;1932.65;425.18;2357.83
FT-2020-81222;21/06/2020;5803.59;1276.79;7080.38
FT-2020-81492;15/03/2020;4010.59;882.33;4892.92
FT-2020-81497;18/12/2020;681.39;149.91;831.30
FT-2020-81545;30/12/2020;2495.60;549.03;3044.63
FT-2020-81572;05/12/2020;2990.90;658.00;3648.90
FT-2020-81573;23/11/2020;7749.92;1704.98;9454.90
FT-2020-81659;02/11/2020;318.16;70.00;388.16
FT-2020-81699;14/07/2020;1271.31;279.69;1551.00
FT-2020-81805;18/12/2020;3358.03;738.77;4096.80
FT-2020-81897;28/12/2020;7537.87;1658.33;9196.20
FT-2020-82047;23/08/2020;4963.17;1091.90;6055.07
FT-2020-82119;06/09/2020;1589.96;349.79;1939.75
FT-2020-82126;13/05/2020;7559.24;1663.03;9222.27
FT-2020-82157;03/10/2020;4288.90;943.56;5232.46
FT-2020-82194;30/12/2020;1024.82;225.46;1250.28
FT-2020-82234;24/11/2020;752.34;165.51;917.85
FT-2020-82309;04/05/2020;5267.63;1158.88;6426.51
FT-2020-82363;05/10/2020;1506.50;331.43;1837.93
FT-2020-82372;02/11/2020;10667.38;2346.82;13014.20
FT-2020-82485;15/08/2020;12327.26;2712.00;15039.26
FT-2020-82574;01/11/2020;8575.10;1886.52;10461.62
FT-2020-82615;30/11/2020;9839.98;2164.80;12004.78
FT-2020-82684;27/11/2020;11945.46;2628.00;14573.46
FT-2020-82695;08/09/2020;1584.29;348.54;1932.83
FT-2020-82905;29/02/2020;1409.90;310.18;1720.08
FT-2020-82992;19/08/2020;3774.10;830.30;4604.40
FT-2020-83125;05/07/2020;838.27;184.42;1022.69
FT-2020-83171;07/06/2020;6380.70;1403.75;7784.45
FT-2020-83197;16/09/2020;932.31;205.11;1137.42
FT-2020-83308;16/08/2020;2886.69;635.07;3521.76
FT-2020-83322;19/11/2020;5772.72;1270.00;7042.72
FT-2020-83462;23/06/2020;9275.32;2040.57;11315.89
FT-2020-83676;15/04/2020;1583.23;348.31;1931.54
FT-2020-83736;29/10/2020;4626.16;1017.76;5643.92
FT-2020-83809;08/09/2020;3870.89;851.60;4722.49
FT-2020-83861;29/12/2020;11529.88;2536.57;14066.45
FT-2020-83976;13/07/2020;2395.52;527.01;2922.53
FT-2020-84032;06/10/2020;5083.40;1118.35;6201.75
FT-2020-84044;26/11/2020;3022.93;665.04;3687.97
FT-2020-84270;07/07/2020;1423.05;313.07;1736.12
FT-2020-84466;15/10/2020;3390.96;746.01;4136.97
FT-2020-84468;04/01/2021;5120.94;1126.61;6247.55
FT-2020-84700;13/05/2020;10452.82;2299.62;12752.44
FT-2020-84716;14/11/2020;5037.63;1108.28;6145.91
FT-2020-84831;24/12/2020;3451.85;759.41;4211.26
FT-2020-84848;29/07/2020;2109.04;463.99;2573.03
FT-2020-84859;06/08/2020;12565.80;2764.48;15330.28
FT-2020-84901;10/07/2020;7136.91;1570.12;8707.03
FT-2020-84911;06/09/2020;13321.63;2930.76;16252.39
FT-2020-84959;25/11/2020;2598.99;571.78;3170.77
FT-2020-85100;04/06/2020;2806.29;617.38;3423.67
FT-2020-85183;16/11/2020;10659.45;2345.08;13004.53
FT-2020-85634;11/11/2020;6596.62;1451.26;8047.88
FT-2020-85704;13/08/2020;7188.75;1581.53;8770.28
FT-2020-86009;06/11/2020;4799.48;1055.89;5855.37
FT-2020-86194;24/10/2020;1082.52;238.15;1320.67
FT-2020-86230;01/05/2020;3629.08;798.40;4427.48
FT-2020-86292;09/10/2020;4196.29;923.18;5119.47
FT-2020-86304;04/07/2020;5784.60;1272.61;7057.21
FT-2020-86419;18/11/2020;3079.06;677.39;3756.45
FT-2020-86566;09/10/2020;813.58;178.99;992.57
FT-2020-86699;24/11/2020;4351.68;957.37;5309.05
FT-2020-86855;15/12/2020;825.97;181.71;1007.68
FT-2020-86857;21/09/2020;6053.36;1331.74;7385.10
FT-2020-87006;25/10/2020;4743.25;1043.52;5786.77
FT-2020-87070;05/10/2020;1179.21;259.43;1438.64
FT-2020-87161;20/06/2020;3632.51;799.15;4431.66
FT-2020-87165;22/07/2020;6889.61;1515.71;8405.32
FT-2020-87300;26/09/2020;5227.85;1150.13;6377.98
FT-2020-87433;11/09/2020;11695.82;2573.08;14268.90
FT-2020-87605;06/01/2021;1357.00;298.54;1655.54
FT-2020-87724;11/06/2020;3000.64;660.14;3660.78
FT-2020-87768;24/06/2020;6591.17;1450.06;8041.23
FT-2020-87798;02/10/2020;7217.41;1587.83;8805.24
FT-2020-87976;25/11/2020;6457.67;1420.69;7878.36
FT-2020-88103;21/11/2020;10188.75;2241.53;12430.28
FT-2020-88263;07/08/2020;3939.40;866.67;4806.07
FT-2020-88347;26/05/2020;3844.57;845.81;4690.38
FT-2020-88390;07/11/2020;5620.75;1236.57;6857.32
FT-2020-88418;28/10/2020;4627.17;1017.98;5645.15
FT-2020-88449;29/11/2020;12464.30;2742.15;15206.45
FT-2020-88458;24/08/2020;6038.21;1328.41;7366.62
FT-2020-88623;31/05/2020;4809.69;1058.13;5867.82
FT-2020-88755;20/11/2020;3122.78;687.01;3809.79
FT-2020-88850;06/07/2020;432.31;95.11;527.42
FT-2020-88955;25/05/2020;7300.98;1606.22;8907.20
FT-2020-88965;05/02/2020;8597.66;1891.49;10489.15
FT-2020-88973;19/10/2020;1281.44;281.92;1563.36
FT-2020-89574;19/11/2020;5416.94;1191.73;6608.67
FT-2020-89657;06/08/2020;8553.11;1881.68;10434.79
FT-2020-89664;11/07/2020;10074.40;2216.37;12290.77
FT-2020-89718;27/05/2020;4527.64;996.08;5523.72
FT-2020-89735;20/07/2020;14641.39;3221.11;17862.50
FT-2020-89818;11/09/2020;3887.06;855.15;4742.21
FT-2020-89955;04/09/2020;8546.27;1880.18;10426.45
FT-2020-90055;15/10/2020;10041.62;2209.16;12250.78
FT-2020-90067;17/11/2020;7204.08;1584.90;8788.98
FT-2020-90323;09/12/2020;12948.89;2848.76;15797.65
FT-2020-90330;27/04/2020;13149.20;2892.82;16042.02
FT-2020-90395;08/12/2020;7621.09;1676.64;9297.73
FT-2020-90452;30/06/2020;7007.78;1541.71;8549.49
FT-2020-90482;20/03/2020;7808.04;1717.77;9525.81
FT-2020-90542;23/02/2020;6214.29;1367.14;7581.43
FT-2020-90619;02/11/2020;3019.88;664.37;3684.25
FT-2020-90755;22/08/2020;13785.11;3032.72;16817.83
FT-2020-90835;01/10/2020;3482.30;766.11;4248.41
FT-2020-90839;08/11/2020;3880.39;853.69;4734.08
FT-2020-90857;26/11/2020;1695.11;372.92;2068.03
FT-2020-90891;24/10/2020;4056.23;892.37;4948.60
FT-2020-90906;29/12/2020;1512.16;332.68;1844.84
FT-2020-90911;10/01/2021;9684.32;2130.55;11814.87
FT-2020-90958;13/04/2020;1993.19;438.50;2431.69
FT-2020-90981;18/02/2020;3932.52;865.15;4797.67
FT-2020-91003;19/09/2020;1069.56;235.30;1304.86
FT-2020-91057;27/11/2020;1410.32;310.27;1720.59
FT-2020-91211;02/11/2020;2948.72;648.72;3597.44
FT-2020-91235;26/07/2020;1050.98;231.22;1282.20
FT-2020-91315;02/10/2020;15250.83;3355.18;18606.01
FT-2020-91368;03/03/2020;5355.96;1178.31;6534.27
FT-2020-91450;17/07/2020;3694.86;812.87;4507.73
FT-2020-91465;13/09/2020;1284.69;282.63;1567.32
FT-2020-91486;02/01/2021;1378.01;303.16;1681.17
FT-2020-91496;20/07/2020;9003.09;1980.68;10983.77
FT-2020-91634;14/08/2020;3359.64;739.12;4098.76
FT-2020-91637;17/10/2020;8900.68;1958.15;10858.83
FT-2020-91875;24/08/2020;9061.02;1993.42;11054.44
FT-2020-91890;05/10/2020;10504.44;2310.98;12815.42
FT-2020-91933;08/08/2020;4835.61;1063.83;5899.44
FT-2020-92115;26/06/2020;7762.63;1707.78;9470.41
FT-2020-92197;20/05/2020;3832.69;843.19;4675.88
FT-2020-92243;14/02/2020;2656.90;584.52;3241.42
FT-2020-92290;15/07/2020;1390.07;305.82;1695.89
FT-2020-92343;03/01/2021;5740.76;1262.97;7003.73
FT-2020-92554;01/01/2021;1945.87;428.09;2373.96
FT-2020-92575;13/10/2020;9132.45;2009.14;11141.59
FT-2020-92715;03/10/2020;7082.53;1558.16;8640.69
FT-2020-92844;10/07/2020;9805.49;2157.21;11962.70
FT-2020-93137;27/12/2020;1418.55;312.08;1730.63
FT-2020-93211;26/03/2020;7422.58;1632.97;9055.55
FT-2020-93320;20/11/2020;7065.17;1554.34;8619.51
FT-2020-93355;29/12/2020;5467.80;1202.92;6670.72
FT-2020-93379;10/10/2020;7402.15;1628.47;9030.62
FT-2020-93391;22/10/2020;2117.97;465.95;2583.92
FT-2020-93401;15/10/2020;3027.15;665.97;3693.12
FT-2020-93588;24/02/2020;3936.15;865.95;4802.10
FT-2020-93598;13/12/2020;4424.03;973.29;5397.32
FT-2020-93660;13/02/2020;6180.63;1359.74;7540.37
FT-2020-93777;30/10/2020;11415.81;2511.48;13927.29
FT-2020-94028;14/09/2020;1478.05;325.17;1803.22
FT-2020-94073;24/11/2020;3677.60;809.07;4486.67
FT-2020-94184;20/10/2020;1520.09;334.42;1854.51
FT-2020-94335;17/06/2020;2632.92;579.24;3212.16
FT-2020-94350;07/09/2020;2701.68;594.37;3296.05
FT-2020-94489;16/08/2020;965.80;212.48;1178.28
FT-2020-94658;23/10/2020;10100.63;2222.14;12322.77
FT-2020-94660;11/06/2020;2864.24;630.13;3494.37
FT-2020-94851;04/04/2020;6868.30;1511.03;8379.33
FT-2020-95077;28/03/2020;3814.72;839.24;4653.96
FT-2020-95133;26/02/2020;5512.14;1212.67;6724.81
FT-2020-95164;23/09/2020;2788.73;613.52;3402.25
FT-2020-95245;17/08/2020;1470.08;323.42;1793.50
FT-2020-95257;17/12/2020;10746.48;2364.23;13110.71
FT-2020-95286;29/05/2020;12603.41;2772.75;15376.16
FT-2020-95371;19/12/2020;5768.92;1269.16;7038.08
FT-2020-95665;07/10/2020;11666.80;2566.70;14233.50
FT-2020-95682;20/10/2020;4737.30;1042.21;5779.51
FT-2020-95744;08/04/2020;1997.95;439.55;2437.50
FT-2020-95797;27/11/2020;2952.60;649.57;3602.17
FT-2020-95820;25/07/2020;10504.24;2310.93;12815.17
FT-2020-95836;27/11/2020;6253.41;1375.75;7629.16
FT-2020-95856;04/09/2020;5057.35;1112.62;6169.97
FT-2020-95882;26/08/2020;8778.41;1931.25;10709.66
FT-2020-95944;23/09/2020;8148.27;1792.62;9940.89
FT-2020-96019;16/05/2020;11353.02;2497.66;13850.68
FT-2020-96097;07/07/2020;6640.85;1460.99;8101.84
FT-2020-96209;13/10/2020;13045.00;2869.90;15914.90
FT-2020-96299;25/07/2020;5162.23;1135.69;6297.92
FT-2020-96407;29/08/2020;11241.01;2473.02;13714.03
FT-2020-96432;27/04/2020;11246.71;2474.28;13720.99
FT-2020-96613;18/08/2020;10428.60;2294.29;12722.89
FT-2020-96833;27/07/2020;12640.90;2781.00;15421.90
FT-2020-96890;23/11/2020;1937.66;426.29;2363.95
FT-2020-96937;27/12/2020;6292.27;1384.30;7676.57
FT-2020-97037;06/10/2020;6518.47;1434.06;7952.53
FT-2020-97040;25/07/2020;6834.35;1503.56;8337.91
FT-2020-97049;25/06/2020;3553.30;781.73;4335.03
FT-2020-97244;05/10/2020;10311.50;2268.53;12580.03
FT-2020-97342;15/06/2020;4618.54;1016.08;5634.62
FT-2020-97469;08/07/2020;1189.93;261.78;1451.71
FT-2020-97809;29/04/2020;3728.05;820.17;4548.22
FT-2020-97839;28/06/2020;1424.92;313.48;1738.40
FT-2020-98000;13/11/2020;7252.38;1595.52;8847.90
FT-2020-98290;26/07/2020;5379.02;1183.38;6562.40
FT-2020-98291;06/11/2020;7225.02;1589.50;8814.52
FT-2020-98295;12/05/2020;932.94;205.25;1138.19
FT-2020-98438;16/09/2020;757.24;166.59;923.83
FT-2020-98559;23/06/2020;5986.37;1317.00;7303.37
FT-2020-98609;08/10/2020;2289.25;503.63;2792.88
FT-2020-98837;30/09/2020;5570.65;1225.54;6796.19
FT-2020-98919;16/10/2020;9451.98;2079.44;11531.42
FT-2020-99003;09/08/2020;3161.48;695.53;3857.01
FT-2020-99070;24/09/2020;4262.43;937.73;5200.16
FT-2020-99279;23/06/2020;1032.72;227.20;1259.92
FT-2020-99366;01/01/2021;4791.30;1054.09;5845.39
FT-2020-99400;10/12/2020;10049.22;2210.83;12260.05
FT-2020-99438;25/11/2020;3054.21;671.93;3726.14
FT-2020-99749;15/06/2020;9343.72;2055.62;11399.34
FT-2020-99853;16/11/2020;5722.34;1258.91;6981.25
FT-2020-99881;01/01/2021;2105.60;463.23;2568.83
FT-2020-99943;27/09/2020;2171.62;477.76;2649.38
FT-2021-00015;26/01/2021;7620.38;1676.48;9296.86
FT-2021-00104;14/11/2021;5966.16;1312.56;7278.72
FT-2021-00105;15/12/2021;10844.11;2385.70;13229.81
FT-2021-00158;10/06/2021;2271.07;499.64;2770.71
FT-2021-00176;02/07/2021;10716.63;2357.66;13074.29
FT-2021-00177;26/02/2021;4056.60;892.45;4949.05
FT-2021-00189;29/12/2021;5100.75;1122.16;6222.91
FT-2021-00204;24/12/2021;5309.08;1168.00;6477.08
FT-2021-00303;14/11/2021;3252.57;715.57;3968.14
FT-2021-00341;17/06/2021;14594.01;3210.68;17804.69
FT-2021-00362;21/11/2021;3054.80;672.06;3726.86
FT-2021-00367;15/09/2021;1754.51;385.99;2140.50
FT-2021-00473;11/12/2021;9600.16;2112.04;11712.20
FT-2021-00474;21/04/2021;1503.46;330.76;1834.22
FT-2021-00540;01/10/2021;1107.09;243.56;1350.65
FT-2021-00551;19/10/2021;3611.21;794.47;4405.68
FT-2021-00598;29/07/2021;8706.77;1915.49;10622.26
FT-2021-00613;04/11/2021;6129.85;1348.57;7478.42
FT-2021-00618;28/12/2021;3347.83;736.52;4084.35
FT-2021-00623;05/08/2021;1014.89;223.28;1238.17
FT-2021-00665;07/05/2021;5872.18;1291.88;7164.06
FT-2021-00753;26/07/2021;3190.87;701.99;3892.86
FT-2021-00754;09/07/2021;1870.22;411.45;2281.67
FT-2021-00785;22/11/2021;3545.68;780.05;4325.73
FT-2021-00864;19/11/2021;2030.46;446.70;2477.16
FT-2021-00868;21/12/2021;3597.90;791.54;4389.44
FT-2021-00907;13/09/2021;2642.34;581.31;3223.65
FT-2021-00998;01/05/2021;10568.11;2324.98;12893.09
FT-2021-01074;03/12/2021;6136.27;1349.98;7486.25
FT-2021-01097;13/01/2021;10124.63;2227.42;12352.05
FT-2021-01106;01/04/2021;5954.17;1309.92;7264.09
FT-2021-01110;18/12/2021;11409.38;2510.06;13919.44
FT-2021-01119;10/04/2021;10101.94;2222.43;12324.37
FT-2021-01154;20/04/2021;3243.18;713.50;3956.68
FT-2021-01215;16/04/2021;2100.01;462.00;2562.01
FT-2021-01238;11/03/2021;10435.68;2295.85;12731.53
FT-2021-01284;19/11/2021;3467.88;762.93;4230.81
FT-2021-01292;17/09/2021;6059.99;1333.20;7393.19
FT-2021-01320;11/11/2021;2516.28;553.58;3069.86
FT-2021-01380;03/12/2021;1874.45;412.38;2286.83
FT-2021-01388;25/07/2021;3694.01;812.68;4506.69
FT-2021-01492;08/12/2021;9376.04;2062.73;11438.77
FT-2021-01571;12/07/2021;6145.58;1352.03;7497.61
FT-2021-01634;30/01/2021;7672.62;1687.98;9360.60
FT-2021-01666;06/01/2022;9080.22;1997.65;11077.87
FT-2021-01678;28/05/2021;2562.35;563.72;3126.07
FT-2021-01738;01/07/2021;5929.30;1304.45;7233.75
FT-2021-01754;10/05/2021;3353.30;737.73;4091.03
FT-2021-01825;13/09/2021;13308.66;2927.91;16236.57
FT-2021-01874;29/06/2021;10499.37;2309.86;12809.23
FT-2021-01971;25/03/2021;12642.39;2781.33;15423.72
FT-2021-02047;05/12/2021;13208.22;2905.81;16114.03
FT-2021-02099;15/05/2021;5933.45;1305.36;7238.81
FT-2021-02105;01/09/2021;10516.55;2313.64;12830.19
FT-2021-02155;18/04/2021;6375.06;1402.51;7777.57
FT-2021-02299;27/03/2021;12460.78;2741.37;15202.15
FT-2021-02317;07/08/2021;9650.51;2123.11;11773.62
FT-2021-02350;07/06/2021;1163.59;255.99;1419.58
FT-2021-02405;20/08/2021;9067.41;1994.83;11062.24
FT-2021-02407;12/04/2021;11690.50;2571.91;14262.41
FT-2021-02439;27/12/2021;2396.09;527.14;2923.23
FT-2021-02524;02/09/2021;8302.15;1826.47;10128.62
FT-2021-02527;24/02/2021;3068.99;675.18;3744.17
FT-2021-02552;16/08/2021;4708.47;1035.86;5744.33
FT-2021-02602;21/12/2021;5258.65;1156.90;6415.55
FT-2021-02616;15/05/2021;4256.82;936.50;5193.32
FT-2021-02623;21/01/2021;1147.00;252.34;1399.34
FT-2021-02667;17/09/2021;3951.90;869.42;4821.32
FT-2021-02674;28/12/2021;9841.91;2165.22;12007.13
FT-2021-02705;24/11/2021;3322.72;731.00;4053.72
FT-2021-02723;06/11/2021;7312.65;1608.78;8921.43
FT-2021-02745;13/09/2021;1320.73;290.56;1611.29
FT-2021-02762;03/07/2021;4744.52;1043.79;5788.31
FT-2021-02831;24/07/2021;2227.08;489.96;2717.04
FT-2021-02833;09/07/2021;13114.95;2885.29;16000.24
FT-2021-02922;11/12/2021;13689.94;3011.79;16701.73
FT-2021-02978;25/01/2021;4658.08;1024.78;5682.86
FT-2021-03010;10/07/2021;5309.02;1167.98;6477.00
FT-2021-03011;23/01/2021;3106.31;683.39;3789.70
FT-2021-03015;07/10/2021;935.70;205.85;1141.55
FT-2021-03058;16/12/2021;2965.78;652.47;3618.25
FT-2021-03059;22/09/2021;11594.67;2550.83;14145.50
FT-2021-03092;03/03/2021;4118.42;906.05;5024.47
FT-2021-03117;18/05/2021;1039.37;228.66;1268.03
FT-2021-03126;12/10/2021;15754.12;3465.91;19220.03
FT-2021-03156;26/09/2021;12545.82;2760.08;15305.90
FT-2021-03194;30/10/2021;6224.84;1369.46;7594.30
FT-2021-03286;08/07/2021;10142.44;2231.34;12373.78
FT-2021-03422;03/08/2021;12248.09;2694.58;14942.67
FT-2021-03431;16/06/2021;9401.47;2068.32;11469.79
FT-2021-03576;14/11/2021;7437.65;1636.28;9073.93
FT-2021-03660;23/07/2021;5272.86;1160.03;6432.89
FT-2021-03747;13/10/2021;8917.38;1961.82;10879.20
FT-2021-03760;26/10/2021;912.84;200.82;1113.66
FT-2021-03792;31/08/2021;5975.83;1314.68;7290.51
FT-2021-03793;12/10/2021;2130.15;468.63;2598.78
FT-2021-03826;03/07/2021;9120.88;2006.59;11127.47
FT-2021-03854;03/05/2021;1469.95;323.39;1793.34
FT-2021-03873;18/04/2021;6582.01;1448.04;8030.05
FT-2021-03929;20/05/2021;7293.61;1604.59;8898.20
FT-2021-03983;13/06/2021;4764.08;1048.10;5812.18
FT-2021-04020;02/01/2022;8977.89;1975.14;10953.03
FT-2021-04022;03/12/2021;1524.83;335.46;1860.29
FT-2021-04042;24/11/2021;5285.15;1162.73;6447.88
FT-2021-04054;17/11/2021;10861.21;2389.47;13250.68
FT-2021-04196;19/07/2021;7626.50;1677.83;9304.33
FT-2021-04205;06/07/2021;2168.24;477.01;2645.25
FT-2021-04269;21/11/2021;2774.29;610.34;3384.63
FT-2021-04291;21/06/2021;3600.60;792.13;4392.73
FT-2021-04314;01/04/2021;2202.33;484.51;2686.84
FT-2021-04339;22/09/2021;2598.80;571.74;3170.54
FT-2021-04347;29/04/2021;10824.36;2381.36;13205.72
FT-2021-04431;16/02/2021;1786.06;392.93;2178.99
FT-2021-04432;31/05/2021;7547.52;1660.45;9207.97
FT-2021-04434;02/01/2022;9168.34;2017.03;11185.37
FT-2021-04444;10/06/2021;10060.73;2213.36;12274.09
FT-2021-04461;24/09/2021;1625.92;357.70;1983.62
FT-2021-04464;24/10/2021;5102.85;1122.63;6225.48
FT-2021-04498;15/09/2021;3170.96;697.61;3868.57
FT-2021-04534;16/12/2021;5549.03;1220.79;6769.82
FT-2021-04556;22/08/2021;9308.39;2047.85;11356.24
FT-2021-04612;15/01/2021;11669.06;2567.19;14236.25
FT-2021-04618;23/05/2021;4102.06;902.45;5004.51
FT-2021-04726;25/02/2021;4652.05;1023.45;5675.50
FT-2021-04743;07/12/2021;6279.14;1381.41;7660.55
FT-2021-04813;21/10/2021;10591.29;2330.08;12921.37
FT-2021-04824;05/04/2021;2063.87;454.05;2517.92
FT-2021-04839;09/05/2021;11133.06;2449.27;13582.33
FT-2021-04857;27/02/2021;5084.79;1118.65;6203.44
FT-2021-04899;29/08/2021;5552.84;1221.62;6774.46
FT-2021-04934;08/09/2021;4979.19;1095.42;6074.61
FT-2021-04938;27/11/2021;5865.20;1290.34;7155.54
FT-2021-04959;04/07/2021;5294.85;1164.87;6459.72
FT-2021-05016;07/04/2021;10299.18;2265.82;12565.00
FT-2021-05056;20/05/2021;1870.74;411.56;2282.30
FT-2021-05089;29/01/2021;7241.89;1593.22;8835.11
FT-2021-05093;22/11/2021;7260.32;1597.27;8857.59
FT-2021-05121;28/09/2021;7088.09;1559.38;8647.47
FT-2021-05139;13/06/2021;5482.07;1206.06;6688.13
FT-2021-05167;01/05/2021;11505.31;2531.17;14036.48
FT-2021-05197;03/01/2021;1980.96;435.81;2416.77
FT-2021-05219;12/12/2021;8807.42;1937.63;10745.05
FT-2021-05226;06/04/2021;1496.29;329.18;1825.47
FT-2021-05246;27/04/2021;8055.65;1772.24;9827.89
FT-2021-05325;17/06/2021;1239.16;272.62;1511.78
FT-2021-05342;30/06/2021;1882.61;414.17;2296.78
FT-2021-05402;03/12/2021;4583.80;1008.44;5592.24
FT-2021-05412;24/11/2021;10148.46;2232.66;12381.12
FT-2021-05430;12/12/2021;4026.89;885.92;4912.81
FT-2021-05439;01/04/2021;5865.26;1290.36;7155.62
FT-2021-05545;26/11/2021;8454.57;1860.01;10314.58
FT-2021-05553;23/11/2021;6149.33;1352.85;7502.18
FT-2021-05637;04/10/2021;2593.81;570.64;3164.45
FT-2021-05792;15/12/2021;4030.76;886.77;4917.53
FT-2021-05830;12/01/2021;2171.22;477.67;2648.89
FT-2021-05860;15/06/2021;3855.77;848.27;4704.04
FT-2021-05970;01/12/2021;5566.26;1224.58;6790.84
FT-2021-06011;13/12/2021;8304.04;1826.89;10130.93
FT-2021-06046;19/07/2021;8379.16;1843.42;10222.58
FT-2021-06105;26/01/2021;8672.58;1907.97;10580.55
FT-2021-06108;05/01/2022;4924.35;1083.36;6007.71
FT-2021-06228;17/07/2021;10972.20;2413.88;13386.08
FT-2021-06245;20/06/2021;6994.58;1538.81;8533.39
FT-2021-06248;03/01/2022;9499.40;2089.87;11589.27
FT-2021-06275;06/04/2021;1326.10;291.74;1617.84
FT-2021-06293;14/11/2021;5935.99;1305.92;7241.91
FT-2021-06367;21/04/2021;12831.59;2822.95;15654.54
FT-2021-06370;25/10/2021;3830.75;842.76;4673.51
FT-2021-06417;21/02/2021;3249.18;714.82;3964.00
FT-2021-06428;21/04/2021;7106.06;1563.33;8669.39
FT-2021-06497;04/10/2021;13179.64;2899.52;16079.16
FT-2021-06517;14/02/2021;1976.90;434.92;2411.82
FT-2021-06531;10/08/2021;7509.55;1652.10;9161.65
FT-2021-06561;01/12/2021;5784.98;1272.70;7057.68
FT-2021-06593;10/02/2021;1866.40;410.61;2277.01
FT-2021-06598;30/05/2021;9807.27;2157.60;11964.87
FT-2021-06640;13/09/2021;4051.08;891.24;4942.32
FT-2021-06681;15/04/2021;1614.71;355.24;1969.95
FT-2021-06698;03/12/2021;4474.94;984.49;5459.43
FT-2021-06706;01/11/2021;1245.18;273.94;1519.12
FT-2021-06717;19/09/2021;8296.37;1825.20;10121.57
FT-2021-06769;08/09/2021;15472.34;3403.91;18876.25
FT-2021-06788;30/12/2021;7851.84;1727.40;9579.24
FT-2021-06842;10/02/2021;7876.00;1732.72;9608.72
FT-2021-06859;24/09/2021;16387.18;3605.18;19992.36
FT-2021-06920;15/07/2021;3113.53;684.98;3798.51
FT-2021-07116;11/09/2021;3661.61;805.55;4467.16
FT-2021-07154;13/12/2021;8189.48;1801.69;9991.17
FT-2021-07169;02/10/2021;3743.41;823.55;4566.96
FT-2021-07175;16/08/2021;9975.47;2194.60;12170.07
FT-2021-07186;03/09/2021;3493.85;768.65;4262.50
FT-2021-07204;16/04/2021;5355.76;1178.27;6534.03
FT-2021-07224;13/09/2021;6025.51;1325.61;7351.12
FT-2021-07245;01/11/2021;11387.91;2505.34;13893.25
FT-2021-07279;25/12/2021;8769.14;1929.21;10698.35
FT-2021-07293;30/09/2021;2183.67;480.41;2664.08
FT-2021-07311;17/04/2021;10348.56;2276.68;12625.24
FT-2021-07318;16/04/2021;3877.34;853.01;4730.35
FT-2021-07418;08/09/2021;9808.76;2157.93;11966.69
FT-2021-07422;27/05/2021;11483.62;2526.40;14010.02
FT-2021-07427;23/08/2021;5553.79;1221.83;6775.62
FT-2021-07430;19/12/2021;4031.15;886.85;4918.00
FT-2021-07483;04/04/2021;12370.10;2721.42;15091.52
FT-2021-07520;17/07/2021;6299.19;1385.82;7685.01
FT-2021-07540;19/12/2021;9122.42;2006.93;11129.35
FT-2021-07544;12/07/2021;15730.54;3460.72;19191.26
FT-2021-07600;31/07/2021;8721.29;1918.68;10639.97
FT-2021-07620;29/03/2021;6714.33;1477.15;8191.48
FT-2021-07626;29/09/2021;15279.09;3361.40;18640.49
FT-2021-07637;25/03/2021;15305.18;3367.14;18672.32
FT-2021-07673;12/11/2021;5884.14;1294.51;7178.65
FT-2021-07715;09/10/2021;12019.86;2644.37;14664.23
FT-2021-07736;06/12/2021;3848.46;846.66;4695.12
FT-2021-07764;16/10/2021;2319.99;510.40;2830.39
FT-2021-07768;08/07/2021;1732.55;381.16;2113.71
FT-2021-07798;12/12/2021;3659.55;805.10;4464.65
FT-2021-07835;03/03/2021;2986.45;657.02;3643.47
FT-2021-07861;08/09/2021;9767.24;2148.79;11916.03
FT-2021-07910;16/12/2021;4034.81;887.66;4922.47
FT-2021-08011;31/07/2021;4921.04;1082.63;6003.67
FT-2021-08033;17/07/2021;12924.83;2843.46;15768.29
FT-2021-08068;14/04/2021;11944.49;2627.79;14572.28
FT-2021-08133;01/08/2021;15504.42;3410.97;18915.39
FT-2021-08151;28/10/2021;8056.98;1772.54;9829.52
FT-2021-08163;30/09/2021;10981.46;2415.92;13397.38
FT-2021-08266;24/01/2021;1846.40;406.21;2252.61
FT-2021-08281;05/03/2021;15600.38;3432.08;19032.46
FT-2021-08308;29/11/2021;2899.45;637.88;3537.33
FT-2021-08336;20/03/2021;5170.00;1137.40;6307.40
FT-2021-08354;23/03/2021;7361.76;1619.59;8981.35
FT-2021-08413;24/03/2021;1455.84;320.28;1776.12
FT-2021-08452;28/03/2021;2815.20;619.34;3434.54
FT-2021-08474;11/07/2021;9402.25;2068.49;11470.74
FT-2021-08609;01/07/2021;5576.73;1226.88;6803.61
FT-2021-08612;04/12/2021;13568.99;2985.18;16554.17
FT-2021-08674;19/07/2021;5668.56;1247.08;6915.64
FT-2021-08686;28/08/2021;4785.17;1052.74;5837.91
FT-2021-08708;30/11/2021;14258.96;3136.97;17395.93
FT-2021-08724;26/05/2021;6379.99;1403.60;7783.59
FT-2021-08755;28/10/2021;7786.99;1713.14;9500.13
FT-2021-08826;13/05/2021;3907.42;859.63;4767.05
FT-2021-08830;14/11/2021;1536.58;338.05;1874.63
FT-2021-08833;18/12/2021;13847.48;3046.45;16893.93
FT-2021-08842;06/12/2021;7702.67;1694.59;9397.26
FT-2021-08861;04/09/2021;7463.94;1642.07;9106.01
FT-2021-08924;26/12/2021;4563.92;1004.06;5567.98
FT-2021-08939;15/11/2021;15300.05;3366.01;18666.06
FT-2021-08944;04/07/2021;5739.30;1262.65;7001.95
FT-2021-09032;09/03/2021;3717.74;817.90;4535.64
FT-2021-09045;13/12/2021;11898.95;2617.77;14516.72
FT-2021-09049;28/06/2021;12299.20;2705.82;15005.02
FT-2021-09054;17/09/2021;1209.23;266.03;1475.26
FT-2021-09087;16/09/2021;10904.24;2398.93;13303.17
FT-2021-09159;08/10/2021;4700.23;1034.05;5734.28
FT-2021-09163;09/12/2021;8199.96;1803.99;10003.95
FT-2021-09179;14/03/2021;6614.04;1455.09;8069.13
FT-2021-09235;28/07/2021;3895.92;857.10;4753.02
FT-2021-09269;20/03/2021;2947.19;648.38;3595.57
FT-2021-09277;13/11/2021;4937.78;1086.31;6024.09
FT-2021-09283;28/11/2021;9658.99;2124.98;11783.97
FT-2021-09284;02/05/2021;8199.61;1803.91;10003.52
FT-2021-09302;25/03/2021;10089.05;2219.59;12308.64
FT-2021-09354;02/06/2021;3795.57;835.03;4630.60
FT-2021-09408;02/06/2021;4128.95;908.37;5037.32
FT-2021-09470;10/04/2021;15404.62;3389.02;18793.64
FT-2021-09482;21/03/2021;9066.25;1994.58;11060.83
FT-2021-09535;28/10/2021;7156.36;1574.40;8730.76
FT-2021-09542;20/08/2021;2331.71;512.98;2844.69
FT-2021-09549;21/06/2021;8192.22;1802.29;9994.51
FT-2021-09551;20/12/2021;3052.45;671.54;3723.99
FT-2021-09639;17/08/2021;8854.39;1947.97;10802.36
FT-2021-09709;13/06/2021;1211.75;266.58;1478.33
FT-2021-09734;28/06/2021;3432.07;755.06;4187.13
FT-2021-09780;14/11/2021;5186.03;1140.93;6326.96
FT-2021-09845;03/10/2021;7443.13;1637.49;9080.62
FT-2021-09894;26/08/2021;9001.63;1980.36;10981.99
FT-2021-09911;04/12/2021;5164.22;1136.13;6300.35
FT-2021-09929;23/10/2021;4000.48;880.11;4880.59
FT-2021-10011;08/04/2021;12037.41;2648.23;14685.64
FT-2021-10083;27/10/2021;7233.63;1591.40;8825.03
FT-2021-10097;29/07/2021;14102.61;3102.57;17205.18
FT-2021-10111;29/11/2021;3337.77;734.31;4072.08
FT-2021-10147;11/12/2021;6765.95;1488.51;8254.46
FT-2021-10151;16/09/2021;6222.28;1368.90;7591.18
FT-2021-10168;13/08/2021;2132.04;469.05;2601.09
FT-2021-10222;21/05/2021;5299.33;1165.85;6465.18
FT-2021-10224;28/07/2021;9177.09;2018.96;11196.05
FT-2021-10287;21/06/2021;9731.41;2140.91;11872.32
FT-2021-10342;27/07/2021;5795.52;1275.01;7070.53
FT-2021-10392;06/10/2021;10668.97;2347.17;13016.14
FT-2021-10416;13/06/2021;4955.06;1090.11;6045.17
FT-2021-10435;07/09/2021;9732.54;2141.16;11873.70
FT-2021-10453;24/05/2021;2891.93;636.22;3528.15
FT-2021-10505;15/07/2021;5743.06;1263.47;7006.53
FT-2021-10569;20/01/2021;10373.96;2282.27;12656.23
FT-2021-10580;03/06/2021;3806.59;837.45;4644.04
FT-2021-10768;04/12/2021;2698.38;593.64;3292.02
FT-2021-10771;02/06/2021;1119.10;246.20;1365.30
FT-2021-10775;06/07/2021;1538.30;338.43;1876.73
FT-2021-10779;08/02/2021;888.31;195.43;1083.74
FT-2021-10839;12/12/2021;1500.23;330.05;1830.28
FT-2021-10974;21/09/2021;13621.10;2996.64;16617.74
FT-2021-11045;31/08/2021;6088.58;1339.49;7428.07
FT-2021-11059;06/01/2022;8596.71;1891.28;10487.99
FT-2021-11080;09/12/2021;4709.16;1036.02;5745.18
FT-2021-11085;06/01/2022;6787.76;1493.31;8281.07
FT-2021-11091;25/11/2021;4570.20;1005.44;5575.64
FT-2021-11110;07/06/2021;624.93;137.48;762.41
FT-2021-11178;21/06/2021;4173.30;918.13;5091.43
FT-2021-11194;01/12/2021;8214.35;1807.16;10021.51
FT-2021-11254;06/12/2021;9128.47;2008.26;11136.73
FT-2021-11360;06/03/2021;3545.48;780.01;4325.49
FT-2021-11367;15/09/2021;6394.28;1406.74;7801.02
FT-2021-11381;04/01/2022;11237.62;2472.28;13709.90
FT-2021-11397;11/12/2021;7964.47;1752.18;9716.65
FT-2021-11406;23/03/2021;4821.55;1060.74;5882.29
FT-2021-11425;13/03/2021;12379.86;2723.57;15103.43
FT-2021-11427;21/08/2021;5129.91;1128.58;6258.49
FT-2021-11433;03/03/2021;6544.37;1439.76;7984.13
FT-2021-11485;27/06/2021;9022.02;1984.84;11006.86
FT-2021-11500;22/07/2021;3775.00;830.50;4605.50
FT-2021-11501;06/09/2021;7321.31;1610.69;8932.00
FT-2021-11535;06/11/2021;1692.41;372.33;2064.74
FT-2021-11546;24/10/2021;3411.55;750.54;4162.09
FT-2021-11558;04/08/2021;4205.59;925.23;5130.82
FT-2021-11605;08/06/2021;11377.24;2502.99;13880.23
FT-2021-11726;27/05/2021;12878.44;2833.26;15711.70
FT-2021-11758;26/01/2021;8689.36;1911.66;10601.02
FT-2021-11815;27/09/2021;6110.10;1344.22;7454.32
FT-2021-11817;21/05/2021;11598.72;2551.72;14150.44
FT-2021-11820;06/12/2021;4474.03;984.29;5458.32
FT-2021-11826;12/08/2021;6356.21;1398.37;7754.58
FT-2021-11857;20/07/2021;10442.73;2297.40;12740.13
FT-2021-11924;25/12/2021;3153.57;693.79;3847.36
FT-2021-11937;22/08/2021;6744.61;1483.81;8228.42
FT-2021-11981;18/06/2021;14525.98;3195.72;17721.70
FT-2021-11988;31/12/2021;14381.01;3163.82;17544.83
FT-2021-12106;05/08/2021;10579.12;2327.41;12906.53
FT-2021-12141;05/03/2021;4929.00;1084.38;6013.38
FT-2021-12148;22/12/2021;3339.45;734.68;4074.13
FT-2021-12162;06/02/2021;5641.37;1241.10;6882.47
FT-2021-12199;20/12/2021;6478.54;1425.28;7903.82
FT-2021-12201;10/05/2021;5004.63;1101.02;6105.65
FT-2021-12280;03/07/2021;3351.57;737.35;4088.92
FT-2021-12321;20/12/2021;734.46;161.58;896.04
FT-2021-12326;18/07/2021;9462.61;2081.77;11544.38
FT-2021-12387;05/09/2021;4753.07;1045.68;5798.75
FT-2021-12401;11/05/2021;4887.16;1075.18;5962.34
FT-2021-12437;22/08/2021;14070.95;3095.61;17166.56
FT-2021-12439;30/01/2021;4291.56;944.14;5235.70
FT-2021-12462;12/09/2021;10270.38;2259.48;12529.86
FT-2021-12490;11/04/2021;2743.70;603.61;3347.31
FT-2021-12503;29/05/2021;3697.10;813.36;4510.46
FT-2021-12517;25/01/2021;4397.01;967.34;5364.35
FT-2021-12520;15/06/2021;3485.61;766.83;4252.44
FT-2021-12524;01/12/2021;3539.24;778.63;4317.87
FT-2021-12591;15/02/2021;14034.75;3087.64;17122.39
FT-2021-12658;08/07/2021;4002.48;880.55;4883.03
FT-2021-12730;27/09/2021;6753.88;1485.85;8239.73
FT-2021-12778;09/06/2021;536.08;117.94;654.02
FT-2021-12790;15/05/2021;5597.93;1231.54;6829.47
FT-2021-12829;11/10/2021;7732.23;1701.09;9433.32
FT-2021-12834;22/08/2021;5368.21;1181.01;6549.22
FT-2021-12886;09/10/2021;4469.04;983.19;5452.23
FT-2021-12924;07/04/2021;5497.14;1209.37;6706.51
FT-2021-12950;30/08/2021;9871.04;2171.63;12042.67
FT-2021-13087;15/02/2021;6159.56;1355.10;7514.66
FT-2021-13103;06/07/2021;3088.04;679.37;3767.41
FT-2021-13148;11/11/2021;3915.34;861.37;4776.71
FT-2021-13203;20/01/2021;2928.07;644.18;3572.25
FT-2021-13236;13/06/2021;4906.10;1079.34;5985.44
FT-2021-13256;01/04/2021;4001.37;880.30;4881.67
FT-2021-13282;29/12/2021;5878.74;1293.32;7172.06
FT-2021-13330;13/12/2021;3043.10;669.48;3712.58
FT-2021-13341;23/04/2021;3969.64;873.32;4842.96
FT-2021-13343;18/05/2021;1459.41;321.07;1780.48
FT-2021-13352;26/12/2021;4754.55;1046.00;5800.55
FT-2021-13417;08/08/2021;2952.99;649.66;3602.65
FT-2021-13459;17/12/2021;2149.49;472.89;2622.38
FT-2021-13481;07/11/2021;10647.81;2342.52;12990.33
FT-2021-13485;02/12/2021;4974.89;1094.48;6069.37
FT-2021-13508;01/10/2021;6503.13;1430.69;7933.82
FT-2021-13528;26/08/2021;8105.30;1783.17;9888.47
FT-2021-13578;05/11/2021;8980.11;1975.62;10955.73
FT-2021-13619;24/10/2021;5652.92;1243.64;6896.56
FT-2021-13623;10/06/2021;8702.89;1914.64;10617.53
FT-2021-13690;04/02/2021;4022.72;885.00;4907.72
FT-2021-13709;11/03/2021;9611.79;2114.59;11726.38
FT-2021-13744;24/06/2021;5669.44;1247.28;6916.72
FT-2021-13954;02/12/2021;7260.41;1597.29;8857.70
FT-2021-13958;28/11/2021;7139.78;1570.75;8710.53
FT-2021-13969;06/03/2021;11715.44;2577.40;14292.84
FT-2021-13988;09/09/2021;6626.29;1457.78;8084.07
FT-2021-14004;26/01/2021;6292.70;1384.39;7677.09
FT-2021-14105;11/07/2021;645.06;141.91;786.97
FT-2021-14115;14/09/2021;5227.43;1150.03;6377.46
FT-2021-14184;07/09/2021;8193.65;1802.60;9996.25
FT-2021-14194;16/05/2021;802.27;176.50;978.77
FT-2021-14230;21/06/2021;2982.70;656.19;3638.89
FT-2021-14235;17/04/2021;11576.69;2546.87;14123.56
FT-2021-14309;13/05/2021;4239.34;932.65;5171.99
FT-2021-14315;06/05/2021;2103.66;462.81;2566.47
FT-2021-14484;18/12/2021;13050.47;2871.10;15921.57
FT-2021-14505;22/08/2021;4874.01;1072.28;5946.29
FT-2021-14537;08/03/2021;13168.76;2897.13;16065.89
FT-2021-14570;04/03/2021;1033.11;227.28;1260.39
FT-2021-14573;11/08/2021;11040.77;2428.97;13469.74
FT-2021-14580;21/10/2021;11288.45;2483.46;13771.91
FT-2021-14584;03/05/2021;5416.99;1191.74;6608.73
FT-2021-14646;06/08/2021;3520.94;774.61;4295.55
FT-2021-14659;19/03/2021;10827.80;2382.12;13209.92
FT-2021-14682;14/10/2021;6374.24;1402.33;7776.57
FT-2021-14704;22/05/2021;3613.71;795.02;4408.73
FT-2021-14723;01/04/2021;10837.40;2384.23;13221.63
FT-2021-14729;25/10/2021;3125.89;687.70;3813.59
FT-2021-14744;14/08/2021;11747.80;2584.52;14332.32
FT-2021-14773;15/09/2021;1726.83;379.90;2106.73
FT-2021-14799;05/12/2021;605.48;133.21;738.69
FT-2021-14829;03/08/2021;8555.57;1882.23;10437.80
FT-2021-14849;28/08/2021;4514.92;993.28;5508.20
FT-2021-14881;01/12/2021;7058.24;1552.81;8611.05
FT-2021-14886;31/03/2021;853.35;187.74;1041.09
FT-2021-14958;21/10/2021;2040.53;448.92;2489.45
FT-2021-14972;05/10/2021;5465.31;1202.37;6667.68
FT-2021-14992;03/12/2021;2318.76;510.13;2828.89
FT-2021-14997;08/06/2021;10920.05;2402.41;13322.46
FT-2021-15005;21/06/2021;3510.99;772.42;4283.41
FT-2021-15008;05/01/2022;9035.37;1987.78;11023.15
FT-2021-15048;11/11/2021;3714.03;817.09;4531.12
FT-2021-15052;20/01/2021;10467.71;2302.90;12770.61
FT-2021-15056;03/10/2021;7090.18;1559.84;8650.02
FT-2021-15095;29/11/2021;10690.50;2351.91;13042.41
FT-2021-15127;22/08/2021;8340.34;1834.87;10175.21
FT-2021-15147;25/06/2021;10717.52;2357.85;13075.37
FT-2021-15179;17/11/2021;12246.81;2694.30;14941.11
FT-2021-15198;22/03/2021;3375.51;742.61;4118.12
FT-2021-15219;07/10/2021;4781.47;1051.92;5833.39
FT-2021-15271;05/11/2021;1439.09;316.60;1755.69
FT-2021-15293;07/08/2021;3852.07;847.46;4699.53
FT-2021-15317;16/12/2021;2700.58;594.13;3294.71
FT-2021-15349;09/10/2021;4464.08;982.10;5446.18
FT-2021-15431;19/09/2021;567.98;124.96;692.94
FT-2021-15434;09/11/2021;9103.54;2002.78;11106.32
FT-2021-15471;07/02/2021;6561.79;1443.59;8005.38
FT-2021-15521;29/09/2021;1535.47;337.80;1873.27
FT-2021-15528;10/09/2021;7400.27;1628.06;9028.33
FT-2021-15577;23/10/2021;1550.07;341.02;1891.09
FT-2021-15579;12/06/2021;3883.05;854.27;4737.32
FT-2021-15603;20/03/2021;2172.32;477.91;2650.23
FT-2021-15610;06/01/2022;7235.80;1591.88;8827.68
FT-2021-15658;12/05/2021;1413.54;310.98;1724.52
FT-2021-15730;30/04/2021;5717.61;1257.87;6975.48
FT-2021-15753;19/06/2021;5221.62;1148.76;6370.38
FT-2021-15782;18/06/2021;4117.65;905.88;5023.53
FT-2021-15864;25/03/2021;1166.98;256.74;1423.72
FT-2021-15961;09/08/2021;8110.74;1784.36;9895.10
FT-2021-15962;28/07/2021;6742.90;1483.44;8226.34
FT-2021-16037;03/11/2021;5713.08;1256.88;6969.96
FT-2021-16042;04/12/2021;11308.43;2487.85;13796.28
FT-2021-16061;08/02/2021;937.98;206.36;1144.34
FT-2021-16080;14/12/2021;11403.77;2508.83;13912.60
FT-2021-16082;11/02/2021;4603.11;1012.68;5615.79
FT-2021-16108;04/02/2021;7953.04;1749.67;9702.71
FT-2021-16111;07/07/2021;7689.92;1691.78;9381.70
FT-2021-16156;15/06/2021;5521.41;1214.71;6736.12
FT-2021-16162;20/08/2021;4016.06;883.53;4899.59
FT-2021-16175;10/07/2021;4611.70;1014.57;5626.27
FT-2021-16252;29/10/2021;3215.63;707.44;3923.07
FT-2021-16299;25/01/2021;8849.83;1946.96;10796.79
FT-2021-16379;26/04/2021;7911.21;1740.47;9651.68
FT-2021-16385;05/12/2021;6721.60;1478.75;8200.35
FT-2021-16429;24/03/2021;7761.93;1707.62;9469.55
FT-2021-16431;24/05/2021;7792.68;1714.39;9507.07
FT-2021-16445;10/02/2021;5264.34;1158.15;6422.49
FT-2021-16449;17/05/2021;2400.20;528.04;2928.24
FT-2021-16465;11/06/2021;4955.72;1090.26;6045.98
FT-2021-16479;17/10/2021;9424.84;2073.46;11498.30
FT-2021-16491;10/04/2021;2820.95;620.61;3441.56
FT-2021-16547;24/04/2021;8534.92;1877.68;10412.60
FT-2021-16567;01/05/2021;12188.59;2681.49;14870.08
FT-2021-16583;25/05/2021;15612.24;3434.69;19046.93
FT-2021-16631;13/05/2021;4883.58;1074.39;5957.97
FT-2021-16647;24/06/2021;3169.22;697.23;3866.45
FT-2021-16654;20/02/2021;3310.58;728.33;4038.91
FT-2021-16661;26/01/2021;1774.52;390.39;2164.91
FT-2021-16690;23/05/2021;17087.95;3759.35;20847.30
FT-2021-16714;26/02/2021;6665.61;1466.43;8132.04
FT-2021-16736;31/08/2021;2933.17;645.30;3578.47
FT-2021-16801;11/08/2021;5705.16;1255.14;6960.30
FT-2021-16831;21/03/2021;11378.42;2503.25;13881.67
FT-2021-16862;25/07/2021;15951.62;3509.36;19460.98
FT-2021-16898;16/06/2021;12980.93;2855.80;15836.73
FT-2021-16967;26/10/2021;6326.46;1391.82;7718.28
FT-2021-16968;11/05/2021;5156.82;1134.50;6291.32
FT-2021-17001;14/05/2021;3486.84;767.10;4253.94
FT-2021-17007;29/12/2021;7701.05;1694.23;9395.28
FT-2021-17009;17/06/2021;2532.28;557.10;3089.38
FT-2021-17015;03/01/2022;9062.11;1993.66;11055.77
FT-2021-17037;04/12/2021;10737.67;2362.29;13099.96
FT-2021-17075;23/01/2021;10964.43;2412.17;13376.60
FT-2021-17104;12/08/2021;12794.74;2814.84;15609.58
FT-2021-17133;24/12/2021;6429.33;1414.45;7843.78
FT-2021-17175;17/02/2021;2631.97;579.03;3211.00
FT-2021-17279;12/03/2021;4287.80;943.32;5231.12
FT-2021-17339;09/11/2021;5852.06;1287.45;7139.51
FT-2021-17416;14/03/2021;7953.45;1749.76;9703.21
FT-2021-17423;24/05/2021;3706.27;815.38;4521.65
FT-2021-17431;09/04/2021;4157.56;914.66;5072.22
FT-2021-17442;08/11/2021;9478.15;2085.19;11563.34
FT-2021-17447;25/03/2021;9258.40;2036.85;11295.25
FT-2021-17530;07/01/2021;7314.80;1609.26;8924.06
FT-2021-17541;23/02/2021;7731.77;1700.99;9432.76
FT-2021-17629;01/03/2021;11463.14;2521.89;13985.03
FT-2021-17691;18/12/2021;8328.22;1832.21;10160.43
FT-2021-17696;05/11/2021;9912.01;2180.64;12092.65
FT-2021-17737;06/12/2021;10126.48;2227.83;12354.31
FT-2021-17751;02/01/2022;1025.32;225.57;1250.89
FT-2021-17769;19/06/2021;1502.24;330.49;1832.73
FT-2021-17772;29/12/2021;688.14;151.39;839.53
FT-2021-17790;11/04/2021;7638.83;1680.54;9319.37
FT-2021-17812;06/04/2021;7267.61;1598.87;8866.48
FT-2021-17818;13/12/2021;1251.10;275.24;1526.34
FT-2021-17862;01/02/2021;3924.35;863.36;4787.71
FT-2021-17865;25/01/2021;14042.56;3089.36;17131.92
FT-2021-17899;25/08/2021;5546.40;1220.21;6766.61
FT-2021-17929;10/06/2021;7188.93;1581.56;8770.49
FT-2021-17930;27/04/2021;6465.72;1422.46;7888.18
FT-2021-17944;14/08/2021;4926.00;1083.72;6009.72
FT-2021-17955;27/04/2021;14424.75;3173.45;17598.20
FT-2021-17956;31/08/2021;6270.41;1379.49;7649.90
FT-2021-17990;21/11/2021;8243.08;1813.48;10056.56
FT-2021-17998;11/01/2021;7485.46;1646.80;9132.26
FT-2021-18020;30/05/2021;10028.61;2206.29;12234.90
FT-2021-18024;18/09/2021;12829.31;2822.45;15651.76
FT-2021-18049;04/09/2021;9849.31;2166.85;12016.16
FT-2021-18062;03/08/2021;11403.34;2508.73;13912.07
FT-2021-18078;23/05/2021;10648.71;2342.72;12991.43
FT-2021-18094;28/09/2021;4044.36;889.76;4934.12
FT-2021-18107;25/02/2021;11813.57;2598.99;14412.56
FT-2021-18117;24/04/2021;8657.86;1904.73;10562.59
FT-2021-18119;09/11/2021;10018.82;2204.14;12222.96
FT-2021-18164;15/04/2021;2896.94;637.33;3534.27
FT-2021-18276;11/12/2021;6056.64;1332.46;7389.10
FT-2021-18277;05/06/2021;4562.07;1003.66;5565.73
FT-2021-18307;04/12/2021;13648.74;3002.72;16651.46
FT-2021-18333;05/04/2021;6459.85;1421.17;7881.02
FT-2021-18354;13/03/2021;2030.33;446.67;2477.00
FT-2021-18382;11/02/2021;6841.95;1505.23;8347.18
FT-2021-18488;22/11/2021;12510.33;2752.27;15262.60
FT-2021-18496;01/12/2021;7962.58;1751.77;9714.35
FT-2021-18525;08/12/2021;5460.23;1201.25;6661.48
FT-2021-18551;29/11/2021;10107.46;2223.64;12331.10
FT-2021-18556;06/05/2021;11133.64;2449.40;13583.04
FT-2021-18663;02/03/2021;15521.86;3414.81;18936.67
FT-2021-18678;09/12/2021;3325.75;731.66;4057.41
FT-2021-18720;19/07/2021;4246.20;934.16;5180.36
FT-2021-18739;22/10/2021;11173.35;2458.14;13631.49
FT-2021-18757;16/10/2021;788.30;173.43;961.73
FT-2021-18759;22/04/2021;4808.71;1057.92;5866.63
FT-2021-18834;21/05/2021;4414.25;971.13;5385.38
FT-2021-18875;30/07/2021;13158.27;2894.82;16053.09
FT-2021-18888;20/03/2021;6210.79;1366.37;7577.16
FT-2021-18915;04/07/2021;6923.10;1523.08;8446.18
FT-2021-18917;30/12/2021;8391.84;1846.20;10238.04
FT-2021-18937;15/04/2021;11515.38;2533.38;14048.76
FT-2021-18948;07/11/2021;3980.01;875.60;4855.61
FT-2021-18973;04/11/2021;1360.41;299.29;1659.70
FT-2021-19006;05/08/2021;767.99;168.96;936.95
FT-2021-19061;15/09/2021;11026.67;2425.87;13452.54
FT-2021-19180;21/04/2021;3119.61;686.31;3805.92
FT-2021-19206;01/08/2021;444.04;97.69;541.73
FT-2021-19243;14/10/2021;6081.88;1338.01;7419.89
FT-2021-19296;13/11/2021;12305.24;2707.15;15012.39
FT-2021-19304;18/02/2021;12983.07;2856.28;15839.35
FT-2021-19315;18/04/2021;6199.96;1363.99;7563.95
FT-2021-19331;02/05/2021;7496.63;1649.26;9145.89
FT-2021-19332;18/06/2021;8077.77;1777.11;9854.88
FT-2021-19389;15/12/2021;15338.14;3374.39;18712.53
FT-2021-19393;06/11/2021;4700.72;1034.16;5734.88
FT-2021-19400;22/08/2021;3498.82;769.74;4268.56
FT-2021-19404;22/05/2021;10906.94;2399.53;13306.47
FT-2021-19406;15/10/2021;8639.11;1900.60;10539.71
FT-2021-19421;25/03/2021;8456.49;1860.43;10316.92
FT-2021-19426;01/07/2021;1402.81;308.62;1711.43
FT-2021-19442;25/09/2021;2701.59;594.35;3295.94
FT-2021-19495;05/08/2021;5870.02;1291.40;7161.42
FT-2021-19564;25/09/2021;2011.88;442.61;2454.49
FT-2021-19574;30/11/2021;2492.39;548.33;3040.72
FT-2021-19595;18/11/2021;2959.87;651.17;3611.04
FT-2021-19616;24/10/2021;4917.87;1081.93;5999.80
FT-2021-19633;26/04/2021;8658.02;1904.76;10562.78
FT-2021-19695;22/04/2021;2126.09;467.74;2593.83
FT-2021-19744;22/05/2021;10874.27;2392.34;13266.61
FT-2021-19763;26/07/2021;15255.19;3356.14;18611.33
FT-2021-19788;25/10/2021;1687.43;371.23;2058.66
FT-2021-19827;12/11/2021;10620.76;2336.57;12957.33
FT-2021-19873;05/07/2021;9639.27;2120.64;11759.91
FT-2021-19900;03/07/2021;6174.99;1358.50;7533.49
FT-2021-19912;23/06/2021;4128.99;908.38;5037.37
FT-2021-19914;18/07/2021;2931.11;644.84;3575.95
FT-2021-19934;08/12/2021;8852.93;1947.64;10800.57
FT-2021-20017;04/03/2021;6882.18;1514.08;8396.26
FT-2021-20035;19/04/2021;8648.51;1902.67;10551.18
FT-2021-20088;17/09/2021;9482.91;2086.24;11569.15
FT-2021-20096;20/07/2021;5749.60;1264.91;7014.51
FT-2021-20113;06/01/2021;1175.97;258.71;1434.68
FT-2021-20127;17/09/2021;5766.75;1268.68;7035.43
FT-2021-20136;15/08/2021;9738.15;2142.39;11880.54
FT-2021-20179;05/05/2021;8033.48;1767.37;9800.85
FT-2021-20241;05/11/2021;4344.04;955.69;5299.73
FT-2021-20252;02/05/2021;5760.02;1267.20;7027.22
FT-2021-20277;14/04/2021;9339.84;2054.76;11394.60
FT-2021-20320;02/12/2021;14145.74;3112.06;17257.80
FT-2021-20328;28/07/2021;3260.68;717.35;3978.03
FT-2021-20343;12/02/2021;1768.69;389.11;2157.80
FT-2021-20393;27/07/2021;9135.89;2009.90;11145.79
FT-2021-20420;06/11/2021;4694.90;1032.88;5727.78
FT-2021-20428;11/05/2021;6051.97;1331.43;7383.40
FT-2021-20514;16/04/2021;4969.55;1093.30;6062.85
FT-2021-20553;19/07/2021;2227.75;490.11;2717.86
FT-2021-20562;06/10/2021;4308.65;947.90;5256.55
FT-2021-20640;19/07/2021;3909.92;860.18;4770.10
FT-2021-20647;21/05/2021;12168.23;2677.01;14845.24
FT-2021-20691;12/05/2021;4936.72;1086.08;6022.80
FT-2021-20797;24/04/2021;3663.44;805.96;4469.40
FT-2021-20802;27/12/2021;4994.06;1098.69;6092.75
FT-2021-20815;10/11/2021;7691.89;1692.22;9384.11
FT-2021-20825;02/08/2021;5987.98;1317.36;7305.34
FT-2021-20845;13/08/2021;4816.01;1059.52;5875.53
FT-2021-20870;26/11/2021;2800.79;616.17;3416.96
FT-2021-20901;16/07/2021;15214.73;3347.24;18561.97
FT-2021-20959;14/01/2021;3519.21;774.23;4293.44
FT-2021-20960;04/03/2021;10483.11;2306.28;12789.39
FT-2021-20974;09/05/2021;4432.53;975.16;5407.69
FT-2021-20975;05/07/2021;8801.40;1936.31;10737.71
FT-2021-21074;10/11/2021;8590.18;1889.84;10480.02
FT-2021-21121;22/07/2021;11525.82;2535.68;14061.50
FT-2021-21146;22/12/2021;7329.10;1612.40;8941.50
FT-2021-21168;09/02/2021;4809.09;1058.00;5867.09
FT-2021-21179;22/06/2021;7232.15;1591.07;8823.22
FT-2021-21184;31/12/2021;2996.38;659.20;3655.58
FT-2021-21232;17/08/2021;6374.91;1402.48;7777.39
FT-2021-21258;03/11/2021;3723.00;819.06;4542.06
FT-2021-21262;10/10/2021;2277.69;501.09;2778.78
FT-2021-21267;25/11/2021;274.05;60.29;334.34
FT-2021-21336;09/03/2021;13590.48;2989.91;16580.39
FT-2021-21359;06/06/2021;9665.67;2126.45;11792.12
FT-2021-21414;28/11/2021;12707.99;2795.76;15503.75
FT-2021-21415;19/07/2021;13045.65;2870.04;15915.69
FT-2021-21443;17/10/2021;12248.71;2694.72;14943.43
FT-2021-21464;29/06/2021;7191.90;1582.22;8774.12
FT-2021-21484;17/09/2021;2850.45;627.10;3477.55
FT-2021-21520;12/10/2021;4734.40;1041.57;5775.97
FT-2021-21538;06/12/2021;2150.70;473.15;2623.85
FT-2021-21604;06/10/2021;8988.52;1977.47;10965.99
FT-2021-21618;19/02/2021;10204.71;2245.04;12449.75
FT-2021-21625;07/01/2022;6724.64;1479.42;8204.06
FT-2021-21633;01/09/2021;7835.37;1723.78;9559.15
FT-2021-21671;30/05/2021;9705.89;2135.30;11841.19
FT-2021-21674;08/04/2021;14653.66;3223.81;17877.47
FT-2021-21703;29/01/2021;1906.76;419.49;2326.25
FT-2021-21714;10/07/2021;5003.14;1100.69;6103.83
FT-2021-21744;10/06/2021;5282.78;1162.21;6444.99
FT-2021-21746;01/11/2021;3945.93;868.10;4814.03
FT-2021-21774;28/04/2021;4786.46;1053.02;5839.48
FT-2021-21784;03/12/2021;4225.93;929.70;5155.63
FT-2021-21818;26/02/2021;8733.48;1921.37;10654.85
FT-2021-21827;23/07/2021;16393.04;3606.47;19999.51
FT-2021-21839;10/06/2021;4886.55;1075.04;5961.59
FT-2021-21877;13/02/2021;17758.37;3906.84;21665.21
FT-2021-21924;01/10/2021;3996.83;879.30;4876.13
FT-2021-22032;23/09/2021;2872.05;631.85;3503.90
FT-2021-22035;01/07/2021;6394.88;1406.87;7801.75
FT-2021-22070;06/02/2021;12941.04;2847.03;15788.07
FT-2021-22081;10/08/2021;5880.90;1293.80;7174.70
FT-2021-22090;11/09/2021;3440.15;756.83;4196.98
FT-2021-22188;26/08/2021;6695.48;1473.01;8168.49
FT-2021-22191;25/07/2021;5561.23;1223.47;6784.70
FT-2021-22213;14/11/2021;13189.36;2901.66;16091.02
FT-2021-22227;13/10/2021;822.35;180.92;1003.27
FT-2021-22340;23/04/2021;9695.20;2132.94;11828.14
FT-2021-22380;04/08/2021;9446.83;2078.30;11525.13
FT-2021-22401;15/03/2021;5796.29;1275.18;7071.47
FT-2021-22411;25/10/2021;7131.84;1569.00;8700.84
FT-2021-22444;06/08/2021;4846.60;1066.25;5912.85
FT-2021-22453;05/08/2021;8358.86;1838.95;10197.81
FT-2021-22492;15/02/2021;1422.08;312.86;1734.94
FT-2021-22568;27/07/2021;14609.72;3214.14;17823.86
FT-2021-22584;22/06/2021;7110.17;1564.24;8674.41
FT-2021-22653;11/10/2021;11635.71;2559.86;14195.57
FT-2021-22679;20/06/2021;3325.78;731.67;4057.45
FT-2021-22721;04/09/2021;5784.69;1272.63;7057.32
FT-2021-22735;05/08/2021;5211.54;1146.54;6358.08
FT-2021-22749;20/06/2021;8246.41;1814.21;10060.62
FT-2021-22815;08/12/2021;8508.45;1871.86;10380.31
FT-2021-22818;07/01/2021;13978.96;3075.37;17054.33
FT-2021-22860;11/03/2021;5442.29;1197.30;6639.59
FT-2021-22872;23/04/2021;7589.41;1669.67;9259.08
FT-2021-22884;25/05/2021;1185.60;260.83;1446.43
FT-2021-22949;07/12/2021;14290.98;3144.02;17435.00
FT-2021-22952;21/11/2021;9900.35;2178.08;12078.43
FT-2021-22974;25/05/2021;6829.20;1502.42;8331.62
FT-2021-22992;06/11/2021;3774.99;830.50;4605.49
FT-2021-23028;02/04/2021;8251.53;1815.34;10066.87
FT-2021-23045;31/07/2021;2989.68;657.73;3647.41
FT-2021-23063;09/06/2021;5920.06;1302.41;7222.47
FT-2021-23144;21/05/2021;2532.23;557.09;3089.32
FT-2021-23189;01/01/2022;6875.70;1512.65;8388.35
FT-2021-23240;20/01/2021;5497.25;1209.39;6706.64
FT-2021-23470;05/11/2021;4452.04;979.45;5431.49
FT-2021-23561;25/08/2021;5581.00;1227.82;6808.82
FT-2021-23591;04/08/2021;3974.70;874.43;4849.13
FT-2021-23610;17/11/2021;5865.17;1290.34;7155.51
FT-2021-23615;22/05/2021;11787.38;2593.22;14380.60
FT-2021-23632;17/04/2021;6235.68;1371.85;7607.53
FT-2021-23717;17/10/2021;5719.40;1258.27;6977.67
FT-2021-23743;31/03/2021;12726.48;2799.83;15526.31
FT-2021-23837;19/10/2021;5817.60;1279.87;7097.47
FT-2021-23842;28/09/2021;2213.02;486.86;2699.88
FT-2021-23889;15/07/2021;3008.61;661.89;3670.50
FT-2021-23896;27/02/2021;1518.91;334.16;1853.07
FT-2021-23933;27/03/2021;3770.27;829.46;4599.73
FT-2021-23934;01/02/2021;2260.28;497.26;2757.54
FT-2021-23993;15/07/2021;15816.96;3479.73;19296.69
FT-2021-24024;01/09/2021;3391.00;746.02;4137.02
FT-2021-24042;28/05/2021;669.51;147.29;816.80
FT-2021-24111;09/01/2022;1529.12;336.41;1865.53
FT-2021-24183;21/10/2021;1341.43;295.11;1636.54
FT-2021-24240;21/11/2021;7571.78;1665.79;9237.57
FT-2021-24265;01/10/2021;6217.99;1367.96;7585.95
FT-2021-24302;26/08/2021;11707.36;2575.62;14282.98
FT-2021-24307;06/02/2021;1055.31;232.17;1287.48
FT-2021-24317;03/06/2021;15810.40;3478.29;19288.69
FT-2021-24328;15/04/2021;10675.45;2348.60;13024.05
FT-2021-24374;02/06/2021;5203.95;1144.87;6348.82
FT-2021-24377;17/09/2021;3921.00;862.62;4783.62
FT-2021-24402;05/04/2021;4488.10;987.38;5475.48
FT-2021-24410;26/09/2021;10508.51;2311.87;12820.38
FT-2021-24424;22/03/2021;9497.26;2089.40;11586.66
FT-2021-24497;22/08/2021;6003.96;1320.87;7324.83
FT-2021-24575;01/09/2021;16224.58;3569.41;19793.99
FT-2021-24584;12/09/2021;5206.00;1145.32;6351.32
FT-2021-24600;18/06/2021;2432.86;535.23;2968.09
FT-2021-24622;07/02/2021;11094.08;2440.70;13534.78
FT-2021-24678;10/09/2021;9400.92;2068.20;11469.12
FT-2021-24693;21/11/2021;4533.94;997.47;5531.41
FT-2021-24728;23/02/2021;2798.29;615.62;3413.91
FT-2021-24731;26/02/2021;6479.16;1425.42;7904.58
FT-2021-24739;17/07/2021;2157.19;474.58;2631.77
FT-2021-24747;29/07/2021;2113.43;464.95;2578.38
FT-2021-24778;12/05/2021;2167.53;476.86;2644.39
FT-2021-24852;19/06/2021;4867.64;1070.88;5938.52
FT-2021-24895;31/12/2021;2200.88;484.19;2685.07
FT-2021-24941;02/05/2021;4379.92;963.58;5343.50
FT-2021-24988;16/10/2021;2194.18;482.72;2676.90
FT-2021-24992;16/07/2021;3717.12;817.77;4534.89
FT-2021-24994;25/08/2021;1026.29;225.78;1252.07
FT-2021-25022;10/04/2021;12297.89;2705.54;15003.43
FT-2021-25024;01/04/2021;1465.01;322.30;1787.31
FT-2021-25098;30/12/2021;1327.00;291.94;1618.94
FT-2021-25099;10/02/2021;9051.69;1991.37;11043.06
FT-2021-25208;06/02/2021;3514.16;773.12;4287.28
FT-2021-25295;08/02/2021;4925.65;1083.64;6009.29
FT-2021-25305;22/05/2021;4232.51;931.15;5163.66
FT-2021-25340;14/11/2021;10332.65;2273.18;12605.83
FT-2021-25374;01/02/2021;7855.38;1728.18;9583.56
FT-2021-25377;21/03/2021;4726.24;1039.77;5766.01
FT-2021-25378;08/10/2021;4493.83;988.64;5482.47
FT-2021-25383;29/04/2021;5130.27;1128.66;6258.93
FT-2021-25410;10/03/2021;5710.58;1256.33;6966.91
FT-2021-25454;14/08/2021;11758.82;2586.94;14345.76
FT-2021-25478;02/06/2021;10720.57;2358.53;13079.10
FT-2021-25500;11/01/2021;8249.96;1814.99;10064.95
FT-2021-25539;27/03/2021;4687.80;1031.32;5719.12
FT-2021-25576;05/02/2021;11925.60;2623.63;14549.23
FT-2021-25608;23/09/2021;13229.08;2910.40;16139.48
FT-2021-25690;11/06/2021;3615.87;795.49;4411.36
FT-2021-25697;22/05/2021;1173.08;258.08;1431.16
FT-2021-25751;09/09/2021;1676.57;368.85;2045.42
FT-2021-25756;17/08/2021;6845.90;1506.10;8352.00
FT-2021-25801;23/12/2021;6448.31;1418.63;7866.94
FT-2021-25804;07/03/2021;9747.09;2144.36;11891.45
FT-2021-25806;17/02/2021;2285.46;502.80;2788.26
FT-2021-25869;13/07/2021;4254.95;936.09;5191.04
FT-2021-25878;09/02/2021;3446.37;758.20;4204.57
FT-2021-25973;28/08/2021;7899.91;1737.98;9637.89
FT-2021-25981;15/06/2021;8330.59;1832.73;10163.32
FT-2021-26020;27/05/2021;4533.68;997.41;5531.09
FT-2021-26032;28/10/2021;13804.76;3037.05;16841.81
FT-2021-26065;28/08/2021;8189.11;1801.60;9990.71
FT-2021-26123;03/12/2021;2406.58;529.45;2936.03
FT-2021-26125;29/04/2021;5468.61;1203.09;6671.70
FT-2021-26143;10/08/2021;14096.14;3101.15;17197.29
FT-2021-26222;03/09/2021;2547.43;560.43;3107.86
FT-2021-26230;13/12/2021;890.91;196.00;1086.91
FT-2021-26298;26/07/2021;8628.14;1898.19;10526.33
FT-2021-26423;17/09/2021;6166.83;1356.70;7523.53
FT-2021-26435;21/08/2021;3866.97;850.73;4717.70
FT-2021-26448;15/11/2021;8219.91;1808.38;10028.29
FT-2021-26498;22/03/2021;14631.40;3218.91;17850.31
FT-2021-26612;28/05/2021;4080.16;897.64;4977.80
FT-2021-26623;31/07/2021;3770.95;829.61;4600.56
FT-2021-26649;17/08/2021;2279.80;501.56;2781.36
FT-2021-26736;19/08/2021;7075.42;1556.59;8632.01
FT-2021-26746;06/10/2021;14084.15;3098.51;17182.66
FT-2021-26812;17/09/2021;2583.77;568.43;3152.20
FT-2021-26900;28/05/2021;10776.45;2370.82;13147.27
FT-2021-26950;11/02/2021;8730.23;1920.65;10650.88
FT-2021-26982;26/05/2021;10152.45;2233.54;12385.99
FT-2021-27008;07/10/2021;9961.29;2191.48;12152.77
FT-2021-27018;25/12/2021;1468.63;323.10;1791.73
FT-2021-27037;02/05/2021;998.95;219.77;1218.72
FT-2021-27077;06/12/2021;12924.07;2843.30;15767.37
FT-2021-27079;25/10/2021;15079.53;3317.50;18397.03
FT-2021-27086;14/10/2021;2786.32;612.99;3399.31
FT-2021-27183;15/11/2021;1643.71;361.62;2005.33
FT-2021-27193;16/07/2021;2732.22;601.09;3333.31
FT-2021-27303;30/05/2021;8426.92;1853.92;10280.84
FT-2021-27379;23/09/2021;7279.44;1601.48;8880.92
FT-2021-27433;01/09/2021;4276.34;940.79;5217.13
FT-2021-27528;21/08/2021;7687.49;1691.25;9378.74
FT-2021-27537;28/06/2021;1907.92;419.74;2327.66
FT-2021-27581;05/02/2021;5680.53;1249.72;6930.25
FT-2021-27624;10/12/2021;6716.60;1477.65;8194.25
FT-2021-27626;21/12/2021;866.11;190.54;1056.65
FT-2021-27667;07/01/2022;10690.46;2351.90;13042.36
FT-2021-27686;24/08/2021;12894.10;2836.70;15730.80
FT-2021-27734;05/04/2021;4391.21;966.07;5357.28
FT-2021-27735;16/12/2021;4035.87;887.89;4923.76
FT-2021-27767;16/11/2021;12773.48;2810.17;15583.65
FT-2021-27815;23/07/2021;4587.07;1009.16;5596.23
FT-2021-27846;15/01/2021;11291.03;2484.03;13775.06
FT-2021-27858;16/10/2021;690.82;151.98;842.80
FT-2021-27859;28/05/2021;14592.66;3210.39;17803.05
FT-2021-27964;21/04/2021;9863.96;2170.07;12034.03
FT-2021-27970;16/10/2021;978.60;215.29;1193.89
FT-2021-27994;09/10/2021;5610.31;1234.27;6844.58
FT-2021-28051;01/05/2021;3201.12;704.25;3905.37
FT-2021-28059;21/07/2021;9636.62;2120.06;11756.68
FT-2021-28090;24/11/2021;2384.56;524.60;2909.16
FT-2021-28097;05/01/2021;8732.97;1921.25;10654.22
FT-2021-28099;20/10/2021;2531.75;556.99;3088.74
FT-2021-28121;10/10/2021;4818.51;1060.07;5878.58
FT-2021-28166;07/02/2021;2979.78;655.55;3635.33
FT-2021-28235;05/09/2021;4184.19;920.52;5104.71
FT-2021-28301;04/09/2021;6958.58;1530.89;8489.47
FT-2021-28340;18/11/2021;3686.97;811.13;4498.10
FT-2021-28371;14/05/2021;1664.96;366.29;2031.25
FT-2021-28376;06/08/2021;2866.54;630.64;3497.18
FT-2021-28403;28/06/2021;2087.92;459.34;2547.26
FT-2021-28440;18/09/2021;3694.72;812.84;4507.56
FT-2021-28467;31/03/2021;3277.51;721.05;3998.56
FT-2021-28470;11/06/2021;8667.21;1906.79;10574.00
FT-2021-28471;18/01/2021;2977.91;655.14;3633.05
FT-2021-28496;12/01/2021;6229.94;1370.59;7600.53
FT-2021-28529;23/08/2021;10160.46;2235.30;12395.76
FT-2021-28550;27/09/2021;4976.95;1094.93;6071.88
FT-2021-28560;26/03/2021;8579.63;1887.52;10467.15
FT-2021-28618;30/03/2021;7310.77;1608.37;8919.14
FT-2021-28621;26/04/2021;3073.02;676.06;3749.08
FT-2021-28628;22/10/2021;2821.90;620.82;3442.72
FT-2021-28662;28/11/2021;6585.18;1448.74;8033.92
FT-2021-28677;19/07/2021;1428.66;314.31;1742.97
FT-2021-28719;31/07/2021;7396.16;1627.16;9023.32
FT-2021-28721;03/09/2021;2243.27;493.52;2736.79
FT-2021-28747;20/07/2021;4063.31;893.93;4957.24
FT-2021-28825;22/01/2021;7317.50;1609.85;8927.35
FT-2021-28890;30/04/2021;4645.39;1021.99;5667.38
FT-2021-29007;10/10/2021;12021.32;2644.69;14666.01
FT-2021-29064;06/01/2022;14042.42;3089.33;17131.75
FT-2021-29076;14/09/2021;8929.50;1964.49;10893.99
FT-2021-29093;26/07/2021;12624.28;2777.34;15401.62
FT-2021-29130;26/06/2021;3044.64;669.82;3714.46
FT-2021-29172;08/04/2021;6383.63;1404.40;7788.03
FT-2021-29177;03/12/2021;10646.00;2342.12;12988.12
FT-2021-29265;16/11/2021;6862.23;1509.69;8371.92
FT-2021-29363;03/03/2021;7289.54;1603.70;8893.24
FT-2021-29504;25/11/2021;11984.88;2636.67;14621.55
FT-2021-29506;02/09/2021;4444.37;977.76;5422.13
FT-2021-29512;19/08/2021;1742.01;383.24;2125.25
FT-2021-29529;06/04/2021;289.96;63.79;353.75
FT-2021-29539;02/04/2021;3979.87;875.57;4855.44
FT-2021-29548;31/08/2021;8771.64;1929.76;10701.40
FT-2021-29590;12/09/2021;705.24;155.15;860.39
FT-2021-29591;12/07/2021;4063.54;893.98;4957.52
FT-2021-29649;20/08/2021;2823.05;621.07;3444.12
FT-2021-29651;24/05/2021;9449.71;2078.94;11528.65
FT-2021-29672;30/08/2021;9518.60;2094.09;11612.69
FT-2021-29676;20/10/2021;11073.81;2436.24;13510.05
FT-2021-29712;12/08/2021;3778.21;831.21;4609.42
FT-2021-29718;02/10/2021;2858.55;628.88;3487.43
FT-2021-29752;11/02/2021;3118.83;686.14;3804.97
FT-2021-29815;22/01/2021;1079.74;237.54;1317.28
FT-2021-29894;15/12/2021;7595.48;1671.01;9266.49
FT-2021-29903;04/10/2021;4202.46;924.54;5127.00
FT-2021-29910;13/05/2021;5103.51;1122.77;6226.28
FT-2021-29938;13/02/2021;425.67;93.65;519.32
FT-2021-29961;15/08/2021;1344.55;295.80;1640.35
FT-2021-29968;03/03/2021;1784.41;392.57;2176.98
FT-2021-30002;16/02/2021;4866.50;1070.63;5937.13
FT-2021-30036;08/04/2021;4995.56;1099.02;6094.58
FT-2021-30088;06/09/2021;12698.82;2793.74;15492.56
FT-2021-30147;03/06/2021;7760.65;1707.34;9467.99
FT-2021-30172;17/09/2021;2897.41;637.43;3534.84
FT-2021-30190;13/03/2021;13883.35;3054.34;16937.69
FT-2021-30243;23/12/2021;9278.61;2041.29;11319.90
FT-2021-30327;31/12/2021;2073.94;456.27;2530.21
FT-2021-30338;23/07/2021;5149.64;1132.92;6282.56
FT-2021-30385;12/04/2021;1123.19;247.10;1370.29
FT-2021-30423;29/11/2021;9355.23;2058.15;11413.38
FT-2021-30426;26/09/2021;2851.61;627.35;3478.96
FT-2021-30456;10/12/2021;2124.81;467.46;2592.27
FT-2021-30468;27/03/2021;3499.73;769.94;4269.67
FT-2021-30483;11/10/2021;3293.62;724.60;4018.22
FT-2021-30490;07/07/2021;6078.76;1337.33;7416.09
FT-2021-30531;19/04/2021;6049.55;1330.90;7380.45
FT-2021-30545;03/09/2021;6585.90;1448.90;8034.80
FT-2021-30555;20/03/2021;5506.70;1211.47;6718.17
FT-2021-30564;25/11/2021;996.51;219.23;1215.74
FT-2021-30584;04/08/2021;1790.27;393.86;2184.13
FT-2021-30742;13/02/2021;13414.40;2951.17;16365.57
FT-2021-30776;02/06/2021;10899.00;2397.78;13296.78
FT-2021-30789;19/03/2021;11432.65;2515.18;13947.83
FT-2021-30801;05/11/2021;8196.50;1803.23;9999.73
FT-2021-30805;04/11/2021;3317.17;729.78;4046.95
FT-2021-30813;17/10/2021;15776.74;3470.88;19247.62
FT-2021-30930;04/12/2021;5177.67;1139.09;6316.76
FT-2021-30971;31/05/2021;1403.50;308.77;1712.27
FT-2021-31007;09/03/2021;7042.63;1549.38;8592.01
FT-2021-31027;14/11/2021;5218.37;1148.04;6366.41
FT-2021-31149;19/03/2021;9050.63;1991.14;11041.77
FT-2021-31173;11/10/2021;1044.17;229.72;1273.89
FT-2021-31192;09/01/2021;5890.59;1295.93;7186.52
FT-2021-31216;14/08/2021;6684.36;1470.56;8154.92
FT-2021-31449;13/04/2021;5828.74;1282.32;7111.06
FT-2021-31478;14/08/2021;5082.34;1118.11;6200.45
FT-2021-31500;11/08/2021;9047.88;1990.53;11038.41
FT-2021-31523;13/12/2021;917.14;201.77;1118.91
FT-2021-31696;24/12/2021;10575.78;2326.67;12902.45
FT-2021-31747;02/07/2021;1381.98;304.04;1686.02
FT-2021-31781;22/06/2021;13664.86;3006.27;16671.13
FT-2021-31799;06/03/2021;6697.84;1473.52;8171.36
FT-2021-31818;06/06/2021;7636.21;1679.97;9316.18
FT-2021-31825;23/11/2021;4107.67;903.69;5011.36
FT-2021-31835;24/03/2021;10342.07;2275.26;12617.33
FT-2021-31879;07/10/2021;3431.40;754.91;4186.31
FT-2021-31880;25/08/2021;3310.22;728.25;4038.47
FT-2021-31915;24/01/2021;11313.73;2489.02;13802.75
FT-2021-31957;28/09/2021;6249.64;1374.92;7624.56
FT-2021-31981;01/01/2022;4775.18;1050.54;5825.72
FT-2021-32003;10/09/2021;1915.88;421.49;2337.37
FT-2021-32048;25/05/2021;3756.58;826.45;4583.03
FT-2021-32058;28/05/2021;11742.97;2583.45;14326.42
FT-2021-32065;05/10/2021;4826.63;1061.86;5888.49
FT-2021-32128;01/01/2022;4578.93;1007.36;5586.29
FT-2021-32158;08/11/2021;9758.42;2146.85;11905.27
FT-2021-32167;28/04/2021;1380.25;303.66;1683.91
FT-2021-32178;10/07/2021;5707.25;1255.60;6962.85
FT-2021-32210;19/08/2021;4426.33;973.79;5400.12
FT-2021-32246;26/07/2021;9297.00;2045.34;11342.34
FT-2021-32312;03/08/2021;983.82;216.44;1200.26
FT-2021-32313;22/10/2021;3471.90;763.82;4235.72
FT-2021-32360;05/11/2021;8005.69;1761.25;9766.94
FT-2021-32394;16/12/2021;11505.83;2531.28;14037.11
FT-2021-32414;17/05/2021;7924.18;1743.32;9667.50
FT-2021-32475;18/07/2021;4460.97;981.41;5442.38
FT-2021-32544;09/09/2021;8813.77;1939.03;10752.80
FT-2021-32602;25/12/2021;1972.07;433.86;2405.93
FT-2021-32604;04/12/2021;15645.96;3442.11;19088.07
FT-2021-32622;19/06/2021;5683.42;1250.35;6933.77
FT-2021-32650;15/04/2021;8597.36;1891.42;10488.78
FT-2021-32669;06/09/2021;1839.28;404.64;2243.92
FT-2021-32789;15/11/2021;8845.88;1946.09;10791.97
FT-2021-32843;05/04/2021;9391.52;2066.13;11457.65
FT-2021-32901;20/07/2021;4363.31;959.93;5323.24
FT-2021-32932;09/09/2021;11186.34;2460.99;13647.33
FT-2021-32987;30/12/2021;17712.88;3896.83;21609.71
FT-2021-32989;27/12/2021;12320.53;2710.52;15031.05
FT-2021-32994;11/07/2021;4856.11;1068.34;5924.45
FT-2021-32998;12/11/2021;5109.48;1124.09;6233.57
FT-2021-33023;08/09/2021;1648.89;362.76;2011.65
FT-2021-33080;22/02/2021;4416.36;971.60;5387.96
FT-2021-33115;26/02/2021;4242.52;933.35;5175.87
FT-2021-33122;17/11/2021;3490.99;768.02;4259.01
FT-2021-33169;08/07/2021;1490.89;328.00;1818.89
FT-2021-33185;24/06/2021;4910.58;1080.33;5990.91
FT-2021-33256;22/01/2021;7488.76;1647.53;9136.29
FT-2021-33306;17/02/2021;10470.09;2303.42;12773.51
FT-2021-33355;08/11/2021;5405.25;1189.15;6594.40
FT-2021-33392;29/10/2021;8800.72;1936.16;10736.88
FT-2021-33441;02/12/2021;1640.55;360.92;2001.47
FT-2021-33484;16/10/2021;2798.10;615.58;3413.68
FT-2021-33532;09/03/2021;3819.41;840.27;4659.68
FT-2021-33534;06/11/2021;7643.51;1681.57;9325.08
FT-2021-33656;09/01/2021;10833.08;2383.28;13216.36
FT-2021-33814;11/06/2021;12812.68;2818.79;15631.47
FT-2021-33821;16/05/2021;6065.37;1334.38;7399.75
FT-2021-33825;15/02/2021;10697.69;2353.49;13051.18
FT-2021-33898;31/07/2021;5814.44;1279.18;7093.62
FT-2021-33964;20/08/2021;5474.97;1204.49;6679.46
FT-2021-34022;11/11/2021;12311.98;2708.64;15020.62
FT-2021-34048;18/04/2021;11453.43;2519.75;13973.18
FT-2021-34066;20/06/2021;10233.85;2251.45;12485.30
FT-2021-34077;23/04/2021;13586.31;2988.99;16575.30
FT-2021-34134;19/04/2021;4127.89;908.14;5036.03
FT-2021-34180;14/01/2021;8094.79;1780.85;9875.64
FT-2021-34192;30/06/2021;13203.50;2904.77;16108.27
FT-2021-34203;24/09/2021;12283.72;2702.42;14986.14
FT-2021-34211;19/08/2021;2255.68;496.25;2751.93
FT-2021-34348;30/04/2021;3698.31;813.63;4511.94
FT-2021-34366;29/08/2021;6960.06;1531.21;8491.27
FT-2021-34379;12/11/2021;13601.98;2992.44;16594.42
FT-2021-34391;15/09/2021;8171.91;1797.82;9969.73
FT-2021-34401;04/01/2022;12107.16;2663.58;14770.74
FT-2021-34472;08/04/2021;6538.69;1438.51;7977.20
FT-2021-34484;26/07/2021;9919.93;2182.38;12102.31
FT-2021-34514;27/01/2021;3339.40;734.67;4074.07
FT-2021-34524;04/10/2021;3500.95;770.21;4271.16
FT-2021-34553;15/06/2021;5575.87;1226.69;6802.56
FT-2021-34612;31/05/2021;8210.93;1806.40;10017.33
FT-2021-34628;10/08/2021;10625.46;2337.60;12963.06
FT-2021-34670;05/05/2021;10493.77;2308.63;12802.40
FT-2021-34684;13/08/2021;3748.70;824.71;4573.41
FT-2021-34693;02/12/2021;2293.38;504.54;2797.92
FT-2021-34731;06/03/2021;3263.97;718.07;3982.04
FT-2021-34738;02/10/2021;789.06;173.59;962.65
FT-2021-34776;07/09/2021;3424.88;753.47;4178.35
FT-2021-34791;19/02/2021;11428.90;2514.36;13943.26
FT-2021-34874;13/01/2021;701.74;154.38;856.12
FT-2021-34942;21/08/2021;10463.08;2301.88;12764.96
FT-2021-34949;14/03/2021;13661.54;3005.54;16667.08
FT-2021-34960;28/08/2021;2132.40;469.13;2601.53
FT-2021-34986;31/08/2021;4846.35;1066.20;5912.55
FT-2021-35020;10/03/2021;4009.40;882.07;4891.47
FT-2021-35039;02/10/2021;4969.36;1093.26;6062.62
FT-2021-35073;24/02/2021;9724.42;2139.37;11863.79
FT-2021-35120;26/04/2021;2640.13;580.83;3220.96
FT-2021-35135;15/05/2021;11742.08;2583.26;14325.34
FT-2021-35242;03/09/2021;7950.78;1749.17;9699.95
FT-2021-35243;19/12/2021;10271.26;2259.68;12530.94
FT-2021-35257;22/11/2021;7217.85;1587.93;8805.78
FT-2021-35279;18/06/2021;4498.06;989.57;5487.63
FT-2021-35295;19/02/2021;4366.23;960.57;5326.80
FT-2021-35314;27/04/2021;1666.48;366.63;2033.11
FT-2021-35352;15/09/2021;7088.20;1559.40;8647.60
FT-2021-35397;17/05/2021;7338.93;1614.56;8953.49
FT-2021-35435;16/06/2021;12627.68;2778.09;15405.77
FT-2021-35441;06/06/2021;6544.38;1439.76;7984.14
FT-2021-35460;11/07/2021;4984.36;1096.56;6080.92
FT-2021-35553;14/06/2021;5614.83;1235.26;6850.09
FT-2021-35668;15/03/2021;10430.77;2294.77;12725.54
FT-2021-35691;06/09/2021;5900.28;1298.06;7198.34
FT-2021-35725;27/06/2021;5421.44;1192.72;6614.16
FT-2021-35767;22/12/2021;9901.75;2178.39;12080.14
FT-2021-35776;30/01/2021;2126.26;467.78;2594.04
FT-2021-35779;21/05/2021;6317.30;1389.81;7707.11
FT-2021-35831;23/09/2021;6907.61;1519.67;8427.28
FT-2021-35858;01/12/2021;6859.47;1509.08;8368.55
FT-2021-35952;16/03/2021;2485.44;546.80;3032.24
FT-2021-36006;26/06/2021;6802.89;1496.64;8299.53
FT-2021-36049;14/11/2021;4213.65;927.00;5140.65
FT-2021-36060;24/11/2021;5220.55;1148.52;6369.07
FT-2021-36127;12/12/2021;5528.66;1216.31;6744.97
FT-2021-36137;01/11/2021;13474.90;2964.48;16439.38
FT-2021-36139;20/05/2021;4760.83;1047.38;5808.21
FT-2021-36203;12/07/2021;2680.92;589.80;3270.72
FT-2021-36206;28/02/2021;11892.05;2616.25;14508.30
FT-2021-36208;09/01/2021;5022.82;1105.02;6127.84
FT-2021-36218;13/05/2021;8370.48;1841.51;10211.99
FT-2021-36223;29/08/2021;7890.90;1736.00;9626.90
FT-2021-36256;14/07/2021;1478.03;325.17;1803.20
FT-2021-36308;06/10/2021;5162.57;1135.77;6298.34
FT-2021-36348;12/01/2021;2479.18;545.42;3024.60
FT-2021-36358;20/07/2021;4744.09;1043.70;5787.79
FT-2021-36415;05/01/2022;6089.07;1339.60;7428.67
FT-2021-36431;19/08/2021;4046.03;890.13;4936.16
FT-2021-36475;10/11/2021;8223.00;1809.06;10032.06
FT-2021-36488;05/03/2021;6905.10;1519.12;8424.22
FT-2021-36502;05/02/2021;13878.57;3053.29;16931.86
FT-2021-36527;10/07/2021;11782.71;2592.20;14374.91
FT-2021-36636;27/02/2021;6784.12;1492.51;8276.63
FT-2021-36637;06/10/2021;9784.56;2152.60;11937.16
FT-2021-36669;15/05/2021;9782.91;2152.24;11935.15
FT-2021-36693;18/09/2021;8564.97;1884.29;10449.26
FT-2021-36723;08/09/2021;4893.70;1076.61;5970.31
FT-2021-36738;31/03/2021;9824.66;2161.43;11986.09
FT-2021-36745;22/10/2021;9421.74;2072.78;11494.52
FT-2021-36789;01/03/2021;10697.12;2353.37;13050.49
FT-2021-36819;09/02/2021;3163.25;695.91;3859.16
FT-2021-36862;14/06/2021;9577.58;2107.07;11684.65
FT-2021-36872;14/12/2021;1917.27;421.80;2339.07
FT-2021-36894;13/12/2021;8480.77;1865.77;10346.54
FT-2021-36920;05/04/2021;4361.40;959.51;5320.91
FT-2021-36923;18/03/2021;3693.95;812.67;4506.62
FT-2021-36962;04/05/2021;10116.49;2225.63;12342.12
FT-2021-37003;01/03/2021;2814.46;619.18;3433.64
FT-2021-37029;12/05/2021;7836.65;1724.06;9560.71
FT-2021-37118;27/05/2021;13497.02;2969.34;16466.36
FT-2021-37171;10/06/2021;5633.15;1239.29;6872.44
FT-2021-37184;28/08/2021;2277.32;501.01;2778.33
FT-2021-37242;24/10/2021;8020.64;1764.54;9785.18
FT-2021-37265;05/10/2021;3396.89;747.32;4144.21
FT-2021-37321;09/02/2021;8760.26;1927.26;10687.52
FT-2021-37374;08/09/2021;6056.48;1332.43;7388.91
FT-2021-37383;21/03/2021;3875.03;852.51;4727.54
FT-2021-37385;08/06/2021;13038.47;2868.46;15906.93
FT-2021-37515;26/10/2021;6817.03;1499.75;8316.78
FT-2021-37547;06/11/2021;6984.15;1536.51;8520.66
FT-2021-37570;18/11/2021;5800.78;1276.17;7076.95
FT-2021-37607;09/02/2021;12386.48;2725.03;15111.51
FT-2021-37641;31/08/2021;10722.82;2359.02;13081.84
FT-2021-37643;22/11/2021;4175.76;918.67;5094.43
FT-2021-37719;13/09/2021;1994.00;438.68;2432.68
FT-2021-37729;22/12/2021;13562.39;2983.73;16546.12
FT-2021-37737;24/08/2021;6129.06;1348.39;7477.45
FT-2021-37755;21/11/2021;1439.99;316.80;1756.79
FT-2021-37779;05/01/2022;6862.77;1509.81;8372.58
FT-2021-37813;28/01/2021;1012.73;222.80;1235.53
FT-2021-37845;20/07/2021;3679.25;809.44;4488.69
FT-2021-37920;29/04/2021;5215.98;1147.52;6363.50
FT-2021-37927;02/03/2021;12599.02;2771.78;15370.80
FT-2021-37972;04/09/2021;5321.30;1170.69;6491.99
FT-2021-38002;26/07/2021;3073.53;676.18;3749.71
FT-2021-38048;13/10/2021;6003.16;1320.70;7323.86
FT-2021-38089;21/12/2021;4177.93;919.14;5097.07
FT-2021-38092;01/09/2021;1734.52;381.59;2116.11
FT-2021-38104;11/12/2021;9761.19;2147.46;11908.65
FT-2021-38175;24/03/2021;12809.04;2817.99;15627.03
FT-2021-38249;17/07/2021;1920.96;422.61;2343.57
FT-2021-38269;13/12/2021;2374.44;522.38;2896.82
FT-2021-38328;16/10/2021;10033.33;2207.33;12240.66
FT-2021-38383;30/08/2021;3125.47;687.60;3813.07
FT-2021-38405;18/10/2021;10095.98;2221.12;12317.10
FT-2021-38425;02/08/2021;11855.58;2608.23;14463.81
FT-2021-38467;17/08/2021;12036.92;2648.12;14685.04
FT-2021-38516;31/08/2021;1641.46;361.12;2002.58
FT-2021-38573;22/05/2021;7304.81;1607.06;8911.87
FT-2021-38626;11/12/2021;5115.18;1125.34;6240.52
FT-2021-38627;10/12/2021;13064.90;2874.28;15939.18
FT-2021-38630;17/05/2021;3078.69;677.31;3756.00
FT-2021-38650;09/10/2021;5186.66;1141.07;6327.73
FT-2021-38674;12/06/2021;5428.48;1194.27;6622.75
FT-2021-38707;25/08/2021;5109.96;1124.19;6234.15
FT-2021-38709;01/11/2021;6727.16;1479.98;8207.14
FT-2021-38781;02/01/2022;8333.79;1833.43;10167.22
FT-2021-38809;07/07/2021;1337.24;294.19;1631.43
FT-2021-38825;28/04/2021;4974.72;1094.44;6069.16
FT-2021-38826;17/05/2021;4277.92;941.14;5219.06
FT-2021-38836;13/06/2021;14631.81;3219.00;17850.81
FT-2021-38872;15/11/2021;12081.86;2658.01;14739.87
FT-2021-38896;29/11/2021;1026.60;225.85;1252.45
FT-2021-38921;28/10/2021;2834.17;623.52;3457.69
FT-2021-38947;21/03/2021;4134.00;909.48;5043.48
FT-2021-38975;21/10/2021;5187.26;1141.20;6328.46
FT-2021-39001;02/05/2021;3819.11;840.20;4659.31
FT-2021-39024;18/10/2021;187.74;41.30;229.04
FT-2021-39130;16/08/2021;15356.07;3378.34;18734.41
FT-2021-39148;21/08/2021;1669.36;367.26;2036.62
FT-2021-39265;26/05/2021;1075.89;236.70;1312.59
FT-2021-39274;30/11/2021;322.46;70.94;393.40
FT-2021-39282;03/01/2022;11248.18;2474.60;13722.78
FT-2021-39284;24/08/2021;4553.07;1001.68;5554.75
FT-2021-39374;08/03/2021;11118.05;2445.97;13564.02
FT-2021-39383;16/04/2021;4484.71;986.64;5471.35
FT-2021-39396;09/04/2021;8193.49;1802.57;9996.06
FT-2021-39404;01/04/2021;7346.29;1616.18;8962.47
FT-2021-39414;04/12/2021;813.49;178.97;992.46
FT-2021-39436;27/12/2021;4754.93;1046.08;5801.01
FT-2021-39439;25/11/2021;6974.65;1534.42;8509.07
FT-2021-39467;16/08/2021;7730.19;1700.64;9430.83
FT-2021-39491;12/04/2021;4231.39;930.91;5162.30
FT-2021-39615;01/08/2021;8313.90;1829.06;10142.96
FT-2021-39623;09/11/2021;3767.93;828.94;4596.87
FT-2021-39635;21/07/2021;2521.02;554.62;3075.64
FT-2021-39663;01/03/2021;3551.19;781.26;4332.45
FT-2021-39674;03/04/2021;7299.05;1605.79;8904.84
FT-2021-39761;12/04/2021;1651.60;363.35;2014.95
FT-2021-39813;19/10/2021;11052.45;2431.54;13483.99
FT-2021-39910;14/08/2021;7228.57;1590.29;8818.86
FT-2021-39974;08/06/2021;3379.80;743.56;4123.36
FT-2021-40052;31/01/2021;6028.18;1326.20;7354.38
FT-2021-40111;09/06/2021;1108.28;243.82;1352.10
FT-2021-40189;20/02/2021;7551.68;1661.37;9213.05
FT-2021-40212;14/06/2021;13137.71;2890.30;16028.01
FT-2021-40234;17/09/2021;9818.45;2160.06;11978.51
FT-2021-40329;30/09/2021;6812.49;1498.75;8311.24
FT-2021-40430;16/10/2021;7912.54;1740.76;9653.30
FT-2021-40489;07/02/2021;2482.71;546.20;3028.91
FT-2021-40500;29/07/2021;6895.73;1517.06;8412.79
FT-2021-40535;04/11/2021;4438.05;976.37;5414.42
FT-2021-40578;24/07/2021;6655.78;1464.27;8120.05
FT-2021-40590;08/06/2021;13435.45;2955.80;16391.25
FT-2021-40609;16/12/2021;9048.91;1990.76;11039.67
FT-2021-40618;10/08/2021;2912.79;640.81;3553.60
FT-2021-40688;24/02/2021;15786.19;3472.96;19259.15
FT-2021-40711;29/04/2021;10030.37;2206.68;12237.05
FT-2021-40716;27/03/2021;13690.17;3011.84;16702.01
FT-2021-40717;02/02/2021;1189.58;261.71;1451.29
FT-2021-40755;05/08/2021;6375.12;1402.53;7777.65
FT-2021-40789;15/01/2021;15160.63;3335.34;18495.97
FT-2021-40859;04/06/2021;2770.38;609.48;3379.86
FT-2021-40886;27/06/2021;618.00;135.96;753.96
FT-2021-40890;26/02/2021;3289.14;723.61;4012.75
FT-2021-40908;29/11/2021;2538.22;558.41;3096.63
FT-2021-40949;21/04/2021;2315.96;509.51;2825.47
FT-2021-40951;08/02/2021;1999.45;439.88;2439.33
FT-2021-40952;18/11/2021;6028.88;1326.35;7355.23
FT-2021-40984;02/07/2021;6449.09;1418.80;7867.89
FT-2021-40991;15/10/2021;10558.88;2322.95;12881.83
FT-2021-41052;27/12/2021;7123.88;1567.25;8691.13
FT-2021-41063;13/02/2021;3173.66;698.21;3871.87
FT-2021-41081;02/08/2021;10488.77;2307.53;12796.30
FT-2021-41107;24/08/2021;2188.88;481.55;2670.43
FT-2021-41132;27/04/2021;5486.44;1207.02;6693.46
FT-2021-41323;23/09/2021;2083.97;458.47;2542.44
FT-2021-41349;08/02/2021;2523.05;555.07;3078.12
FT-2021-41351;02/10/2021;11357.75;2498.70;13856.45
FT-2021-41434;30/06/2021;7868.69;1731.11;9599.80
FT-2021-41468;08/05/2021;3234.53;711.60;3946.13
FT-2021-41477;19/01/2021;6930.20;1524.64;8454.84
FT-2021-41535;14/07/2021;13974.72;3074.44;17049.16
FT-2021-41550;08/12/2021;12568.19;2765.00;15333.19
FT-2021-41557;26/11/2021;2816.68;619.67;3436.35
FT-2021-41607;16/09/2021;8152.47;1793.54;9946.01
FT-2021-41616;25/10/2021;9182.96;2020.25;11203.21
FT-2021-41669;16/12/2021;9370.80;2061.58;11432.38
FT-2021-41726;04/01/2022;13703.46;3014.76;16718.22
FT-2021-41780;18/02/2021;3235.40;711.79;3947.19
FT-2021-41790;15/08/2021;5546.29;1220.18;6766.47
FT-2021-41886;13/01/2021;4776.90;1050.92;5827.82
FT-2021-41888;09/11/2021;9096.73;2001.28;11098.01
FT-2021-41923;27/02/2021;9430.93;2074.80;11505.73
FT-2021-41928;11/02/2021;3737.99;822.36;4560.35
FT-2021-41984;28/11/2021;2331.63;512.96;2844.59
FT-2021-41992;12/11/2021;13161.74;2895.58;16057.32
FT-2021-42039;14/04/2021;3658.01;804.76;4462.77
FT-2021-42046;27/09/2021;1458.28;320.82;1779.10
FT-2021-42050;16/08/2021;12370.00;2721.40;15091.40
FT-2021-42082;09/10/2021;5770.67;1269.55;7040.22
FT-2021-42105;08/02/2021;3326.49;731.83;4058.32
FT-2021-42149;21/04/2021;9342.83;2055.42;11398.25
FT-2021-42152;29/09/2021;11050.37;2431.08;13481.45
FT-2021-42154;13/05/2021;2607.90;573.74;3181.64
FT-2021-42183;22/08/2021;3616.81;795.70;4412.51
FT-2021-42241;21/05/2021;7299.40;1605.87;8905.27
FT-2021-42245;26/07/2021;7839.05;1724.59;9563.64
FT-2021-42272;20/11/2021;4920.90;1082.60;6003.50
FT-2021-42273;15/04/2021;9468.38;2083.04;11551.42
FT-2021-42311;03/07/2021;1477.43;325.03;1802.46
FT-2021-42314;08/11/2021;10171.74;2237.78;12409.52
FT-2021-42323;21/06/2021;2306.30;507.39;2813.69
FT-2021-42358;02/06/2021;2973.82;654.24;3628.06
FT-2021-42359;12/06/2021;1666.29;366.58;2032.87
FT-2021-42369;15/10/2021;10836.67;2384.07;13220.74
FT-2021-42419;12/03/2021;14196.63;3123.26;17319.89
FT-2021-42421;10/02/2021;7902.68;1738.59;9641.27
FT-2021-42556;30/01/2021;6481.57;1425.95;7907.52
FT-2021-42571;08/01/2021;10587.13;2329.17;12916.30
FT-2021-42595;04/06/2021;6191.20;1362.06;7553.26
FT-2021-42673;01/02/2021;3704.44;814.98;4519.42
FT-2021-42696;21/02/2021;13920.31;3062.47;16982.78
FT-2021-42700;12/02/2021;8499.99;1870.00;10369.99
FT-2021-42718;20/10/2021;8631.89;1899.02;10530.91
FT-2021-42759;03/04/2021;5730.88;1260.79;6991.67
FT-2021-42773;20/11/2021;2706.19;595.36;3301.55
FT-2021-42794;03/01/2022;11994.81;2638.86;14633.67
FT-2021-42803;02/04/2021;5856.09;1288.34;7144.43
FT-2021-42842;19/01/2021;2369.45;521.28;2890.73
FT-2021-42880;24/11/2021;12818.90;2820.16;15639.06
FT-2021-42938;15/01/2021;3236.41;712.01;3948.42
FT-2021-42941;09/03/2021;4590.58;1009.93;5600.51
FT-2021-42949;27/05/2021;11800.84;2596.18;14397.02
FT-2021-42969;06/03/2021;8869.04;1951.19;10820.23
FT-2021-43000;13/10/2021;4626.60;1017.85;5644.45
FT-2021-43021;10/09/2021;3442.93;757.44;4200.37
FT-2021-43034;26/07/2021;6879.66;1513.53;8393.19
FT-2021-43096;28/09/2021;7456.91;1640.52;9097.43
FT-2021-43127;15/11/2021;3637.38;800.22;4437.60
FT-2021-43146;07/02/2021;1198.07;263.58;1461.65
FT-2021-43152;02/11/2021;11354.05;2497.89;13851.94
FT-2021-43164;05/06/2021;7142.42;1571.33;8713.75
FT-2021-43178;28/06/2021;4515.32;993.37;5508.69
FT-2021-43234;02/12/2021;896.19;197.16;1093.35
FT-2021-43279;15/01/2021;14919.61;3282.31;18201.92
FT-2021-43347;22/06/2021;6269.84;1379.36;7649.20
FT-2021-43369;22/01/2021;9651.93;2123.42;11775.35
FT-2021-43390;17/05/2021;8366.50;1840.63;10207.13
FT-2021-43410;09/07/2021;6210.73;1366.36;7577.09
FT-2021-43481;10/08/2021;7013.04;1542.87;8555.91
FT-2021-43489;28/11/2021;4123.15;907.09;5030.24
FT-2021-43495;10/08/2021;7742.75;1703.40;9446.15
FT-2021-43498;06/08/2021;6169.05;1357.19;7526.24
FT-2021-43571;27/07/2021;6469.24;1423.23;7892.47
FT-2021-43579;11/05/2021;13526.61;2975.85;16502.46
FT-2021-43791;12/07/2021;4889.62;1075.72;5965.34
FT-2021-43836;21/01/2021;4352.36;957.52;5309.88
FT-2021-43944;17/12/2021;6380.16;1403.64;7783.80
FT-2021-43986;04/06/2021;7814.24;1719.13;9533.37
FT-2021-43988;04/11/2021;4505.75;991.26;5497.01
FT-2021-43999;26/05/2021;4616.44;1015.62;5632.06
FT-2021-44016;29/09/2021;5361.78;1179.59;6541.37
FT-2021-44115;04/03/2021;9087.90;1999.34;11087.24
FT-2021-44165;08/09/2021;4838.39;1064.45;5902.84
FT-2021-44253;13/02/2021;961.90;211.62;1173.52
FT-2021-44318;02/06/2021;13217.98;2907.96;16125.94
FT-2021-44427;31/03/2021;10230.65;2250.74;12481.39
FT-2021-44469;15/03/2021;10857.68;2388.69;13246.37
FT-2021-44477;18/12/2021;11172.72;2458.00;13630.72
FT-2021-44478;05/07/2021;6099.41;1341.87;7441.28
FT-2021-44519;30/04/2021;7018.77;1544.13;8562.90
FT-2021-44526;13/09/2021;12541.91;2759.22;15301.13
FT-2021-44578;12/05/2021;10983.11;2416.28;13399.39
FT-2021-44589;25/03/2021;2022.82;445.02;2467.84
FT-2021-44592;10/04/2021;5861.03;1289.43;7150.46
FT-2021-44596;06/01/2022;7033.19;1547.30;8580.49
FT-2021-44599;14/02/2021;3965.95;872.51;4838.46
FT-2021-44682;27/01/2021;1968.16;433.00;2401.16
FT-2021-44693;06/01/2022;2292.24;504.29;2796.53
FT-2021-44728;03/02/2021;7772.68;1709.99;9482.67
FT-2021-44743;21/10/2021;6592.78;1450.41;8043.19
FT-2021-44768;16/09/2021;4487.30;987.21;5474.51
FT-2021-44781;12/09/2021;12702.84;2794.62;15497.46
FT-2021-44818;21/06/2021;4905.67;1079.25;5984.92
FT-2021-44882;06/07/2021;2847.54;626.46;3474.00
FT-2021-44908;25/08/2021;8371.94;1841.83;10213.77
FT-2021-44911;18/03/2021;5858.13;1288.79;7146.92
FT-2021-44925;16/10/2021;444.05;97.69;541.74
FT-2021-45005;25/04/2021;3098.37;681.64;3780.01
FT-2021-45026;03/12/2021;7912.85;1740.83;9653.68
FT-2021-45032;23/08/2021;931.66;204.97;1136.63
FT-2021-45089;01/11/2021;4338.05;954.37;5292.42
FT-2021-45164;02/12/2021;1631.44;358.92;1990.36
FT-2021-45167;07/10/2021;1291.08;284.04;1575.12
FT-2021-45197;26/06/2021;11495.21;2528.95;14024.16
FT-2021-45246;15/07/2021;3566.65;784.66;4351.31
FT-2021-45299;27/09/2021;12221.28;2688.68;14909.96
FT-2021-45300;29/04/2021;9287.96;2043.35;11331.31
FT-2021-45361;24/09/2021;6925.59;1523.63;8449.22
FT-2021-45377;08/12/2021;6130.22;1348.65;7478.87
FT-2021-45409;28/03/2021;11812.72;2598.80;14411.52
FT-2021-45507;28/05/2021;5249.93;1154.98;6404.91
FT-2021-45508;23/05/2021;9517.99;2093.96;11611.95
FT-2021-45522;20/05/2021;7897.91;1737.54;9635.45
FT-2021-45668;26/12/2021;6226.79;1369.89;7596.68
FT-2021-45701;10/02/2021;1863.66;410.01;2273.67
FT-2021-45774;23/06/2021;8943.37;1967.54;10910.91
FT-2021-45892;30/12/2021;5621.87;1236.81;6858.68
FT-2021-45921;04/12/2021;6314.77;1389.25;7704.02
FT-2021-45955;29/06/2021;8567.30;1884.81;10452.11
FT-2021-45977;04/04/2021;2725.89;599.70;3325.59
FT-2021-45986;25/03/2021;3579.52;787.49;4367.01
FT-2021-46022;24/10/2021;6462.02;1421.64;7883.66
FT-2021-46080;17/03/2021;3089.48;679.69;3769.17
FT-2021-46122;07/07/2021;3133.98;689.48;3823.46
FT-2021-46192;28/03/2021;4788.05;1053.37;5841.42
FT-2021-46195;29/03/2021;5925.70;1303.65;7229.35
FT-2021-46213;09/04/2021;10738.08;2362.38;13100.46
FT-2021-46223;20/03/2021;5358.16;1178.80;6536.96
FT-2021-46257;25/04/2021;10341.16;2275.06;12616.22
FT-2021-46273;18/09/2021;8207.85;1805.73;10013.58
FT-2021-46340;02/06/2021;1456.26;320.38;1776.64
FT-2021-46372;23/09/2021;5374.64;1182.42;6557.06
FT-2021-46439;17/04/2021;14077.96;3097.15;17175.11
FT-2021-46473;23/04/2021;15110.74;3324.36;18435.10
FT-2021-46475;17/11/2021;12303.35;2706.74;15010.09
FT-2021-46480;05/12/2021;7185.66;1580.85;8766.51
FT-2021-46483;26/10/2021;1235.44;271.80;1507.24
FT-2021-46500;15/04/2021;2071.01;455.62;2526.63
FT-2021-46519;15/06/2021;6137.20;1350.18;7487.38
FT-2021-46536;16/11/2021;549.77;120.95;670.72
FT-2021-46551;17/11/2021;16328.53;3592.28;19920.81
FT-2021-46555;19/10/2021;16714.99;3677.30;20392.29
FT-2021-46664;09/06/2021;5236.36;1152.00;6388.36
FT-2021-46678;28/08/2021;6179.29;1359.44;7538.73
FT-2021-46731;13/10/2021;2666.25;586.58;3252.83
FT-2021-46810;22/01/2021;4036.58;888.05;4924.63
FT-2021-46811;15/08/2021;5146.96;1132.33;6279.29
FT-2021-46878;02/10/2021;8995.68;1979.05;10974.73
FT-2021-46895;24/09/2021;5741.66;1263.17;7004.83
FT-2021-47025;08/10/2021;1823.05;401.07;2224.12
FT-2021-47188;15/10/2021;2907.84;639.72;3547.56
FT-2021-47211;25/04/2021;5780.00;1271.60;7051.60
FT-2021-47277;12/11/2021;5518.65;1214.10;6732.75
FT-2021-47358;04/08/2021;3382.22;744.09;4126.31
FT-2021-47359;21/06/2021;11323.62;2491.20;13814.82
FT-2021-47396;18/08/2021;9463.64;2082.00;11545.64
FT-2021-47399;29/06/2021;11941.40;2627.11;14568.51
FT-2021-47400;06/08/2021;9705.58;2135.23;11840.81
FT-2021-47452;05/11/2021;3857.38;848.62;4706.00
FT-2021-47467;24/12/2021;1994.54;438.80;2433.34
FT-2021-47495;11/01/2021;6683.98;1470.48;8154.46
FT-2021-47525;17/12/2021;10814.94;2379.29;13194.23
FT-2021-47567;09/06/2021;4028.21;886.21;4914.42
FT-2021-47576;12/09/2021;782.07;172.06;954.13
FT-2021-47579;11/02/2021;7205.15;1585.13;8790.28
FT-2021-47621;17/09/2021;10093.66;2220.61;12314.27
FT-2021-47624;25/09/2021;2583.25;568.32;3151.57
FT-2021-47628;05/05/2021;6009.48;1322.09;7331.57
FT-2021-47677;08/12/2021;5849.79;1286.95;7136.74
FT-2021-47687;30/07/2021;8700.82;1914.18;10615.00
FT-2021-47808;13/09/2021;13529.94;2976.59;16506.53
FT-2021-47846;24/12/2021;9028.80;1986.34;11015.14
FT-2021-47882;09/11/2021;1720.12;378.43;2098.55
FT-2021-47906;09/08/2021;4009.18;882.02;4891.20
FT-2021-47910;21/06/2021;8678.08;1909.18;10587.26
FT-2021-48035;28/06/2021;1943.95;427.67;2371.62
FT-2021-48050;30/03/2021;8177.44;1799.04;9976.48
FT-2021-48076;19/09/2021;4870.94;1071.61;5942.55
FT-2021-48104;15/08/2021;4411.93;970.62;5382.55
FT-2021-48155;15/01/2021;3065.21;674.35;3739.56
FT-2021-48164;24/10/2021;3527.58;776.07;4303.65
FT-2021-48165;14/06/2021;3002.46;660.54;3663.00
FT-2021-48168;21/12/2021;13813.45;3038.96;16852.41
FT-2021-48171;26/03/2021;10614.31;2335.15;12949.46
FT-2021-48183;29/11/2021;3287.03;723.15;4010.18
FT-2021-48208;06/01/2022;9959.16;2191.02;12150.18
FT-2021-48280;16/06/2021;10613.58;2334.99;12948.57
FT-2021-48372;20/01/2021;1571.37;345.70;1917.07
FT-2021-48383;07/03/2021;5283.50;1162.37;6445.87
FT-2021-48398;24/05/2021;8965.21;1972.35;10937.56
FT-2021-48406;28/11/2021;2127.26;468.00;2595.26
FT-2021-48419;07/03/2021;8514.43;1873.17;10387.60
FT-2021-48422;09/02/2021;3103.88;682.85;3786.73
FT-2021-48452;25/02/2021;5767.15;1268.77;7035.92
FT-2021-48455;12/10/2021;886.05;194.93;1080.98
FT-2021-48500;21/03/2021;15402.59;3388.57;18791.16
FT-2021-48509;21/09/2021;5728.63;1260.30;6988.93
FT-2021-48541;25/12/2021;4423.51;973.17;5396.68
FT-2021-48559;18/07/2021;3500.92;770.20;4271.12
FT-2021-48593;21/06/2021;3877.27;853.00;4730.27
FT-2021-48640;09/07/2021;8171.89;1797.82;9969.71
FT-2021-48713;30/09/2021;2814.27;619.14;3433.41
FT-2021-48730;30/09/2021;8513.80;1873.04;10386.84
FT-2021-48739;03/02/2021;7257.66;1596.69;8854.35
FT-2021-48774;30/11/2021;7286.55;1603.04;8889.59
FT-2021-48788;01/01/2022;10867.73;2390.90;13258.63
FT-2021-48843;26/05/2021;8818.98;1940.18;10759.16
FT-2021-48894;04/05/2021;4862.18;1069.68;5931.86
FT-2021-48923;16/04/2021;12581.92;2768.02;15349.94
FT-2021-48977;10/09/2021;3183.06;700.27;3883.33
FT-2021-49002;16/01/2021;7328.78;1612.33;8941.11
FT-2021-49018;20/06/2021;5081.21;1117.87;6199.08
FT-2021-49059;07/07/2021;1954.57;430.01;2384.58
FT-2021-49093;26/12/2021;2504.12;550.91;3055.03
FT-2021-49144;14/09/2021;2586.37;569.00;3155.37
FT-2021-49169;12/03/2021;1123.75;247.22;1370.97
FT-2021-49258;23/09/2021;7367.00;1620.74;8987.74
FT-2021-49343;18/06/2021;6922.58;1522.97;8445.55
FT-2021-49353;22/12/2021;1954.47;429.98;2384.45
FT-2021-49354;28/04/2021;15539.51;3418.69;18958.20
FT-2021-49387;17/04/2021;1236.82;272.10;1508.92
FT-2021-49462;09/10/2021;15414.77;3391.25;18806.02
FT-2021-49488;13/01/2021;14726.85;3239.91;17966.76
FT-2021-49533;05/06/2021;4618.89;1016.16;5635.05
FT-2021-49557;24/04/2021;5872.21;1291.89;7164.10
FT-2021-49588;14/01/2021;7586.64;1669.06;9255.70
FT-2021-49613;06/04/2021;11159.79;2455.15;13614.94
FT-2021-49675;21/01/2021;4963.54;1091.98;6055.52
FT-2021-49690;13/08/2021;8155.86;1794.29;9950.15
FT-2021-49742;12/05/2021;6897.67;1517.49;8415.16
FT-2021-49747;08/07/2021;11346.40;2496.21;13842.61
FT-2021-49758;10/10/2021;4747.32;1044.41;5791.73
FT-2021-49779;18/02/2021;12390.14;2725.83;15115.97
FT-2021-49789;15/11/2021;12189.86;2681.77;14871.63
FT-2021-49805;14/11/2021;4045.32;889.97;4935.29
FT-2021-49809;10/02/2021;11653.53;2563.78;14217.31
FT-2021-49866;28/04/2021;7787.80;1713.32;9501.12
FT-2021-49946;21/02/2021;5445.67;1198.05;6643.72
FT-2021-49962;28/10/2021;1855.27;408.16;2263.43
FT-2021-50045;11/07/2021;2476.44;544.82;3021.26
FT-2021-50049;07/02/2021;10633.60;2339.39;12972.99
FT-2021-50051;19/06/2021;3582.84;788.22;4371.06
FT-2021-50142;01/03/2021;6067.76;1334.91;7402.67
FT-2021-50179;18/03/2021;12983.65;2856.40;15840.05
FT-2021-50188;17/04/2021;7902.26;1738.50;9640.76
FT-2021-50190;27/12/2021;7948.01;1748.56;9696.57
FT-2021-50245;19/10/2021;6835.32;1503.77;8339.09
FT-2021-50286;23/11/2021;6915.59;1521.43;8437.02
FT-2021-50398;06/01/2022;14160.72;3115.36;17276.08
FT-2021-50520;24/02/2021;10566.45;2324.62;12891.07
FT-2021-50525;17/11/2021;1653.79;363.83;2017.62
FT-2021-50536;22/07/2021;10793.09;2374.48;13167.57
FT-2021-50564;03/09/2021;10967.25;2412.80;13380.05
FT-2021-50623;04/12/2021;9285.72;2042.86;11328.58
FT-2021-50648;02/10/2021;2652.41;583.53;3235.94
FT-2021-50697;20/10/2021;7390.65;1625.94;9016.59
FT-2021-50733;25/04/2021;7449.05;1638.79;9087.84
FT-2021-50739;04/09/2021;2196.03;483.13;2679.16
FT-2021-50741;24/01/2021;7087.76;1559.31;8647.07
FT-2021-50816;30/09/2021;2088.49;459.47;2547.96
FT-2021-50843;14/08/2021;6842.35;1505.32;8347.67
FT-2021-50844;24/06/2021;4621.75;1016.78;5638.53
FT-2021-50871;24/08/2021;7573.16;1666.10;9239.26
FT-2021-50897;18/02/2021;8568.18;1885.00;10453.18
FT-2021-50960;10/04/2021;2053.58;451.79;2505.37
FT-2021-50973;07/10/2021;2471.45;543.72;3015.17
FT-2021-50982;26/12/2021;5474.85;1204.47;6679.32
FT-2021-50987;10/09/2021;1147.39;252.43;1399.82
FT-2021-51002;23/10/2021;4399.10;967.80;5366.90
FT-2021-51007;28/08/2021;5403.11;1188.68;6591.79
FT-2021-51072;01/08/2021;1931.92;425.02;2356.94
FT-2021-51140;28/06/2021;3919.48;862.29;4781.77
FT-2021-51158;15/05/2021;6087.42;1339.23;7426.65
FT-2021-51163;02/04/2021;4393.69;966.61;5360.30
FT-2021-51284;18/11/2021;6469.72;1423.34;7893.06
FT-2021-51468;12/03/2021;7905.00;1739.10;9644.10
FT-2021-51514;08/02/2021;2144.38;471.76;2616.14
FT-2021-51518;08/06/2021;5450.18;1199.04;6649.22
FT-2021-51531;07/01/2022;2459.34;541.05;3000.39
FT-2021-51635;14/02/2021;7579.95;1667.59;9247.54
FT-2021-51681;07/12/2021;3068.94;675.17;3744.11
FT-2021-51833;24/05/2021;2264.39;498.17;2762.56
FT-2021-51856;06/07/2021;13505.14;2971.13;16476.27
FT-2021-51864;29/12/2021;3890.93;856.00;4746.93
FT-2021-51949;03/08/2021;5762.99;1267.86;7030.85
FT-2021-52039;18/12/2021;11079.57;2437.51;13517.08
FT-2021-52074;04/12/2021;6475.13;1424.53;7899.66
FT-2021-52102;21/06/2021;4140.05;910.81;5050.86
FT-2021-52124;20/12/2021;5062.87;1113.83;6176.70
FT-2021-52168;10/06/2021;8191.63;1802.16;9993.79
FT-2021-52198;24/12/2021;8278.37;1821.24;10099.61
FT-2021-52208;14/04/2021;14265.25;3138.36;17403.61
FT-2021-52221;16/08/2021;1388.75;305.52;1694.27
FT-2021-52236;07/01/2022;9046.11;1990.14;11036.25
FT-2021-52295;29/09/2021;3271.29;719.68;3990.97
FT-2021-52301;04/01/2022;13183.62;2900.40;16084.02
FT-2021-52372;17/12/2021;2233.22;491.31;2724.53
FT-2021-52376;03/11/2021;4929.29;1084.44;6013.73
FT-2021-52390;31/03/2021;1508.27;331.82;1840.09
FT-2021-52396;19/02/2021;1671.68;367.77;2039.45
FT-2021-52405;27/08/2021;11604.63;2553.02;14157.65
FT-2021-52416;19/06/2021;8180.01;1799.60;9979.61
FT-2021-52499;11/08/2021;12212.02;2686.64;14898.66
FT-2021-52530;25/11/2021;8411.10;1850.44;10261.54
FT-2021-52551;07/10/2021;4158.08;914.78;5072.86
FT-2021-52564;28/08/2021;10825.41;2381.59;13207.00
FT-2021-52587;06/12/2021;1336.41;294.01;1630.42
FT-2021-52588;16/09/2021;14187.85;3121.33;17309.18
FT-2021-52636;05/07/2021;1961.26;431.48;2392.74
FT-2021-52646;14/10/2021;4522.67;994.99;5517.66
FT-2021-52660;30/07/2021;5854.14;1287.91;7142.05
FT-2021-52680;04/04/2021;13305.89;2927.30;16233.19
FT-2021-52703;17/05/2021;9328.85;2052.35;11381.20
FT-2021-52704;29/09/2021;11839.53;2604.70;14444.23
FT-2021-52721;24/08/2021;14469.01;3183.18;17652.19
FT-2021-52803;02/12/2021;10249.52;2254.89;12504.41
FT-2021-52810;02/04/2021;1604.25;352.94;1957.19
FT-2021-52822;12/06/2021;4800.54;1056.12;5856.66
FT-2021-52851;31/12/2021;7014.56;1543.20;8557.76
FT-2021-52869;31/01/2021;9451.27;2079.28;11530.55
FT-2021-52931;09/08/2021;1892.51;416.35;2308.86
FT-2021-52962;07/10/2021;4561.51;1003.53;5565.04
FT-2021-52967;05/12/2021;10074.11;2216.30;12290.41
FT-2021-53058;19/11/2021;15024.23;3305.33;18329.56
FT-2021-53116;12/03/2021;1890.15;415.83;2305.98
FT-2021-53138;20/11/2021;8541.92;1879.22;10421.14
FT-2021-53170;20/12/2021;12261.80;2697.60;14959.40
FT-2021-53179;14/12/2021;3111.23;684.47;3795.70
FT-2021-53185;06/10/2021;6734.20;1481.52;8215.72
FT-2021-53190;14/12/2021;2726.47;599.82;3326.29
FT-2021-53236;18/10/2021;12229.49;2690.49;14919.98
FT-2021-53305;11/06/2021;14248.82;3134.74;17383.56
FT-2021-53340;28/11/2021;13525.87;2975.69;16501.56
FT-2021-53390;13/07/2021;11677.19;2568.98;14246.17
FT-2021-53419;10/07/2021;12752.27;2805.50;15557.77
FT-2021-53451;09/09/2021;3334.51;733.59;4068.10
FT-2021-53499;11/04/2021;779.36;171.46;950.82
FT-2021-53511;27/11/2021;2667.12;586.77;3253.89
FT-2021-53617;29/08/2021;4330.75;952.76;5283.51
FT-2021-53632;09/01/2021;4483.68;986.41;5470.09
FT-2021-53731;06/04/2021;8720.89;1918.60;10639.49
FT-2021-53784;24/04/2021;2303.19;506.70;2809.89
FT-2021-53928;08/06/2021;6252.06;1375.45;7627.51
FT-2021-53971;04/05/2021;6226.33;1369.79;7596.12
FT-2021-53981;21/01/2021;5658.97;1244.97;6903.94
FT-2021-54020;17/03/2021;1675.47;368.60;2044.07
FT-2021-54039;26/11/2021;3441.28;757.08;4198.36
FT-2021-54115;24/11/2021;6660.13;1465.23;8125.36
FT-2021-54130;23/06/2021;2699.91;593.98;3293.89
FT-2021-54140;05/12/2021;3915.44;861.40;4776.84
FT-2021-54157;17/07/2021;7647.38;1682.42;9329.80
FT-2021-54170;16/02/2021;3827.20;841.98;4669.18
FT-2021-54200;16/05/2021;7655.48;1684.21;9339.69
FT-2021-54209;18/03/2021;15785.32;3472.77;19258.09
FT-2021-54259;18/04/2021;10183.98;2240.48;12424.46
FT-2021-54270;02/01/2022;1704.71;375.04;2079.75
FT-2021-54332;24/09/2021;1893.71;416.62;2310.33
FT-2021-54474;07/03/2021;4100.01;902.00;5002.01
FT-2021-54481;05/10/2021;7017.11;1543.76;8560.87
FT-2021-54502;16/07/2021;2952.17;649.48;3601.65
FT-2021-54537;21/12/2021;5941.04;1307.03;7248.07
FT-2021-54706;14/10/2021;3314.92;729.28;4044.20
FT-2021-54713;26/08/2021;6803.66;1496.81;8300.47
FT-2021-54786;15/06/2021;5234.51;1151.59;6386.10
FT-2021-54803;23/02/2021;13975.20;3074.54;17049.74
FT-2021-54851;20/02/2021;8578.73;1887.32;10466.05
FT-2021-54886;22/12/2021;7752.18;1705.48;9457.66
FT-2021-54937;22/05/2021;1385.85;304.89;1690.74
FT-2021-54970;08/11/2021;1044.70;229.83;1274.53
FT-2021-55007;28/01/2021;5271.40;1159.71;6431.11
FT-2021-55018;17/11/2021;5385.16;1184.74;6569.90
FT-2021-55028;22/06/2021;6573.94;1446.27;8020.21
FT-2021-55068;11/10/2021;9876.30;2172.79;12049.09
FT-2021-55111;09/10/2021;4243.71;933.62;5177.33
FT-2021-55143;06/07/2021;631.87;139.01;770.88
FT-2021-55145;10/08/2021;2859.98;629.20;3489.18
FT-2021-55161;06/12/2021;7273.67;1600.21;8873.88
FT-2021-55230;09/12/2021;7407.42;1629.63;9037.05
FT-2021-55242;01/06/2021;12726.76;2799.89;15526.65
FT-2021-55309;06/09/2021;710.84;156.38;867.22
FT-2021-55345;18/01/2021;11484.13;2526.51;14010.64
FT-2021-55358;06/07/2021;621.08;136.64;757.72
FT-2021-55377;04/12/2021;4313.89;949.06;5262.95
FT-2021-55383;24/11/2021;3544.03;779.69;4323.72
FT-2021-55412;29/10/2021;8613.70;1895.01;10508.71
FT-2021-55452;14/02/2021;5049.77;1110.95;6160.72
FT-2021-55501;19/06/2021;1710.62;376.34;2086.96
FT-2021-55514;20/08/2021;3000.28;660.06;3660.34
FT-2021-55540;12/08/2021;4119.89;906.38;5026.27
FT-2021-55546;30/12/2021;5986.18;1316.96;7303.14
FT-2021-55550;19/12/2021;5584.15;1228.51;6812.66
FT-2021-55600;10/11/2021;1243.83;273.64;1517.47
FT-2021-55610;21/12/2021;8616.74;1895.68;10512.42
FT-2021-55697;23/04/2021;5755.45;1266.20;7021.65
FT-2021-55733;19/12/2021;1682.54;370.16;2052.70
FT-2021-55739;06/12/2021;4974.03;1094.29;6068.32
FT-2021-55755;11/04/2021;11314.45;2489.18;13803.63
FT-2021-55775;25/02/2021;7567.62;1664.88;9232.50
FT-2021-55807;16/03/2021;1469.51;323.29;1792.80
FT-2021-55825;06/02/2021;4952.18;1089.48;6041.66
FT-2021-55880;22/10/2021;5730.38;1260.68;6991.06
FT-2021-56123;11/01/2021;6106.57;1343.45;7450.02
FT-2021-56126;03/07/2021;3851.79;847.39;4699.18
FT-2021-56134;01/07/2021;3643.76;801.63;4445.39
FT-2021-56140;21/01/2021;2328.53;512.28;2840.81
FT-2021-56187;21/12/2021;5171.30;1137.69;6308.99
FT-2021-56194;12/03/2021;9442.58;2077.37;11519.95
FT-2021-56222;15/11/2021;3487.06;767.15;4254.21
FT-2021-56269;15/02/2021;5848.72;1286.72;7135.44
FT-2021-56294;18/06/2021;1301.39;286.31;1587.70
FT-2021-56343;31/08/2021;8536.39;1878.01;10414.40
FT-2021-56411;04/12/2021;10599.37;2331.86;12931.23
FT-2021-56440;30/05/2021;6478.66;1425.31;7903.97
FT-2021-56467;26/11/2021;2307.00;507.54;2814.54
FT-2021-56474;01/06/2021;5651.89;1243.42;6895.31
FT-2021-56497;07/06/2021;10145.90;2232.10;12378.00
FT-2021-56579;21/11/2021;8714.46;1917.18;10631.64
FT-2021-56616;08/03/2021;10694.55;2352.80;13047.35
FT-2021-56631;09/03/2021;10844.99;2385.90;13230.89
FT-2021-56637;08/11/2021;6722.06;1478.85;8200.91
FT-2021-56666;22/10/2021;16340.37;3594.88;19935.25
FT-2021-56682;12/09/2021;6469.77;1423.35;7893.12
FT-2021-56739;25/02/2021;1642.87;361.43;2004.30
FT-2021-56763;16/09/2021;9209.01;2025.98;11234.99
FT-2021-56870;08/06/2021;1456.69;320.47;1777.16
FT-2021-56871;06/11/2021;2000.50;440.11;2440.61
FT-2021-56883;02/07/2021;5341.43;1175.11;6516.54
FT-2021-56954;28/10/2021;11082.35;2438.12;13520.47
FT-2021-56962;13/04/2021;5314.53;1169.20;6483.73
FT-2021-56982;05/01/2022;16545.68;3640.05;20185.73
FT-2021-57000;07/08/2021;10754.27;2365.94;13120.21
FT-2021-57005;06/12/2021;11181.78;2459.99;13641.77
FT-2021-57019;27/11/2021;3692.26;812.30;4504.56
FT-2021-57032;25/05/2021;5801.13;1276.25;7077.38
FT-2021-57041;21/07/2021;11834.06;2603.49;14437.55
FT-2021-57056;31/03/2021;5756.17;1266.36;7022.53
FT-2021-57061;19/05/2021;14545.80;3200.08;17745.88
FT-2021-57064;24/11/2021;1777.90;391.14;2169.04
FT-2021-57070;14/09/2021;4162.80;915.82;5078.62
FT-2021-57089;01/12/2021;6719.28;1478.24;8197.52
FT-2021-57206;10/01/2021;7142.29;1571.30;8713.59
FT-2021-57209;13/08/2021;763.12;167.89;931.01
FT-2021-57251;10/06/2021;14966.70;3292.67;18259.37
FT-2021-57267;11/07/2021;8846.46;1946.22;10792.68
FT-2021-57270;31/05/2021;3027.36;666.02;3693.38
FT-2021-57361;21/05/2021;1196.17;263.16;1459.33
FT-2021-57368;19/01/2021;10785.82;2372.88;13158.70
FT-2021-57371;01/03/2021;8176.11;1798.74;9974.85
FT-2021-57444;30/08/2021;1185.50;260.81;1446.31
FT-2021-57508;17/09/2021;3044.53;669.80;3714.33
FT-2021-57520;10/01/2021;3305.35;727.18;4032.53
FT-2021-57536;09/05/2021;3046.83;670.30;3717.13
FT-2021-57543;05/03/2021;3746.43;824.21;4570.64
FT-2021-57566;18/06/2021;8482.96;1866.25;10349.21
FT-2021-57569;15/10/2021;3296.29;725.18;4021.47
FT-2021-57623;25/02/2021;6139.86;1350.77;7490.63
FT-2021-57643;21/11/2021;4403.54;968.78;5372.32
FT-2021-57647;22/08/2021;2750.58;605.13;3355.71
FT-2021-57684;21/04/2021;4010.81;882.38;4893.19
FT-2021-57695;02/11/2021;6815.49;1499.41;8314.90
FT-2021-57699;25/11/2021;10282.28;2262.10;12544.38
FT-2021-57736;19/04/2021;5453.55;1199.78;6653.33
FT-2021-57794;28/03/2021;4117.51;905.85;5023.36
FT-2021-57800;02/06/2021;10350.62;2277.14;12627.76
FT-2021-57804;18/10/2021;4827.05;1061.95;5889.00
FT-2021-57933;24/10/2021;6358.72;1398.92;7757.64
FT-2021-57952;27/02/2021;8557.72;1882.70;10440.42
FT-2021-57953;24/06/2021;9432.29;2075.10;11507.39
FT-2021-58013;07/05/2021;8917.70;1961.89;10879.59
FT-2021-58078;03/01/2022;9658.78;2124.93;11783.71
FT-2021-58093;01/04/2021;6029.48;1326.49;7355.97
FT-2021-58116;29/11/2021;9076.25;1996.78;11073.03
FT-2021-58120;08/05/2021;3359.85;739.17;4099.02
FT-2021-58132;02/09/2021;11701.66;2574.37;14276.03
FT-2021-58154;06/12/2021;8463.40;1861.95;10325.35
FT-2021-58161;01/01/2022;1973.33;434.13;2407.46
FT-2021-58183;17/04/2021;3059.07;673.00;3732.07
FT-2021-58332;14/11/2021;7398.32;1627.63;9025.95
FT-2021-58338;31/12/2021;2741.34;603.09;3344.43
FT-2021-58352;30/07/2021;6965.18;1532.34;8497.52
FT-2021-58353;10/06/2021;2572.36;565.92;3138.28
FT-2021-58359;30/08/2021;11437.72;2516.30;13954.02
FT-2021-58384;09/09/2021;11877.84;2613.12;14490.96
FT-2021-58388;22/03/2021;9360.30;2059.27;11419.57
FT-2021-58396;22/12/2021;15593.36;3430.54;19023.90
FT-2021-58413;04/08/2021;4943.05;1087.47;6030.52
FT-2021-58466;27/06/2021;13345.04;2935.91;16280.95
FT-2021-58542;07/02/2021;15217.65;3347.88;18565.53
FT-2021-58556;29/09/2021;2066.00;454.52;2520.52
FT-2021-58578;23/01/2021;12833.70;2823.41;15657.11
FT-2021-58601;01/02/2021;8040.05;1768.81;9808.86
FT-2021-58608;20/03/2021;6066.08;1334.54;7400.62
FT-2021-58648;26/07/2021;15458.25;3400.82;18859.07
FT-2021-58711;21/08/2021;4047.65;890.48;4938.13
FT-2021-58731;19/04/2021;6654.21;1463.93;8118.14
FT-2021-58744;13/03/2021;10506.52;2311.43;12817.95
FT-2021-58797;08/08/2021;5719.32;1258.25;6977.57
FT-2021-58801;09/09/2021;10719.10;2358.20;13077.30
FT-2021-58844;15/06/2021;10949.22;2408.83;13358.05
FT-2021-58883;07/12/2021;6834.22;1503.53;8337.75
FT-2021-58897;31/01/2021;2670.58;587.53;3258.11
FT-2021-58942;26/01/2021;13235.91;2911.90;16147.81
FT-2021-58969;19/06/2021;8249.34;1814.85;10064.19
FT-2021-59029;03/08/2021;9186.52;2021.03;11207.55
FT-2021-59048;18/09/2021;3141.11;691.04;3832.15
FT-2021-59067;21/06/2021;4520.94;994.61;5515.55
FT-2021-59111;16/05/2021;4282.54;942.16;5224.70
FT-2021-59113;21/03/2021;3831.60;842.95;4674.55
FT-2021-59134;19/03/2021;4850.33;1067.07;5917.40
FT-2021-59159;31/08/2021;4333.73;953.42;5287.15
FT-2021-59258;28/05/2021;4951.77;1089.39;6041.16
FT-2021-59260;09/09/2021;974.24;214.33;1188.57
FT-2021-59268;10/08/2021;7134.93;1569.68;8704.61
FT-2021-59285;24/09/2021;1977.89;435.14;2413.03
FT-2021-59306;25/04/2021;11380.18;2503.64;13883.82
FT-2021-59325;04/10/2021;6019.54;1324.30;7343.84
FT-2021-59376;26/03/2021;5744.58;1263.81;7008.39
FT-2021-59431;09/08/2021;6863.18;1509.90;8373.08
FT-2021-59448;23/11/2021;7305.35;1607.18;8912.53
FT-2021-59544;02/08/2021;6814.95;1499.29;8314.24
FT-2021-59591;14/12/2021;7800.45;1716.10;9516.55
FT-2021-59708;30/09/2021;13146.20;2892.16;16038.36
FT-2021-59736;25/07/2021;13568.69;2985.11;16553.80
FT-2021-59771;12/06/2021;14153.62;3113.80;17267.42
FT-2021-59819;07/05/2021;11581.34;2547.89;14129.23
FT-2021-59861;18/10/2021;3537.13;778.17;4315.30
FT-2021-59921;26/09/2021;16258.99;3576.98;19835.97
FT-2021-59938;31/12/2021;9079.26;1997.44;11076.70
FT-2021-59985;23/06/2021;13819.54;3040.30;16859.84
FT-2021-60016;11/06/2021;15706.28;3455.38;19161.66
FT-2021-60023;13/03/2021;2656.90;584.52;3241.42
FT-2021-60094;19/04/2021;2439.95;536.79;2976.74
FT-2021-60106;09/02/2021;6391.15;1406.05;7797.20
FT-2021-60132;02/08/2021;4801.60;1056.35;5857.95
FT-2021-60146;04/01/2022;12772.70;2809.99;15582.69
FT-2021-60157;09/09/2021;1684.66;370.63;2055.29
FT-2021-60237;01/02/2021;3765.28;828.36;4593.64
FT-2021-60245;01/09/2021;8530.75;1876.77;10407.52
FT-2021-60265;10/10/2021;1008.10;221.78;1229.88
FT-2021-60355;04/11/2021;10552.21;2321.49;12873.70
FT-2021-60419;02/10/2021;6261.61;1377.55;7639.16
FT-2021-60476;14/09/2021;3892.08;856.26;4748.34
FT-2021-60500;08/04/2021;971.77;213.79;1185.56
FT-2021-60592;26/06/2021;7943.22;1747.51;9690.73
FT-2021-60666;17/09/2021;4959.58;1091.11;6050.69
FT-2021-60719;16/07/2021;3313.56;728.98;4042.54
FT-2021-60741;08/06/2021;3041.31;669.09;3710.40
FT-2021-60805;27/12/2021;4926.21;1083.77;6009.98
FT-2021-60938;10/12/2021;3557.81;782.72;4340.53
FT-2021-60960;22/09/2021;9164.88;2016.27;11181.15
FT-2021-60976;05/10/2021;5720.68;1258.55;6979.23
FT-2021-61018;17/09/2021;15249.16;3354.82;18603.98
FT-2021-61112;29/07/2021;7038.33;1548.43;8586.76
FT-2021-61119;12/07/2021;2793.03;614.47;3407.50
FT-2021-61149;04/10/2021;6972.01;1533.84;8505.85
FT-2021-61160;29/11/2021;2311.07;508.44;2819.51
FT-2021-61165;27/04/2021;6075.79;1336.67;7412.46
FT-2021-61181;01/10/2021;4340.77;954.97;5295.74
FT-2021-61286;27/12/2021;6632.11;1459.06;8091.17
FT-2021-61294;18/11/2021;5511.42;1212.51;6723.93
FT-2021-61298;17/09/2021;8847.25;1946.39;10793.64
FT-2021-61343;22/08/2021;1919.02;422.18;2341.20
FT-2021-61373;14/06/2021;4296.92;945.32;5242.24
FT-2021-61398;22/05/2021;5827.64;1282.08;7109.72
FT-2021-61422;09/04/2021;6292.74;1384.40;7677.14
FT-2021-61445;02/11/2021;3485.55;766.82;4252.37
FT-2021-61470;25/01/2021;1699.84;373.96;2073.80
FT-2021-61473;04/04/2021;9056.08;1992.34;11048.42
FT-2021-61499;17/12/2021;9074.08;1996.30;11070.38
FT-2021-61501;07/10/2021;8058.22;1772.81;9831.03
FT-2021-61515;28/01/2021;2220.14;488.43;2708.57
FT-2021-61518;19/01/2021;7371.34;1621.69;8993.03
FT-2021-61550;09/09/2021;6327.75;1392.11;7719.86
FT-2021-61617;30/07/2021;6950.36;1529.08;8479.44
FT-2021-61619;09/07/2021;3713.35;816.94;4530.29
FT-2021-61648;29/10/2021;2652.65;583.58;3236.23
FT-2021-61660;18/03/2021;5538.86;1218.55;6757.41
FT-2021-61666;01/05/2021;3775.58;830.63;4606.21
FT-2021-61719;23/11/2021;5576.95;1226.93;6803.88
FT-2021-61818;09/08/2021;11166.72;2456.68;13623.40
FT-2021-61897;06/01/2022;10482.45;2306.14;12788.59
FT-2021-61907;26/11/2021;14931.20;3284.86;18216.06
FT-2021-61921;13/08/2021;3531.29;776.88;4308.17
FT-2021-62010;06/12/2021;10031.67;2206.97;12238.64
FT-2021-62012;27/12/2021;15374.08;3382.30;18756.38
FT-2021-62124;22/10/2021;7793.49;1714.57;9508.06
FT-2021-62145;03/11/2021;6749.25;1484.84;8234.09
FT-2021-62162;13/10/2021;3862.33;849.71;4712.04
FT-2021-62210;26/07/2021;12972.01;2853.84;15825.85
FT-2021-62231;07/11/2021;6379.53;1403.50;7783.03
FT-2021-62237;29/11/2021;5375.99;1182.72;6558.71
FT-2021-62238;04/02/2021;8465.70;1862.45;10328.15
FT-2021-62408;20/09/2021;7059.70;1553.13;8612.83
FT-2021-62426;29/08/2021;5259.33;1157.05;6416.38
FT-2021-62431;08/04/2021;7068.03;1554.97;8623.00
FT-2021-62433;16/07/2021;5556.90;1222.52;6779.42
FT-2021-62465;13/05/2021;9647.19;2122.38;11769.57
FT-2021-62467;16/07/2021;8667.84;1906.92;10574.76
FT-2021-62494;24/08/2021;2296.38;505.20;2801.58
FT-2021-62535;17/12/2021;3120.31;686.47;3806.78
FT-2021-62537;29/11/2021;1614.56;355.20;1969.76
FT-2021-62635;13/11/2021;10001.69;2200.37;12202.06
FT-2021-62673;07/05/2021;2802.44;616.54;3418.98
FT-2021-62694;27/07/2021;1701.05;374.23;2075.28
FT-2021-62697;17/07/2021;14797.47;3255.44;18052.91
FT-2021-62725;23/05/2021;1942.20;427.28;2369.48
FT-2021-62726;31/05/2021;13092.90;2880.44;15973.34
FT-2021-62742;24/09/2021;6199.09;1363.80;7562.89
FT-2021-62748;23/09/2021;6701.43;1474.31;8175.74
FT-2021-62764;19/03/2021;9063.84;1994.04;11057.88
FT-2021-62827;09/12/2021;5707.61;1255.67;6963.28
FT-2021-62830;19/08/2021;3171.56;697.74;3869.30
FT-2021-62859;20/04/2021;5449.52;1198.89;6648.41
FT-2021-62871;06/09/2021;9245.51;2034.01;11279.52
FT-2021-62931;10/04/2021;9676.77;2128.89;11805.66
FT-2021-62978;14/05/2021;4803.88;1056.85;5860.73
FT-2021-63001;03/03/2021;7622.13;1676.87;9299.00
FT-2021-63022;15/09/2021;2048.84;450.74;2499.58
FT-2021-63053;13/10/2021;8413.16;1850.90;10264.06
FT-2021-63061;31/12/2021;580.21;127.65;707.86
FT-2021-63067;10/11/2021;5727.67;1260.09;6987.76
FT-2021-63078;03/04/2021;3138.59;690.49;3829.08
FT-2021-63131;26/11/2021;7234.20;1591.52;8825.72
FT-2021-63176;13/09/2021;3952.77;869.61;4822.38
FT-2021-63185;07/12/2021;3197.73;703.50;3901.23
FT-2021-63230;25/05/2021;12100.27;2662.06;14762.33
FT-2021-63248;11/04/2021;4988.72;1097.52;6086.24
FT-2021-63258;08/12/2021;9019.35;1984.26;11003.61
FT-2021-63295;25/06/2021;5764.04;1268.09;7032.13
FT-2021-63470;09/09/2021;13760.21;3027.25;16787.46
FT-2021-63548;02/07/2021;8898.94;1957.77;10856.71
FT-2021-63634;01/01/2022;8322.14;1830.87;10153.01
FT-2021-63666;07/12/2021;1253.78;275.83;1529.61
FT-2021-63670;20/12/2021;1589.98;349.80;1939.78
FT-2021-63715;26/11/2021;8059.52;1773.09;9832.61
FT-2021-63739;08/07/2021;1329.66;292.53;1622.19
FT-2021-63764;07/04/2021;3310.91;728.40;4039.31
FT-2021-63869;18/06/2021;14505.59;3191.23;17696.82
FT-2021-63877;19/08/2021;3397.67;747.49;4145.16
FT-2021-63879;13/06/2021;6954.22;1529.93;8484.15
FT-2021-63920;02/03/2021;1330.02;292.60;1622.62
FT-2021-63947;06/11/2021;3105.71;683.26;3788.97
FT-2021-63976;26/11/2021;1879.36;413.46;2292.82
FT-2021-64057;02/07/2021;1360.16;299.24;1659.40
FT-2021-64108;15/12/2021;9419.15;2072.21;11491.36
FT-2021-64186;16/08/2021;7305.11;1607.12;8912.23
FT-2021-64224;19/06/2021;1572.80;346.02;1918.82
FT-2021-64321;21/12/2021;6541.65;1439.16;7980.81
FT-2021-64348;01/10/2021;13479.96;2965.59;16445.55
FT-2021-64417;14/03/2021;4312.58;948.77;5261.35
FT-2021-64472;17/09/2021;5385.99;1184.92;6570.91
FT-2021-64507;07/07/2021;11862.59;2609.77;14472.36
FT-2021-64679;27/02/2021;6740.83;1482.98;8223.81
FT-2021-64684;04/11/2021;3961.91;871.62;4833.53
FT-2021-64693;31/05/2021;7350.69;1617.15;8967.84
FT-2021-64728;25/07/2021;2911.82;640.60;3552.42
FT-2021-64764;23/09/2021;5766.88;1268.71;7035.59
FT-2021-64785;15/12/2021;13102.59;2882.57;15985.16
FT-2021-64803;25/06/2021;11096.32;2441.19;13537.51
FT-2021-64833;03/06/2021;8901.14;1958.25;10859.39
FT-2021-64924;26/04/2021;15037.53;3308.26;18345.79
FT-2021-64953;15/04/2021;3877.17;852.98;4730.15
FT-2021-65014;17/02/2021;10613.08;2334.88;12947.96
FT-2021-65090;12/08/2021;11426.57;2513.85;13940.42
FT-2021-65161;23/07/2021;1586.08;348.94;1935.02
FT-2021-65180;19/02/2021;6058.34;1332.83;7391.17
FT-2021-65241;07/08/2021;4708.18;1035.80;5743.98
FT-2021-65276;04/02/2021;4323.09;951.08;5274.17
FT-2021-65309;14/11/2021;3086.29;678.98;3765.27
FT-2021-65381;29/07/2021;10217.62;2247.88;12465.50
FT-2021-65403;15/07/2021;3331.26;732.88;4064.14
FT-2021-65449;28/02/2021;8023.63;1765.20;9788.83
FT-2021-65462;03/03/2021;3616.90;795.72;4412.62
FT-2021-65463;20/12/2021;3655.98;804.32;4460.30
FT-2021-65468;27/05/2021;5450.02;1199.00;6649.02
FT-2021-65480;24/01/2021;4269.55;939.30;5208.85
FT-2021-65486;09/03/2021;10046.44;2210.22;12256.66
FT-2021-65512;28/07/2021;7299.88;1605.97;8905.85
FT-2021-65550;17/12/2021;11147.08;2452.36;13599.44
FT-2021-65552;18/01/2021;4109.35;904.06;5013.41
FT-2021-65584;30/08/2021;5229.48;1150.49;6379.97
FT-2021-65678;28/11/2021;5900.16;1298.04;7198.20
FT-2021-65707;24/11/2021;5702.84;1254.62;6957.46
FT-2021-65733;01/08/2021;4775.72;1050.66;5826.38
FT-2021-65752;10/12/2021;4523.50;995.17;5518.67
FT-2021-65790;28/10/2021;1151.38;253.30;1404.68
FT-2021-65827;17/07/2021;2964.90;652.28;3617.18
FT-2021-65889;16/01/2021;3051.78;671.39;3723.17
FT-2021-65947;11/02/2021;4307.67;947.69;5255.36
FT-2021-66018;13/10/2021;5590.20;1229.84;6820.04
FT-2021-66020;25/01/2021;4223.57;929.19;5152.76
FT-2021-66052;25/07/2021;1620.57;356.53;1977.10
FT-2021-66108;17/07/2021;6645.64;1462.04;8107.68
FT-2021-66110;17/12/2021;7676.80;1688.90;9365.70
FT-2021-66132;13/01/2021;3556.52;782.43;4338.95
FT-2021-66191;02/02/2021;6414.00;1411.08;7825.08
FT-2021-66240;21/05/2021;13433.13;2955.29;16388.42
FT-2021-66264;17/10/2021;4613.85;1015.05;5628.90
FT-2021-66367;18/07/2021;5092.25;1120.30;6212.55
FT-2021-66383;09/06/2021;5410.25;1190.26;6600.51
FT-2021-66407;22/12/2021;5626.42;1237.81;6864.23
FT-2021-66447;22/06/2021;3085.58;678.83;3764.41
FT-2021-66519;19/02/2021;10247.76;2254.51;12502.27
FT-2021-66521;15/10/2021;1341.97;295.23;1637.20
FT-2021-66535;24/10/2021;7866.24;1730.57;9596.81
FT-2021-66553;18/09/2021;12723.47;2799.16;15522.63
FT-2021-66635;04/05/2021;2465.30;542.37;3007.67
FT-2021-66695;23/05/2021;3185.86;700.89;3886.75
FT-2021-66697;07/04/2021;1303.66;286.81;1590.47
FT-2021-66709;13/08/2021;3345.23;735.95;4081.18
FT-2021-66748;02/02/2021;2144.17;471.72;2615.89
FT-2021-66841;23/07/2021;5298.83;1165.74;6464.57
FT-2021-66851;15/03/2021;6577.72;1447.10;8024.82
FT-2021-66869;06/03/2021;4079.72;897.54;4977.26
FT-2021-66906;28/07/2021;2635.04;579.71;3214.75
FT-2021-66957;22/08/2021;12179.73;2679.54;14859.27
FT-2021-66958;22/01/2021;10497.20;2309.38;12806.58
FT-2021-66969;31/01/2021;1310.33;288.27;1598.60
FT-2021-66986;03/10/2021;2311.85;508.61;2820.46
FT-2021-67050;27/07/2021;7503.24;1650.71;9153.95
FT-2021-67072;01/05/2021;11184.09;2460.50;13644.59
FT-2021-67112;26/11/2021;3730.08;820.62;4550.70
FT-2021-67118;21/12/2021;6357.31;1398.61;7755.92
FT-2021-67125;17/04/2021;2779.82;611.56;3391.38
FT-2021-67132;02/04/2021;8394.42;1846.77;10241.19
FT-2021-67138;09/01/2022;6171.58;1357.75;7529.33
FT-2021-67152;16/08/2021;6329.97;1392.59;7722.56
FT-2021-67210;29/09/2021;3849.37;846.86;4696.23
FT-2021-67218;28/08/2021;3398.54;747.68;4146.22
FT-2021-67282;08/07/2021;6663.39;1465.95;8129.34
FT-2021-67339;14/07/2021;3767.84;828.92;4596.76
FT-2021-67361;03/05/2021;2488.01;547.36;3035.37
FT-2021-67400;13/07/2021;4384.43;964.57;5349.00
FT-2021-67513;02/10/2021;5270.83;1159.58;6430.41
FT-2021-67635;19/12/2021;2945.02;647.90;3592.92
FT-2021-67639;28/11/2021;8945.78;1968.07;10913.85
FT-2021-67661;09/12/2021;1240.51;272.91;1513.42
FT-2021-67671;27/04/2021;8696.49;1913.23;10609.72
FT-2021-67674;15/09/2021;8350.27;1837.06;10187.33
FT-2021-67705;06/11/2021;7888.28;1735.42;9623.70
FT-2021-67782;31/05/2021;8016.23;1763.57;9779.80
FT-2021-67822;12/12/2021;1948.69;428.71;2377.40
FT-2021-67836;25/07/2021;7201.50;1584.33;8785.83
FT-2021-67865;14/09/2021;1833.17;403.30;2236.47
FT-2021-67917;14/03/2021;9671.31;2127.69;11799.00
FT-2021-67948;26/03/2021;15334.79;3373.65;18708.44
FT-2021-68067;19/09/2021;4402.42;968.53;5370.95
FT-2021-68071;03/11/2021;6656.31;1464.39;8120.70
FT-2021-68100;29/01/2021;2087.74;459.30;2547.04
FT-2021-68141;02/03/2021;3330.39;732.69;4063.08
FT-2021-68155;04/05/2021;12537.53;2758.26;15295.79
FT-2021-68227;30/06/2021;4832.33;1063.11;5895.44
FT-2021-68241;02/12/2021;1382.15;304.07;1686.22
FT-2021-68273;07/11/2021;1103.31;242.73;1346.04
FT-2021-68281;02/10/2021;7044.46;1549.78;8594.24
FT-2021-68388;08/08/2021;10041.71;2209.18;12250.89
FT-2021-68420;19/12/2021;1994.82;438.86;2433.68
FT-2021-68453;15/12/2021;7740.14;1702.83;9442.97
FT-2021-68461;26/10/2021;4933.11;1085.28;6018.39
FT-2021-68464;26/10/2021;12968.45;2853.06;15821.51
FT-2021-68473;07/07/2021;5219.48;1148.29;6367.77
FT-2021-68520;02/12/2021;10550.40;2321.09;12871.49
FT-2021-68550;12/04/2021;2570.96;565.61;3136.57
FT-2021-68556;05/05/2021;9119.03;2006.19;11125.22
FT-2021-68582;10/09/2021;6059.29;1333.04;7392.33
FT-2021-68592;27/06/2021;1962.54;431.76;2394.30
FT-2021-68593;14/08/2021;4447.90;978.54;5426.44
FT-2021-68628;12/01/2021;1659.36;365.06;2024.42
FT-2021-68635;21/06/2021;8230.34;1810.67;10041.01
FT-2021-68683;11/09/2021;1722.96;379.05;2102.01
FT-2021-68696;09/06/2021;2724.40;599.37;3323.77
FT-2021-68706;26/08/2021;4502.55;990.56;5493.11
FT-2021-68747;16/12/2021;5605.03;1233.11;6838.14
FT-2021-68751;20/05/2021;6461.96;1421.63;7883.59
FT-2021-68773;22/07/2021;2251.57;495.35;2746.92
FT-2021-68818;13/07/2021;9758.27;2146.82;11905.09
FT-2021-68944;19/10/2021;9433.52;2075.37;11508.89
FT-2021-68964;27/09/2021;5379.83;1183.56;6563.39
FT-2021-68974;13/07/2021;11437.46;2516.24;13953.70
FT-2021-68983;10/09/2021;4963.34;1091.93;6055.27
FT-2021-68991;22/10/2021;3471.98;763.84;4235.82
FT-2021-69001;25/04/2021;7495.35;1648.98;9144.33
FT-2021-69021;18/02/2021;16238.16;3572.40;19810.56
FT-2021-69039;21/04/2021;586.27;128.98;715.25
FT-2021-69055;16/11/2021;619.93;136.38;756.31
FT-2021-69057;19/10/2021;8119.02;1786.18;9905.20
FT-2021-69070;22/09/2021;3575.14;786.53;4361.67
FT-2021-69096;11/07/2021;7148.33;1572.63;8720.96
FT-2021-69175;10/02/2021;11206.47;2465.42;13671.89
FT-2021-69208;28/10/2021;6805.70;1497.25;8302.95
FT-2021-69219;09/03/2021;7938.24;1746.41;9684.65
FT-2021-69242;10/03/2021;6256.46;1376.42;7632.88
FT-2021-69289;11/04/2021;5350.68;1177.15;6527.83
FT-2021-69302;22/05/2021;5001.44;1100.32;6101.76
FT-2021-69317;10/12/2021;4576.72;1006.88;5583.60
FT-2021-69324;28/03/2021;11114.54;2445.20;13559.74
FT-2021-69339;24/04/2021;3318.72;730.12;4048.84
FT-2021-69386;26/09/2021;6886.41;1515.01;8401.42
FT-2021-69419;26/04/2021;11784.32;2592.55;14376.87
FT-2021-69423;29/08/2021;1398.21;307.61;1705.82
FT-2021-69424;26/10/2021;9495.51;2089.01;11584.52
FT-2021-69444;30/11/2021;2583.77;568.43;3152.20
FT-2021-69493;25/03/2021;12020.56;2644.52;14665.08
FT-2021-69510;07/09/2021;8574.87;1886.47;10461.34
FT-2021-69524;15/05/2021;5072.81;1116.02;6188.83
FT-2021-69559;05/11/2021;8814.88;1939.27;10754.15
FT-2021-69561;26/12/2021;13249.42;2914.87;16164.29
FT-2021-69603;23/12/2021;9111.29;2004.48;11115.77
FT-2021-69617;28/06/2021;11251.62;2475.36;13726.98
FT-2021-69652;30/12/2021;5399.63;1187.92;6587.55
FT-2021-69702;18/09/2021;4068.87;895.15;4964.02
FT-2021-69716;28/11/2021;1455.83;320.28;1776.11
FT-2021-69721;09/05/2021;8532.98;1877.26;10410.24
FT-2021-69737;23/08/2021;6160.15;1355.23;7515.38
FT-2021-69749;24/03/2021;2128.26;468.22;2596.48
FT-2021-69769;23/04/2021;471.19;103.66;574.85
FT-2021-69782;12/05/2021;1652.40;363.53;2015.93
FT-2021-69783;13/10/2021;4202.85;924.63;5127.48
FT-2021-69784;25/03/2021;14317.31;3149.81;17467.12
FT-2021-69822;19/06/2021;5684.29;1250.54;6934.83
FT-2021-69824;11/01/2021;1033.23;227.31;1260.54
FT-2021-69827;19/05/2021;1688.22;371.41;2059.63
FT-2021-69831;14/05/2021;1611.45;354.52;1965.97
FT-2021-69941;28/11/2021;12118.30;2666.03;14784.33
FT-2021-69995;15/08/2021;2190.81;481.98;2672.79
FT-2021-70040;15/02/2021;6833.25;1503.32;8336.57
FT-2021-70125;10/08/2021;4290.68;943.95;5234.63
FT-2021-70176;06/03/2021;5482.53;1206.16;6688.69
FT-2021-70211;20/09/2021;3255.17;716.14;3971.31
FT-2021-70213;07/10/2021;5079.04;1117.39;6196.43
FT-2021-70215;26/02/2021;8132.59;1789.17;9921.76
FT-2021-70262;11/07/2021;3631.66;798.97;4430.63
FT-2021-70326;23/03/2021;14798.60;3255.69;18054.29
FT-2021-70356;05/12/2021;5734.45;1261.58;6996.03
FT-2021-70381;17/07/2021;1497.45;329.44;1826.89
FT-2021-70434;09/03/2021;13707.31;3015.61;16722.92
FT-2021-70508;09/03/2021;7662.14;1685.67;9347.81
FT-2021-70512;23/01/2021;5121.90;1126.82;6248.72
FT-2021-70518;20/06/2021;2803.50;616.77;3420.27
FT-2021-70534;01/12/2021;1830.57;402.73;2233.30
FT-2021-70541;24/12/2021;5993.36;1318.54;7311.90
FT-2021-70565;22/03/2021;2682.41;590.13;3272.54
FT-2021-70601;03/07/2021;4741.14;1043.05;5784.19
FT-2021-70644;09/10/2021;2684.94;590.69;3275.63
FT-2021-70652;08/04/2021;423.86;93.25;517.11
FT-2021-70713;10/04/2021;4962.40;1091.73;6054.13
FT-2021-70719;25/05/2021;6768.68;1489.11;8257.79
FT-2021-70833;03/03/2021;1754.40;385.97;2140.37
FT-2021-70898;04/11/2021;1312.58;288.77;1601.35
FT-2021-70970;02/01/2022;3415.23;751.35;4166.58
FT-2021-70974;21/04/2021;3774.28;830.34;4604.62
FT-2021-71006;20/09/2021;7734.89;1701.68;9436.57
FT-2021-71049;31/12/2021;10373.57;2282.19;12655.76
FT-2021-71059;22/02/2021;8912.14;1960.67;10872.81
FT-2021-71063;04/08/2021;770.50;169.51;940.01
FT-2021-71088;12/11/2021;1535.51;337.81;1873.32
FT-2021-71140;29/09/2021;2181.80;480.00;2661.80
FT-2021-71157;07/09/2021;3293.52;724.57;4018.09
FT-2021-71176;16/10/2021;10469.83;2303.36;12773.19
FT-2021-71227;25/12/2021;10544.26;2319.74;12864.00
FT-2021-71238;30/04/2021;13313.13;2928.89;16242.02
FT-2021-71247;27/10/2021;11087.17;2439.18;13526.35
FT-2021-71264;27/11/2021;8846.40;1946.21;10792.61
FT-2021-71276;12/05/2021;8533.91;1877.46;10411.37
FT-2021-71284;31/12/2021;9384.33;2064.55;11448.88
FT-2021-71297;17/10/2021;4103.99;902.88;5006.87
FT-2021-71323;11/06/2021;6057.66;1332.69;7390.35
FT-2021-71396;11/03/2021;14469.97;3183.39;17653.36
FT-2021-71434;29/05/2021;12438.73;2736.52;15175.25
FT-2021-71470;27/08/2021;5849.51;1286.89;7136.40
FT-2021-71473;02/06/2021;7044.76;1549.85;8594.61
FT-2021-71501;11/03/2021;7480.09;1645.62;9125.71
FT-2021-71510;19/12/2021;4874.47;1072.38;5946.85
FT-2021-71513;02/10/2021;12247.60;2694.47;14942.07
FT-2021-71522;31/05/2021;5900.29;1298.06;7198.35
FT-2021-71607;20/11/2021;8260.16;1817.24;10077.40
FT-2021-71608;05/08/2021;1898.92;417.76;2316.68
FT-2021-71710;24/12/2021;6879.75;1513.55;8393.30
FT-2021-71738;01/09/2021;4382.16;964.08;5346.24
FT-2021-71850;10/04/2021;9391.95;2066.23;11458.18
FT-2021-71882;17/09/2021;1545.43;339.99;1885.42
FT-2021-71891;03/06/2021;6685.10;1470.72;8155.82
FT-2021-71937;09/07/2021;9286.62;2043.06;11329.68
FT-2021-71944;27/10/2021;3199.69;703.93;3903.62
FT-2021-71953;13/12/2021;11158.92;2454.96;13613.88
FT-2021-71968;25/10/2021;5992.11;1318.26;7310.37
FT-2021-71981;26/01/2021;13329.44;2932.48;16261.92
FT-2021-72000;25/12/2021;9728.28;2140.22;11868.50
FT-2021-72036;12/11/2021;11863.40;2609.95;14473.35
FT-2021-72047;15/07/2021;6861.20;1509.46;8370.66
FT-2021-72103;11/12/2021;620.79;136.57;757.36
FT-2021-72107;19/05/2021;2018.45;444.06;2462.51
FT-2021-72108;01/08/2021;5462.07;1201.66;6663.73
FT-2021-72154;05/06/2021;1990.22;437.85;2428.07
FT-2021-72207;09/09/2021;9903.67;2178.81;12082.48
FT-2021-72215;30/11/2021;9753.62;2145.80;11899.42
FT-2021-72232;08/06/2021;10635.39;2339.79;12975.18
FT-2021-72314;04/12/2021;8770.44;1929.50;10699.94
FT-2021-72327;19/01/2021;2564.74;564.24;3128.98
FT-2021-72354;13/07/2021;12430.92;2734.80;15165.72
FT-2021-72375;27/07/2021;2089.02;459.58;2548.60
FT-2021-72400;03/11/2021;2947.40;648.43;3595.83
FT-2021-72435;15/08/2021;8826.71;1941.88;10768.59
FT-2021-72453;01/01/2022;7484.86;1646.67;9131.53
FT-2021-72489;30/08/2021;3911.64;860.56;4772.20
FT-2021-72507;08/04/2021;816.68;179.67;996.35
FT-2021-72520;23/10/2021;7729.75;1700.55;9430.30
FT-2021-72694;07/02/2021;10256.16;2256.36;12512.52
FT-2021-72698;28/01/2021;12354.78;2718.05;15072.83
FT-2021-72722;03/06/2021;9308.14;2047.79;11355.93
FT-2021-72733;27/06/2021;2551.01;561.22;3112.23
FT-2021-72784;20/03/2021;4392.31;966.31;5358.62
FT-2021-72802;26/09/2021;7319.90;1610.38;8930.28
FT-2021-72826;02/08/2021;4497.78;989.51;5487.29
FT-2021-72870;21/11/2021;921.44;202.72;1124.16
FT-2021-72874;11/12/2021;5415.13;1191.33;6606.46
FT-2021-72892;20/05/2021;8297.89;1825.54;10123.43
FT-2021-72923;07/11/2021;7690.63;1691.94;9382.57
FT-2021-73044;09/08/2021;11307.53;2487.66;13795.19
FT-2021-73069;10/10/2021;13153.58;2893.79;16047.37
FT-2021-73157;30/10/2021;14547.97;3200.55;17748.52
FT-2021-73191;25/04/2021;7709.41;1696.07;9405.48
FT-2021-73196;29/05/2021;5649.45;1242.88;6892.33
FT-2021-73242;06/02/2021;3975.20;874.54;4849.74
FT-2021-73256;02/11/2021;13519.39;2974.27;16493.66
FT-2021-73309;01/12/2021;16017.99;3523.96;19541.95
FT-2021-73337;28/02/2021;2921.14;642.65;3563.79
FT-2021-73348;08/12/2021;11059.83;2433.16;13492.99
FT-2021-73355;23/11/2021;2530.30;556.67;3086.97
FT-2021-73388;08/02/2021;10432.41;2295.13;12727.54
FT-2021-73391;21/02/2021;1284.05;282.49;1566.54
FT-2021-73422;20/12/2021;1199.46;263.88;1463.34
FT-2021-73432;28/07/2021;4365.27;960.36;5325.63
FT-2021-73440;30/10/2021;4735.19;1041.74;5776.93
FT-2021-73460;01/09/2021;740.91;163.00;903.91
FT-2021-73466;07/04/2021;7822.26;1720.90;9543.16
FT-2021-73486;27/12/2021;8970.04;1973.41;10943.45
FT-2021-73537;02/06/2021;10215.81;2247.48;12463.29
FT-2021-73559;22/07/2021;5418.12;1191.99;6610.11
FT-2021-73579;04/05/2021;2731.11;600.84;3331.95
FT-2021-73630;06/10/2021;872.89;192.04;1064.93
FT-2021-73675;16/03/2021;4306.69;947.47;5254.16
FT-2021-73718;14/06/2021;5177.17;1138.98;6316.15
FT-2021-73747;20/01/2021;10254.25;2255.93;12510.18
FT-2021-73764;16/05/2021;7302.39;1606.53;8908.92
FT-2021-73770;28/07/2021;8153.32;1793.73;9947.05
FT-2021-73800;19/07/2021;8984.60;1976.61;10961.21
FT-2021-73826;20/09/2021;3943.52;867.57;4811.09
FT-2021-73834;23/05/2021;2240.78;492.97;2733.75
FT-2021-73943;17/01/2021;5316.30;1169.59;6485.89
FT-2021-73946;17/06/2021;895.72;197.06;1092.78
FT-2021-73950;05/09/2021;2994.52;658.79;3653.31
FT-2021-73962;06/07/2021;6125.59;1347.63;7473.22
FT-2021-73988;18/11/2021;1050.47;231.10;1281.57
FT-2021-74021;18/12/2021;8589.53;1889.70;10479.23
FT-2021-74048;12/10/2021;3654.23;803.93;4458.16
FT-2021-74050;20/11/2021;4593.86;1010.65;5604.51
FT-2021-74057;26/01/2021;9374.28;2062.34;11436.62
FT-2021-74063;19/01/2021;2207.36;485.62;2692.98
FT-2021-74110;07/11/2021;5937.11;1306.16;7243.27
FT-2021-74112;26/06/2021;13838.51;3044.47;16882.98
FT-2021-74124;19/01/2021;5421.59;1192.75;6614.34
FT-2021-74141;06/03/2021;5979.08;1315.40;7294.48
FT-2021-74180;06/09/2021;14055.75;3092.26;17148.01
FT-2021-74379;12/02/2021;15444.01;3397.68;18841.69
FT-2021-74428;06/01/2022;12650.29;2783.06;15433.35
FT-2021-74447;29/09/2021;7076.79;1556.89;8633.68
FT-2021-74482;25/02/2021;13165.12;2896.33;16061.45
FT-2021-74487;04/02/2021;5139.47;1130.68;6270.15
FT-2021-74516;22/09/2021;791.89;174.22;966.11
FT-2021-74631;09/03/2021;11045.60;2430.03;13475.63
FT-2021-74639;25/01/2021;15025.40;3305.59;18330.99
FT-2021-74643;22/04/2021;7968.33;1753.03;9721.36
FT-2021-74652;02/11/2021;1302.23;286.49;1588.72
FT-2021-74675;28/03/2021;3135.99;689.92;3825.91
FT-2021-74722;22/11/2021;1716.93;377.72;2094.65
FT-2021-74759;20/11/2021;13450.84;2959.18;16410.02
FT-2021-74768;20/01/2021;6732.75;1481.20;8213.95
FT-2021-74778;25/12/2021;11416.03;2511.53;13927.56
FT-2021-74844;23/01/2021;7110.06;1564.21;8674.27
FT-2021-74874;23/01/2021;7103.29;1562.72;8666.01
FT-2021-74884;01/10/2021;6954.27;1529.94;8484.21
FT-2021-74888;08/11/2021;7035.84;1547.88;8583.72
FT-2021-74890;16/09/2021;8500.22;1870.05;10370.27
FT-2021-74927;29/04/2021;2087.82;459.32;2547.14
FT-2021-74983;19/12/2021;936.35;206.00;1142.35
FT-2021-74997;13/06/2021;11267.08;2478.76;13745.84
FT-2021-75011;22/11/2021;2365.03;520.31;2885.34
FT-2021-75084;18/08/2021;3954.83;870.06;4824.89
FT-2021-75139;04/10/2021;3302.91;726.64;4029.55
FT-2021-75173;17/02/2021;10400.32;2288.07;12688.39
FT-2021-75195;13/05/2021;7433.42;1635.35;9068.77
FT-2021-75317;17/12/2021;4787.50;1053.25;5840.75
FT-2021-75352;24/08/2021;1124.81;247.46;1372.27
FT-2021-75354;27/08/2021;5148.34;1132.63;6280.97
FT-2021-75363;12/10/2021;6847.32;1506.41;8353.73
FT-2021-75379;14/12/2021;4889.86;1075.77;5965.63
FT-2021-75398;24/09/2021;3979.01;875.38;4854.39
FT-2021-75452;12/11/2021;875.42;192.59;1068.01
FT-2021-75490;30/12/2021;12144.75;2671.84;14816.59
FT-2021-75556;27/10/2021;5447.21;1198.39;6645.60
FT-2021-75667;12/12/2021;5422.49;1192.95;6615.44
FT-2021-75681;14/11/2021;13249.93;2914.98;16164.91
FT-2021-75694;27/11/2021;2993.15;658.49;3651.64
FT-2021-75785;21/08/2021;5838.33;1284.43;7122.76
FT-2021-75808;25/05/2021;7971.81;1753.80;9725.61
FT-2021-75861;26/02/2021;8256.86;1816.51;10073.37
FT-2021-75895;08/04/2021;6227.03;1369.95;7596.98
FT-2021-75930;03/12/2021;8521.76;1874.79;10396.55
FT-2021-75945;25/05/2021;3687.72;811.30;4499.02
FT-2021-75959;01/01/2022;2381.08;523.84;2904.92
FT-2021-76011;09/06/2021;15630.58;3438.73;19069.31
FT-2021-76023;11/03/2021;7798.76;1715.73;9514.49
FT-2021-76053;13/12/2021;11321.08;2490.64;13811.72
FT-2021-76067;28/02/2021;4390.78;965.97;5356.75
FT-2021-76100;17/04/2021;2201.26;484.28;2685.54
FT-2021-76155;03/09/2021;10382.91;2284.24;12667.15
FT-2021-76196;28/11/2021;8577.85;1887.13;10464.98
FT-2021-76236;20/12/2021;2434.81;535.66;2970.47
FT-2021-76239;15/09/2021;4611.24;1014.47;5625.71
FT-2021-76279;28/06/2021;13308.30;2927.83;16236.13
FT-2021-76357;09/10/2021;16563.41;3643.95;20207.36
FT-2021-76425;31/07/2021;7749.77;1704.95;9454.72
FT-2021-76483;16/12/2021;3708.27;815.82;4524.09
FT-2021-76529;08/03/2021;1726.51;379.83;2106.34
FT-2021-76532;02/10/2021;6530.00;1436.60;7966.60
FT-2021-76542;20/03/2021;8958.68;1970.91;10929.59
FT-2021-76581;06/03/2021;4163.70;916.01;5079.71
FT-2021-76588;17/04/2021;7428.41;1634.25;9062.66
FT-2021-76597;11/12/2021;9075.50;1996.61;11072.11
FT-2021-76604;06/08/2021;12027.64;2646.08;14673.72
FT-2021-76636;26/07/2021;12089.59;2659.71;14749.30
FT-2021-76827;30/07/2021;8354.53;1838.00;10192.53
FT-2021-76850;24/02/2021;961.84;211.60;1173.44
FT-2021-76870;18/06/2021;2864.70;630.23;3494.93
FT-2021-76909;09/05/2021;4323.53;951.18;5274.71
FT-2021-76952;09/12/2021;11399.39;2507.87;13907.26
FT-2021-76982;19/05/2021;6729.49;1480.49;8209.98
FT-2021-76984;22/01/2021;2639.62;580.72;3220.34
FT-2021-76999;03/12/2021;4335.40;953.79;5289.19
FT-2021-77135;13/08/2021;3036.24;667.97;3704.21
FT-2021-77141;13/12/2021;3489.56;767.70;4257.26
FT-2021-77167;18/02/2021;2389.05;525.59;2914.64
FT-2021-77205;09/01/2021;16622.02;3656.84;20278.86
FT-2021-77261;15/05/2021;3523.70;775.21;4298.91
FT-2021-77264;10/10/2021;896.59;197.25;1093.84
FT-2021-77274;08/05/2021;6170.96;1357.61;7528.57
FT-2021-77358;16/07/2021;13051.92;2871.42;15923.34
FT-2021-77399;05/09/2021;3501.03;770.23;4271.26
FT-2021-77418;29/11/2021;3255.79;716.27;3972.06
FT-2021-77419;04/12/2021;11982.09;2636.06;14618.15
FT-2021-77440;12/11/2021;3712.43;816.73;4529.16
FT-2021-77566;04/01/2021;630.14;138.63;768.77
FT-2021-77568;16/06/2021;3668.38;807.04;4475.42
FT-2021-77648;20/08/2021;5754.00;1265.88;7019.88
FT-2021-77699;03/09/2021;13651.36;3003.30;16654.66
FT-2021-77724;19/01/2021;6037.62;1328.28;7365.90
FT-2021-77786;16/11/2021;6143.89;1351.66;7495.55
FT-2021-77790;22/06/2021;5542.19;1219.28;6761.47
FT-2021-77791;17/09/2021;6688.88;1471.55;8160.43
FT-2021-77795;20/11/2021;9970.96;2193.61;12164.57
FT-2021-77827;09/12/2021;9203.76;2024.83;11228.59
FT-2021-77834;05/07/2021;8846.18;1946.16;10792.34
FT-2021-77943;14/05/2021;13167.65;2896.88;16064.53
FT-2021-77944;18/05/2021;5911.59;1300.55;7212.14
FT-2021-78031;25/08/2021;5447.90;1198.54;6646.44
FT-2021-78071;30/05/2021;2115.83;465.48;2581.31
FT-2021-78150;25/12/2021;13092.22;2880.29;15972.51
FT-2021-78181;26/11/2021;2130.15;468.63;2598.78
FT-2021-78229;26/02/2021;5983.97;1316.47;7300.44
FT-2021-78250;02/12/2021;1451.26;319.28;1770.54
FT-2021-78275;05/05/2021;14228.50;3130.27;17358.77
FT-2021-78283;29/05/2021;3237.00;712.14;3949.14
FT-2021-78294;05/11/2021;6352.75;1397.61;7750.36
FT-2021-78316;14/02/2021;4642.50;1021.35;5663.85
FT-2021-78354;24/08/2021;2595.05;570.91;3165.96
FT-2021-78406;12/12/2021;2248.70;494.71;2743.41
FT-2021-78422;20/12/2021;8742.82;1923.42;10666.24
FT-2021-78437;08/04/2021;9491.11;2088.04;11579.15
FT-2021-78475;11/03/2021;1526.85;335.91;1862.76
FT-2021-78498;03/01/2022;4805.82;1057.28;5863.10
FT-2021-78532;27/09/2021;6855.79;1508.27;8364.06
FT-2021-78562;26/03/2021;10082.57;2218.17;12300.74
FT-2021-78588;15/12/2021;5246.51;1154.23;6400.74
FT-2021-78604;25/02/2021;3073.39;676.15;3749.54
FT-2021-78614;08/12/2021;1448.72;318.72;1767.44
FT-2021-78620;19/11/2021;6473.29;1424.12;7897.41
FT-2021-78673;02/04/2021;6282.18;1382.08;7664.26
FT-2021-78750;02/07/2021;3248.27;714.62;3962.89
FT-2021-78751;15/09/2021;2079.98;457.60;2537.58
FT-2021-78752;14/07/2021;7335.91;1613.90;8949.81
FT-2021-78774;05/03/2021;1521.05;334.63;1855.68
FT-2021-78802;23/07/2021;5356.92;1178.52;6535.44
FT-2021-78811;24/03/2021;3611.20;794.46;4405.66
FT-2021-78881;17/11/2021;4376.13;962.75;5338.88
FT-2021-78918;16/04/2021;7947.63;1748.48;9696.11
FT-2021-78956;16/05/2021;5723.49;1259.17;6982.66
FT-2021-78962;01/06/2021;7840.34;1724.87;9565.21
FT-2021-78993;08/09/2021;5011.20;1102.46;6113.66
FT-2021-79002;09/09/2021;5819.04;1280.19;7099.23
FT-2021-79083;07/05/2021;7419.30;1632.25;9051.55
FT-2021-79098;30/04/2021;3189.03;701.59;3890.62
FT-2021-79296;03/09/2021;10505.66;2311.25;12816.91
FT-2021-79310;18/10/2021;1393.72;306.62;1700.34
FT-2021-79371;17/03/2021;1821.31;400.69;2222.00
FT-2021-79393;23/09/2021;8315.39;1829.39;10144.78
FT-2021-79420;27/12/2021;842.24;185.29;1027.53
FT-2021-79501;24/09/2021;13740.21;3022.85;16763.06
FT-2021-79543;28/11/2021;4995.05;1098.91;6093.96
FT-2021-79584;04/10/2021;5006.63;1101.46;6108.09
FT-2021-79615;22/08/2021;5711.80;1256.60;6968.40
FT-2021-79715;01/09/2021;5085.64;1118.84;6204.48
FT-2021-79745;16/06/2021;6047.29;1330.40;7377.69
FT-2021-79787;21/10/2021;1307.12;287.57;1594.69
FT-2021-79801;22/09/2021;11736.60;2582.05;14318.65
FT-2021-79804;20/10/2021;4076.93;896.92;4973.85
FT-2021-79806;27/11/2021;7754.66;1706.03;9460.69
FT-2021-79847;18/12/2021;6937.16;1526.18;8463.34
FT-2021-79959;05/01/2022;2147.43;472.43;2619.86
FT-2021-79963;02/08/2021;5835.44;1283.80;7119.24
FT-2021-79981;22/03/2021;7740.56;1702.92;9443.48
FT-2021-80030;12/09/2021;2696.63;593.26;3289.89
FT-2021-80066;22/09/2021;9094.25;2000.73;11094.98
FT-2021-80081;04/11/2021;3522.49;774.95;4297.44
FT-2021-80148;15/07/2021;16377.27;3603.00;19980.27
FT-2021-80155;03/06/2021;13838.56;3044.48;16883.04
FT-2021-80178;02/01/2022;1758.90;386.96;2145.86
FT-2021-80204;21/07/2021;6838.84;1504.54;8343.38
FT-2021-80238;13/11/2021;8963.95;1972.07;10936.02
FT-2021-80265;25/12/2021;9620.69;2116.55;11737.24
FT-2021-80349;20/07/2021;2743.11;603.48;3346.59
FT-2021-80352;18/09/2021;3582.19;788.08;4370.27
FT-2021-80419;25/09/2021;8302.80;1826.62;10129.42
FT-2021-80470;27/10/2021;6514.81;1433.26;7948.07
FT-2021-80506;20/07/2021;6107.96;1343.75;7451.71
FT-2021-80531;29/11/2021;9530.61;2096.73;11627.34
FT-2021-80560;30/12/2021;4228.08;930.18;5158.26
FT-2021-80595;04/10/2021;297.01;65.34;362.35
FT-2021-80603;20/10/2021;1583.99;348.48;1932.47
FT-2021-80642;31/12/2021;12177.69;2679.09;14856.78
FT-2021-80754;18/04/2021;3656.63;804.46;4461.09
FT-2021-80776;21/04/2021;10915.92;2401.50;13317.42
FT-2021-80799;26/08/2021;1420.06;312.41;1732.47
FT-2021-80814;08/11/2021;2126.99;467.94;2594.93
FT-2021-80841;05/08/2021;5530.29;1216.66;6746.95
FT-2021-80966;29/10/2021;1889.91;415.78;2305.69
FT-2021-81024;31/08/2021;5409.95;1190.19;6600.14
FT-2021-81029;26/12/2021;10436.63;2296.06;12732.69
FT-2021-81070;04/08/2021;2445.78;538.07;2983.85
FT-2021-81071;15/02/2021;7127.63;1568.08;8695.71
FT-2021-81131;03/03/2021;3464.53;762.20;4226.73
FT-2021-81199;18/06/2021;8907.34;1959.61;10866.95
FT-2021-81242;08/11/2021;6597.17;1451.38;8048.55
FT-2021-81281;29/10/2021;5768.40;1269.05;7037.45
FT-2021-81308;22/09/2021;4333.73;953.42;5287.15
FT-2021-81425;06/01/2021;6317.23;1389.79;7707.02
FT-2021-81439;07/10/2021;2249.54;494.90;2744.44
FT-2021-81480;04/10/2021;10979.83;2415.56;13395.39
FT-2021-81481;19/06/2021;2641.97;581.23;3223.20
FT-2021-81525;11/06/2021;13777.84;3031.12;16808.96
FT-2021-81527;18/03/2021;8753.09;1925.68;10678.77
FT-2021-81550;02/09/2021;5642.72;1241.40;6884.12
FT-2021-81578;25/03/2021;14679.41;3229.47;17908.88
FT-2021-81605;09/06/2021;12538.02;2758.36;15296.38
FT-2021-81663;07/07/2021;4975.33;1094.57;6069.90
FT-2021-81720;12/11/2021;2809.01;617.98;3426.99
FT-2021-81736;23/04/2021;2210.81;486.38;2697.19
FT-2021-81844;26/03/2021;3845.07;845.92;4690.99
FT-2021-81856;14/09/2021;1523.43;335.15;1858.58
FT-2021-81992;16/07/2021;9093.69;2000.61;11094.30
FT-2021-82048;22/06/2021;2631.36;578.90;3210.26
FT-2021-82198;04/10/2021;14378.85;3163.35;17542.20
FT-2021-82203;14/10/2021;12371.13;2721.65;15092.78
FT-2021-82244;02/08/2021;11906.10;2619.34;14525.44
FT-2021-82300;12/09/2021;10103.91;2222.86;12326.77
FT-2021-82334;01/04/2021;6669.12;1467.21;8136.33
FT-2021-82390;14/08/2021;3900.23;858.05;4758.28
FT-2021-82394;03/06/2021;3836.02;843.92;4679.94
FT-2021-82434;18/01/2021;8490.79;1867.97;10358.76
FT-2021-82489;21/11/2021;9002.57;1980.57;10983.14
FT-2021-82545;03/06/2021;5527.19;1215.98;6743.17
FT-2021-82621;02/07/2021;9262.62;2037.78;11300.40
FT-2021-82669;28/11/2021;4936.99;1086.14;6023.13
FT-2021-82690;23/02/2021;6419.85;1412.37;7832.22
FT-2021-82703;14/03/2021;7121.72;1566.78;8688.50
FT-2021-82797;29/01/2021;4921.09;1082.64;6003.73
FT-2021-82817;21/05/2021;6653.67;1463.81;8117.48
FT-2021-82842;11/08/2021;5485.31;1206.77;6692.08
FT-2021-82866;13/11/2021;5583.21;1228.31;6811.52
FT-2021-82867;04/12/2021;2943.52;647.57;3591.09
FT-2021-82920;08/04/2021;2032.34;447.11;2479.45
FT-2021-82968;15/04/2021;5746.38;1264.20;7010.58
FT-2021-82996;10/01/2021;2002.79;440.61;2443.40
FT-2021-83017;27/01/2021;7975.07;1754.52;9729.59
FT-2021-83051;05/11/2021;2317.66;509.89;2827.55
FT-2021-83057;06/11/2021;4519.87;994.37;5514.24
FT-2021-83067;04/02/2021;4747.37;1044.42;5791.79
FT-2021-83182;03/02/2021;7707.24;1695.59;9402.83
FT-2021-83206;28/08/2021;8264.78;1818.25;10083.03
FT-2021-83251;29/04/2021;9395.12;2066.93;11462.05
FT-2021-83276;15/09/2021;9954.12;2189.91;12144.03
FT-2021-83286;14/03/2021;3327.68;732.09;4059.77
FT-2021-83333;21/08/2021;7966.79;1752.69;9719.48
FT-2021-83369;02/07/2021;3599.43;791.87;4391.30
FT-2021-83371;19/11/2021;5708.54;1255.88;6964.42
FT-2021-83406;25/09/2021;10905.48;2399.21;13304.69
FT-2021-83410;06/04/2021;772.93;170.04;942.97
FT-2021-83515;27/12/2021;5322.88;1171.03;6493.91
FT-2021-83522;14/03/2021;1804.59;397.01;2201.60
FT-2021-83547;24/02/2021;8559.22;1883.03;10442.25
FT-2021-83560;04/03/2021;490.00;107.80;597.80
FT-2021-83629;21/02/2021;1718.71;378.12;2096.83
FT-2021-83701;27/08/2021;4839.56;1064.70;5904.26
FT-2021-83773;11/08/2021;2379.36;523.46;2902.82
FT-2021-83806;10/12/2021;2115.32;465.37;2580.69
FT-2021-83807;31/05/2021;5057.71;1112.70;6170.41
FT-2021-83869;31/07/2021;3674.77;808.45;4483.22
FT-2021-83883;11/10/2021;5774.53;1270.40;7044.93
FT-2021-83914;12/11/2021;13480.46;2965.70;16446.16
FT-2021-83920;04/06/2021;8943.60;1967.59;10911.19
FT-2021-83928;03/12/2021;10381.39;2283.91;12665.30
FT-2021-84002;05/08/2021;7695.83;1693.08;9388.91
FT-2021-84021;10/12/2021;3243.94;713.67;3957.61
FT-2021-84034;23/10/2021;1670.50;367.51;2038.01
FT-2021-84055;11/09/2021;4062.85;893.83;4956.68
FT-2021-84079;21/06/2021;11191.90;2462.22;13654.12
FT-2021-84080;16/08/2021;7590.72;1669.96;9260.68
FT-2021-84114;26/01/2021;5194.48;1142.79;6337.27
FT-2021-84175;17/03/2021;5794.25;1274.73;7068.98
FT-2021-84197;10/06/2021;2370.61;521.53;2892.14
FT-2021-84204;29/12/2021;9612.15;2114.67;11726.82
FT-2021-84244;29/07/2021;5090.90;1120.00;6210.90
FT-2021-84273;27/05/2021;2608.83;573.94;3182.77
FT-2021-84277;23/12/2021;9150.12;2013.03;11163.15
FT-2021-84341;08/05/2021;14002.48;3080.55;17083.03
FT-2021-84349;11/06/2021;1565.19;344.34;1909.53
FT-2021-84405;09/04/2021;4568.55;1005.08;5573.63
FT-2021-84413;06/03/2021;11137.15;2450.17;13587.32
FT-2021-84427;02/05/2021;2798.37;615.64;3414.01
FT-2021-84434;21/09/2021;4389.17;965.62;5354.79
FT-2021-84476;04/11/2021;14326.57;3151.85;17478.42
FT-2021-84489;20/08/2021;3616.43;795.61;4412.04
FT-2021-84494;07/12/2021;9579.11;2107.40;11686.51
FT-2021-84537;17/08/2021;4630.13;1018.63;5648.76
FT-2021-84544;18/04/2021;8768.13;1928.99;10697.12
FT-2021-84547;20/12/2021;14414.36;3171.16;17585.52
FT-2021-84556;18/12/2021;6719.08;1478.20;8197.28
FT-2021-84560;19/08/2021;13388.01;2945.36;16333.37
FT-2021-84603;14/01/2021;10952.33;2409.51;13361.84
FT-2021-84610;10/12/2021;9863.83;2170.04;12033.87
FT-2021-84634;23/03/2021;12715.41;2797.39;15512.80
FT-2021-84689;30/12/2021;2750.70;605.15;3355.85
FT-2021-84763;10/11/2021;2101.86;462.41;2564.27
FT-2021-84838;13/06/2021;2751.54;605.34;3356.88
FT-2021-84876;15/04/2021;4809.99;1058.20;5868.19
FT-2021-84880;18/09/2021;2128.33;468.23;2596.56
FT-2021-84947;22/12/2021;3450.92;759.20;4210.12
FT-2021-84974;30/10/2021;2829.64;622.52;3452.16
FT-2021-85018;17/04/2021;4650.84;1023.18;5674.02
FT-2021-85020;21/07/2021;11190.01;2461.80;13651.81
FT-2021-85089;23/09/2021;1952.01;429.44;2381.45
FT-2021-85135;21/03/2021;1959.10;431.00;2390.10
FT-2021-85145;17/10/2021;6949.94;1528.99;8478.93
FT-2021-85187;27/09/2021;10677.92;2349.14;13027.06
FT-2021-85287;26/09/2021;5052.78;1111.61;6164.39
FT-2021-85334;11/12/2021;8039.78;1768.75;9808.53
FT-2021-85359;03/01/2022;6329.11;1392.40;7721.51
FT-2021-85446;29/08/2021;2283.99;502.48;2786.47
FT-2021-85521;10/08/2021;15256.54;3356.44;18612.98
FT-2021-85624;17/02/2021;6882.48;1514.15;8396.63
FT-2021-85628;06/08/2021;5478.53;1205.28;6683.81
FT-2021-85647;10/02/2021;9479.89;2085.58;11565.47
FT-2021-85684;30/03/2021;1711.86;376.61;2088.47
FT-2021-85749;12/03/2021;2721.39;598.71;3320.10
FT-2021-85756;28/03/2021;4046.77;890.29;4937.06
FT-2021-85838;15/09/2021;7344.90;1615.88;8960.78
FT-2021-85909;12/12/2021;7881.69;1733.97;9615.66
FT-2021-85960;02/05/2021;3505.96;771.31;4277.27
FT-2021-85969;05/11/2021;1925.77;423.67;2349.44
FT-2021-85975;28/06/2021;7730.18;1700.64;9430.82
FT-2021-85993;17/05/2021;13984.64;3076.62;17061.26
FT-2021-86000;14/12/2021;6816.76;1499.69;8316.45
FT-2021-86064;17/08/2021;7987.73;1757.30;9745.03
FT-2021-86108;16/04/2021;12647.40;2782.43;15429.83
FT-2021-86124;21/10/2021;6420.59;1412.53;7833.12
FT-2021-86240;19/11/2021;5708.23;1255.81;6964.04
FT-2021-86260;29/09/2021;11185.67;2460.85;13646.52
FT-2021-86262;05/08/2021;4429.48;974.49;5403.97
FT-2021-86287;13/12/2021;6423.03;1413.07;7836.10
FT-2021-86317;06/11/2021;1221.41;268.71;1490.12
FT-2021-86370;11/12/2021;11466.81;2522.70;13989.51
FT-2021-86384;27/11/2021;6131.25;1348.88;7480.13
FT-2021-86419;17/05/2021;8705.84;1915.28;10621.12
FT-2021-86422;29/09/2021;4851.90;1067.42;5919.32
FT-2021-86428;08/02/2021;9547.73;2100.50;11648.23
FT-2021-86449;31/05/2021;10411.22;2290.47;12701.69
FT-2021-86504;29/09/2021;9674.26;2128.34;11802.60
FT-2021-86509;06/03/2021;7223.55;1589.18;8812.73
FT-2021-86519;02/02/2021;12469.28;2743.24;15212.52
FT-2021-86551;29/09/2021;9205.24;2025.15;11230.39
FT-2021-86575;03/11/2021;15534.91;3417.68;18952.59
FT-2021-86604;03/06/2021;1646.30;362.19;2008.49
FT-2021-86627;15/01/2021;5162.46;1135.74;6298.20
FT-2021-86638;23/07/2021;7823.55;1721.18;9544.73
FT-2021-86676;29/12/2021;724.38;159.36;883.74
FT-2021-86698;08/09/2021;1247.14;274.37;1521.51
FT-2021-86734;19/02/2021;8733.13;1921.29;10654.42
FT-2021-86753;19/07/2021;771.30;169.69;940.99
FT-2021-86777;26/07/2021;2396.73;527.28;2924.01
FT-2021-86783;19/03/2021;4586.24;1008.97;5595.21
FT-2021-86835;07/12/2021;1218.78;268.13;1486.91
FT-2021-86879;20/02/2021;6135.15;1349.73;7484.88
FT-2021-86970;29/11/2021;4883.31;1074.33;5957.64
FT-2021-86997;02/05/2021;10184.29;2240.54;12424.83
FT-2021-87010;26/07/2021;14917.71;3281.90;18199.61
FT-2021-87030;31/03/2021;5234.05;1151.49;6385.54
FT-2021-87078;22/09/2021;2058.42;452.85;2511.27
FT-2021-87122;01/06/2021;5073.07;1116.08;6189.15
FT-2021-87143;22/06/2021;5779.40;1271.47;7050.87
FT-2021-87274;15/01/2021;1738.66;382.51;2121.17
FT-2021-87289;08/07/2021;15927.40;3504.03;19431.43
FT-2021-87297;02/05/2021;10010.93;2202.40;12213.33
FT-2021-87324;05/11/2021;1740.77;382.97;2123.74
FT-2021-87349;24/06/2021;4495.00;988.90;5483.90
FT-2021-87352;26/02/2021;8079.56;1777.50;9857.06
FT-2021-87399;25/01/2021;9161.93;2015.62;11177.55
FT-2021-87454;07/05/2021;9471.26;2083.68;11554.94
FT-2021-87461;26/01/2021;12369.19;2721.22;15090.41
FT-2021-87513;20/08/2021;9019.13;1984.21;11003.34
FT-2021-87522;13/06/2021;5962.24;1311.69;7273.93
FT-2021-87552;18/03/2021;1079.24;237.43;1316.67
FT-2021-87562;10/12/2021;5939.60;1306.71;7246.31
FT-2021-87570;05/01/2021;5776.20;1270.76;7046.96
FT-2021-87593;06/01/2022;5354.04;1177.89;6531.93
FT-2021-87600;25/12/2021;4427.25;974.00;5401.25
FT-2021-87666;10/08/2021;4326.09;951.74;5277.83
FT-2021-87683;25/12/2021;8539.20;1878.62;10417.82
FT-2021-87725;14/11/2021;4306.89;947.52;5254.41
FT-2021-87730;06/10/2021;3136.01;689.92;3825.93
FT-2021-87763;11/12/2021;7018.14;1543.99;8562.13
FT-2021-87829;15/11/2021;9463.58;2081.99;11545.57
FT-2021-87845;08/04/2021;1551.73;341.38;1893.11
FT-2021-87929;30/12/2021;1340.48;294.91;1635.39
FT-2021-87932;04/01/2022;9845.04;2165.91;12010.95
FT-2021-87945;04/10/2021;3037.53;668.26;3705.79
FT-2021-87955;05/07/2021;5894.65;1296.82;7191.47
FT-2021-87983;11/01/2021;12464.31;2742.15;15206.46
FT-2021-88007;10/12/2021;1968.96;433.17;2402.13
FT-2021-88017;24/12/2021;13767.37;3028.82;16796.19
FT-2021-88018;22/04/2021;3549.71;780.94;4330.65
FT-2021-88047;03/09/2021;8405.85;1849.29;10255.14
FT-2021-88059;30/12/2021;1810.17;398.24;2208.41
FT-2021-88073;08/01/2021;1614.37;355.16;1969.53
FT-2021-88078;02/10/2021;9837.74;2164.30;12002.04
FT-2021-88085;16/09/2021;1769.50;389.29;2158.79
FT-2021-88091;01/07/2021;6271.54;1379.74;7651.28
FT-2021-88108;13/10/2021;5560.01;1223.20;6783.21
FT-2021-88174;28/12/2021;10488.89;2307.56;12796.45
FT-2021-88194;27/12/2021;5636.11;1239.94;6876.05
FT-2021-88211;20/01/2021;1717.79;377.91;2095.70
FT-2021-88215;26/02/2021;1382.60;304.17;1686.77
FT-2021-88236;30/11/2021;3085.25;678.75;3764.00
FT-2021-88246;03/02/2021;8568.51;1885.07;10453.58
FT-2021-88265;08/05/2021;3065.07;674.32;3739.39
FT-2021-88268;13/01/2021;3413.01;750.86;4163.87
FT-2021-88293;11/08/2021;2901.50;638.33;3539.83
FT-2021-88319;17/03/2021;2876.02;632.72;3508.74
FT-2021-88320;10/05/2021;6633.63;1459.40;8093.03
FT-2021-88365;22/11/2021;3081.31;677.89;3759.20
FT-2021-88436;16/05/2021;6278.91;1381.36;7660.27
FT-2021-88449;03/04/2021;10644.59;2341.81;12986.40
FT-2021-88532;02/12/2021;8513.25;1872.91;10386.16
FT-2021-88540;02/12/2021;4808.28;1057.82;5866.10
FT-2021-88556;06/11/2021;12223.59;2689.19;14912.78
FT-2021-88626;28/02/2021;10529.02;2316.38;12845.40
FT-2021-88640;02/03/2021;6503.04;1430.67;7933.71
FT-2021-88649;09/08/2021;3396.58;747.25;4143.83
FT-2021-88715;17/02/2021;10527.07;2315.96;12843.03
FT-2021-88764;25/11/2021;4564.15;1004.11;5568.26
FT-2021-88830;26/09/2021;1839.52;404.69;2244.21
FT-2021-88840;18/08/2021;7937.69;1746.29;9683.98
FT-2021-88877;26/05/2021;3130.35;688.68;3819.03
FT-2021-88900;16/02/2021;9853.63;2167.80;12021.43
FT-2021-88949;13/03/2021;8421.02;1852.62;10273.64
FT-2021-88986;06/11/2021;6122.77;1347.01;7469.78
FT-2021-89081;12/07/2021;14634.25;3219.53;17853.78
FT-2021-89083;20/08/2021;4927.63;1084.08;6011.71
FT-2021-89115;14/10/2021;3040.17;668.84;3709.01
FT-2021-89153;31/10/2021;5868.62;1291.10;7159.72
FT-2021-89213;04/11/2021;4808.22;1057.81;5866.03
FT-2021-89273;09/09/2021;6469.20;1423.22;7892.42
FT-2021-89314;04/06/2021;7827.81;1722.12;9549.93
FT-2021-89372;17/10/2021;3695.95;813.11;4509.06
FT-2021-89421;08/11/2021;7257.44;1596.64;8854.08
FT-2021-89426;19/01/2021;7665.04;1686.31;9351.35
FT-2021-89442;31/01/2021;9829.21;2162.43;11991.64
FT-2021-89573;17/07/2021;5380.75;1183.77;6564.52
FT-2021-89640;18/09/2021;10927.23;2403.99;13331.22
FT-2021-89677;21/08/2021;8251.34;1815.29;10066.63
FT-2021-89733;30/11/2021;11476.30;2524.79;14001.09
FT-2021-89772;06/04/2021;6165.80;1356.48;7522.28
FT-2021-89848;05/07/2021;3910.09;860.22;4770.31
FT-2021-89856;11/07/2021;8678.37;1909.24;10587.61
FT-2021-89904;24/05/2021;1299.74;285.94;1585.68
FT-2021-89943;04/12/2021;2741.48;603.13;3344.61
FT-2021-90013;26/08/2021;13471.56;2963.74;16435.30
FT-2021-90040;14/01/2021;8514.78;1873.25;10388.03
FT-2021-90098;25/03/2021;6333.24;1393.31;7726.55
FT-2021-90111;23/12/2021;5711.44;1256.52;6967.96
FT-2021-90132;20/11/2021;7446.07;1638.14;9084.21
FT-2021-90179;05/04/2021;9701.59;2134.35;11835.94
FT-2021-90181;07/07/2021;9107.73;2003.70;11111.43
FT-2021-90230;28/08/2021;9499.42;2089.87;11589.29
FT-2021-90239;25/11/2021;1955.64;430.24;2385.88
FT-2021-90270;29/12/2021;9161.65;2015.56;11177.21
FT-2021-90287;18/12/2021;6637.80;1460.32;8098.12
FT-2021-90324;29/12/2021;7921.30;1742.69;9663.99
FT-2021-90415;28/03/2021;4062.39;893.73;4956.12
FT-2021-90429;19/08/2021;2090.62;459.94;2550.56
FT-2021-90437;09/11/2021;2051.32;451.29;2502.61
FT-2021-90486;28/03/2021;8300.24;1826.05;10126.29
FT-2021-90503;18/06/2021;4977.14;1094.97;6072.11
FT-2021-90519;23/11/2021;5856.45;1288.42;7144.87
FT-2021-90520;10/06/2021;1732.18;381.08;2113.26
FT-2021-90611;16/05/2021;15672.81;3448.02;19120.83
FT-2021-90627;29/11/2021;2204.71;485.04;2689.75
FT-2021-90632;26/04/2021;5531.61;1216.95;6748.56
FT-2021-90639;27/10/2021;3458.28;760.82;4219.10
FT-2021-90732;06/04/2021;15835.21;3483.75;19318.96
FT-2021-90739;17/07/2021;5096.37;1121.20;6217.57
FT-2021-90742;19/06/2021;10204.52;2244.99;12449.51
FT-2021-90771;13/05/2021;7241.12;1593.05;8834.17
FT-2021-90781;29/09/2021;4405.81;969.28;5375.09
FT-2021-90839;05/03/2021;11434.86;2515.67;13950.53
FT-2021-90843;13/12/2021;3562.93;783.84;4346.77
FT-2021-90897;17/10/2021;661.31;145.49;806.80
FT-2021-90922;20/12/2021;7724.45;1699.38;9423.83
FT-2021-91014;01/10/2021;7703.08;1694.68;9397.76
FT-2021-91020;30/12/2021;9319.06;2050.19;11369.25
FT-2021-91072;19/06/2021;11128.05;2448.17;13576.22
FT-2021-91095;11/05/2021;2417.69;531.89;2949.58
FT-2021-91126;18/09/2021;12900.50;2838.11;15738.61
FT-2021-91241;19/02/2021;5058.52;1112.87;6171.39
FT-2021-91339;14/08/2021;7502.12;1650.47;9152.59
FT-2021-91350;19/05/2021;10349.44;2276.88;12626.32
FT-2021-91522;07/12/2021;842.83;185.42;1028.25
FT-2021-91534;24/05/2021;2309.67;508.13;2817.80
FT-2021-91535;07/01/2022;4227.29;930.00;5157.29
FT-2021-91538;31/03/2021;8362.21;1839.69;10201.90
FT-2021-91618;03/05/2021;4112.48;904.75;5017.23
FT-2021-91675;31/10/2021;7320.88;1610.59;8931.47
FT-2021-91699;27/02/2021;7157.90;1574.74;8732.64
FT-2021-91827;31/03/2021;2705.03;595.11;3300.14
FT-2021-91857;14/05/2021;6421.28;1412.68;7833.96
FT-2021-91867;21/10/2021;5742.86;1263.43;7006.29
FT-2021-91907;24/12/2021;5392.75;1186.40;6579.15
FT-2021-91916;08/09/2021;6875.01;1512.50;8387.51
FT-2021-91973;10/08/2021;9417.88;2071.93;11489.81
FT-2021-92050;13/04/2021;10663.01;2345.86;13008.87
FT-2021-92073;23/09/2021;2919.91;642.38;3562.29
FT-2021-92076;01/02/2021;3571.93;785.82;4357.75
FT-2021-92098;28/08/2021;5551.04;1221.23;6772.27
FT-2021-92137;08/09/2021;2336.71;514.08;2850.79
FT-2021-92151;03/03/2021;3859.18;849.02;4708.20
FT-2021-92217;10/11/2021;7434.69;1635.63;9070.32
FT-2021-92229;01/06/2021;8640.34;1900.87;10541.21
FT-2021-92275;04/02/2021;9974.70;2194.43;12169.13
FT-2021-92378;14/09/2021;1962.32;431.71;2394.03
FT-2021-92431;23/08/2021;4554.65;1002.02;5556.67
FT-2021-92447;12/03/2021;13801.73;3036.38;16838.11
FT-2021-92492;15/04/2021;3006.93;661.52;3668.45
FT-2021-92540;19/09/2021;2934.18;645.52;3579.70
FT-2021-92582;30/11/2021;9763.12;2147.89;11911.01
FT-2021-92637;26/07/2021;2440.60;536.93;2977.53
FT-2021-92640;13/12/2021;3271.50;719.73;3991.23
FT-2021-92643;25/08/2021;5067.08;1114.76;6181.84
FT-2021-92768;28/07/2021;2756.15;606.35;3362.50
FT-2021-92783;12/11/2021;12219.66;2688.33;14907.99
FT-2021-92939;20/01/2021;8271.93;1819.82;10091.75
FT-2021-92958;24/06/2021;4534.24;997.53;5531.77
FT-2021-93029;27/05/2021;8440.49;1856.91;10297.40
FT-2021-93039;29/01/2021;14634.89;3219.68;17854.57
FT-2021-93047;04/12/2021;1291.12;284.05;1575.17
FT-2021-93107;27/08/2021;3295.95;725.11;4021.06
FT-2021-93146;06/12/2021;10217.49;2247.85;12465.34
FT-2021-93184;04/03/2021;2425.95;533.71;2959.66
FT-2021-93186;14/11/2021;2379.02;523.38;2902.40
FT-2021-93233;29/09/2021;8126.96;1787.93;9914.89
FT-2021-93271;21/01/2021;6137.49;1350.25;7487.74
FT-2021-93284;24/10/2021;7989.11;1757.60;9746.71
FT-2021-93311;26/12/2021;5216.85;1147.71;6364.56
FT-2021-93330;03/06/2021;5981.02;1315.82;7296.84
FT-2021-93419;09/11/2021;6929.76;1524.55;8454.31
FT-2021-93435;23/08/2021;7887.15;1735.17;9622.32
FT-2021-93501;07/12/2021;7091.41;1560.11;8651.52
FT-2021-93504;20/09/2021;6757.39;1486.63;8244.02
FT-2021-93542;08/01/2022;578.39;127.25;705.64
FT-2021-93567;03/09/2021;15503.49;3410.77;18914.26
FT-2021-93636;27/05/2021;3447.48;758.45;4205.93
FT-2021-93657;16/06/2021;1460.79;321.37;1782.16
FT-2021-93689;15/12/2021;1417.35;311.82;1729.17
FT-2021-93703;15/09/2021;2829.18;622.42;3451.60
FT-2021-93719;11/11/2021;6103.31;1342.73;7446.04
FT-2021-93752;02/06/2021;2606.61;573.45;3180.06
FT-2021-93843;21/03/2021;9971.10;2193.64;12164.74
FT-2021-93877;29/12/2021;9145.40;2011.99;11157.39
FT-2021-93892;06/01/2022;5072.87;1116.03;6188.90
FT-2021-93938;24/11/2021;8427.23;1853.99;10281.22
FT-2021-93942;05/04/2021;13187.52;2901.25;16088.77
FT-2021-93972;05/01/2022;10566.78;2324.69;12891.47
FT-2021-94053;21/06/2021;2007.03;441.55;2448.58
FT-2021-94092;21/12/2021;5312.77;1168.81;6481.58
FT-2021-94094;11/07/2021;4083.75;898.42;4982.17
FT-2021-94112;23/07/2021;3887.63;855.28;4742.91
FT-2021-94141;15/12/2021;5599.30;1231.85;6831.15
FT-2021-94154;09/07/2021;7053.64;1551.80;8605.44
FT-2021-94157;15/02/2021;5219.54;1148.30;6367.84
FT-2021-94180;08/09/2021;10340.84;2274.98;12615.82
FT-2021-94229;25/02/2021;10847.84;2386.52;13234.36
FT-2021-94289;28/04/2021;8765.79;1928.47;10694.26
FT-2021-94316;31/05/2021;2021.41;444.71;2466.12
FT-2021-94343;06/01/2021;4024.67;885.43;4910.10
FT-2021-94356;11/02/2021;2736.73;602.08;3338.81
FT-2021-94391;19/11/2021;4397.38;967.42;5364.80
FT-2021-94424;06/01/2022;4841.01;1065.02;5906.03
FT-2021-94431;12/09/2021;3271.93;719.82;3991.75
FT-2021-94506;23/07/2021;15323.67;3371.21;18694.88
FT-2021-94543;30/05/2021;8459.02;1860.98;10320.00
FT-2021-94599;14/02/2021;3395.98;747.12;4143.10
FT-2021-94638;02/05/2021;5630.70;1238.75;6869.45
FT-2021-94649;25/08/2021;4223.85;929.25;5153.10
FT-2021-94666;13/07/2021;7111.13;1564.45;8675.58
FT-2021-94723;27/11/2021;4942.90;1087.44;6030.34
FT-2021-94807;18/01/2021;8939.75;1966.75;10906.50
FT-2021-94821;16/05/2021;4469.56;983.30;5452.86
FT-2021-94835;18/09/2021;4450.85;979.19;5430.04
FT-2021-94839;21/10/2021;6223.10;1369.08;7592.18
FT-2021-94896;17/11/2021;2987.79;657.31;3645.10
FT-2021-94951;06/09/2021;6367.73;1400.90;7768.63
FT-2021-94952;17/11/2021;7338.05;1614.37;8952.42
FT-2021-94970;11/10/2021;3667.96;806.95;4474.91
FT-2021-94980;28/01/2021;3518.06;773.97;4292.03
FT-2021-94991;11/04/2021;2998.15;659.59;3657.74
FT-2021-95002;09/01/2021;1939.01;426.58;2365.59
FT-2021-95061;19/09/2021;8332.05;1833.05;10165.10
FT-2021-95109;23/03/2021;10992.15;2418.27;13410.42
FT-2021-95137;11/11/2021;17613.75;3875.03;21488.78
FT-2021-95147;17/11/2021;8054.04;1771.89;9825.93
FT-2021-95218;23/03/2021;2140.04;470.81;2610.85
FT-2021-95237;10/07/2021;8665.07;1906.32;10571.39
FT-2021-95332;15/02/2021;5474.56;1204.40;6678.96
FT-2021-95340;26/11/2021;12788.18;2813.40;15601.58
FT-2021-95382;23/11/2021;10375.73;2282.66;12658.39
FT-2021-95383;11/08/2021;4328.74;952.32;5281.06
FT-2021-95385;23/10/2021;7346.01;1616.12;8962.13
FT-2021-95388;10/10/2021;3678.91;809.36;4488.27
FT-2021-95483;30/11/2021;8690.12;1911.83;10601.95
FT-2021-95525;06/07/2021;2821.77;620.79;3442.56
FT-2021-95540;26/10/2021;3252.78;715.61;3968.39
FT-2021-95541;12/05/2021;5161.92;1135.62;6297.54
FT-2021-95600;24/02/2021;8447.66;1858.49;10306.15
FT-2021-95715;11/03/2021;8072.96;1776.05;9849.01
FT-2021-95740;08/12/2021;15441.34;3397.09;18838.43
FT-2021-95759;10/08/2021;6070.14;1335.43;7405.57
FT-2021-95789;03/06/2021;6525.48;1435.61;7961.09
FT-2021-95832;06/06/2021;3990.56;877.92;4868.48
FT-2021-95851;25/12/2021;7864.62;1730.22;9594.84
FT-2021-95892;17/07/2021;9215.16;2027.34;11242.50
FT-2021-95912;06/11/2021;7244.51;1593.79;8838.30
FT-2021-95913;29/10/2021;2081.35;457.90;2539.25
FT-2021-95926;29/11/2021;6344.89;1395.88;7740.77
FT-2021-95944;24/08/2021;5439.67;1196.73;6636.40
FT-2021-95949;15/09/2021;9228.55;2030.28;11258.83
FT-2021-96091;20/03/2021;1203.81;264.84;1468.65
FT-2021-96102;08/01/2022;14548.17;3200.60;17748.77
FT-2021-96126;16/10/2021;11985.80;2636.88;14622.68
FT-2021-96160;04/08/2021;2201.19;484.26;2685.45
FT-2021-96171;30/10/2021;5867.54;1290.86;7158.40
FT-2021-96195;27/08/2021;4737.26;1042.20;5779.46
FT-2021-96259;27/04/2021;12275.68;2700.65;14976.33
FT-2021-96388;14/03/2021;5655.81;1244.28;6900.09
FT-2021-96416;21/05/2021;7229.22;1590.43;8819.65
FT-2021-96505;20/09/2021;3934.38;865.56;4799.94
FT-2021-96541;29/04/2021;2980.88;655.79;3636.67
FT-2021-96543;08/08/2021;5929.57;1304.51;7234.08
FT-2021-96598;29/07/2021;5865.75;1290.46;7156.21
FT-2021-96704;29/05/2021;5641.50;1241.13;6882.63
FT-2021-96737;26/04/2021;10860.98;2389.42;13250.40
FT-2021-96750;23/08/2021;7295.59;1605.03;8900.62
FT-2021-96757;16/10/2021;991.70;218.17;1209.87
FT-2021-96878;13/07/2021;6598.41;1451.65;8050.06
FT-2021-96884;30/07/2021;7938.31;1746.43;9684.74
FT-2021-96886;04/04/2021;1189.20;261.62;1450.82
FT-2021-96893;10/04/2021;7528.67;1656.31;9184.98
FT-2021-96896;04/08/2021;8380.55;1843.72;10224.27
FT-2021-96923;01/02/2021;7177.71;1579.10;8756.81
FT-2021-96928;17/09/2021;14434.81;3175.66;17610.47
FT-2021-96932;27/12/2021;2341.25;515.08;2856.33
FT-2021-96940;14/02/2021;1315.12;289.33;1604.45
FT-2021-96951;22/08/2021;10738.32;2362.43;13100.75
FT-2021-96971;26/07/2021;3259.53;717.10;3976.63
FT-2021-96994;21/11/2021;5049.98;1111.00;6160.98
FT-2021-97153;18/03/2021;9822.34;2160.91;11983.25
FT-2021-97164;18/07/2021;6521.93;1434.82;7956.75
FT-2021-97165;25/06/2021;4721.50;1038.73;5760.23
FT-2021-97211;18/10/2021;1507.60;331.67;1839.27
FT-2021-97220;17/11/2021;2087.79;459.31;2547.10
FT-2021-97224;28/04/2021;6039.54;1328.70;7368.24
FT-2021-97240;21/06/2021;9975.43;2194.59;12170.02
FT-2021-97248;27/11/2021;6040.80;1328.98;7369.78
FT-2021-97259;08/08/2021;2630.95;578.81;3209.76
FT-2021-97299;28/10/2021;5475.13;1204.53;6679.66
FT-2021-97301;22/06/2021;7068.64;1555.10;8623.74
FT-2021-97331;18/07/2021;3147.80;692.52;3840.32
FT-2021-97332;20/01/2021;9985.73;2196.86;12182.59
FT-2021-97376;13/08/2021;5901.32;1298.29;7199.61
FT-2021-97380;18/12/2021;16173.98;3558.28;19732.26
FT-2021-97425;05/04/2021;3346.25;736.17;4082.42
FT-2021-97459;13/04/2021;6983.45;1536.36;8519.81
FT-2021-97516;10/06/2021;14375.39;3162.59;17537.98
FT-2021-97566;04/12/2021;9703.41;2134.75;11838.16
FT-2021-97572;05/11/2021;5451.41;1199.31;6650.72
FT-2021-97595;12/11/2021;1596.13;351.15;1947.28
FT-2021-97597;06/02/2021;6572.10;1445.86;8017.96
FT-2021-97601;24/06/2021;7903.86;1738.85;9642.71
FT-2021-97657;11/03/2021;13670.32;3007.47;16677.79
FT-2021-97710;13/06/2021;5937.67;1306.29;7243.96
FT-2021-97723;30/07/2021;2681.85;590.01;3271.86
FT-2021-97781;27/10/2021;11257.28;2476.60;13733.88
FT-2021-97824;22/03/2021;1756.18;386.36;2142.54
FT-2021-97829;01/10/2021;12109.79;2664.15;14773.94
FT-2021-97843;24/11/2021;1596.41;351.21;1947.62
FT-2021-97884;27/01/2021;3442.90;757.44;4200.34
FT-2021-97928;04/08/2021;11453.32;2519.73;13973.05
FT-2021-97930;22/12/2021;5412.03;1190.65;6602.68
FT-2021-97932;21/10/2021;8558.66;1882.91;10441.57
FT-2021-97938;04/01/2022;7827.30;1722.01;9549.31
FT-2021-97944;01/03/2021;6816.29;1499.58;8315.87
FT-2021-97957;08/02/2021;3846.66;846.27;4692.93
FT-2021-98160;10/06/2021;5264.67;1158.23;6422.90
FT-2021-98228;10/12/2021;14058.60;3092.89;17151.49
FT-2021-98244;07/10/2021;5315.18;1169.34;6484.52
FT-2021-98267;12/12/2021;10848.05;2386.57;13234.62
FT-2021-98301;16/12/2021;8104.76;1783.05;9887.81
FT-2021-98336;08/05/2021;13718.77;3018.13;16736.90
FT-2021-98360;10/04/2021;8056.26;1772.38;9828.64
FT-2021-98364;12/10/2021;14165.91;3116.50;17282.41
FT-2021-98419;22/12/2021;9593.73;2110.62;11704.35
FT-2021-98433;21/07/2021;13427.37;2954.02;16381.39
FT-2021-98440;17/10/2021;6899.42;1517.87;8417.29
FT-2021-98469;11/02/2021;12931.31;2844.89;15776.20
FT-2021-98493;15/10/2021;11834.75;2603.64;14438.39
FT-2021-98506;10/12/2021;8697.94;1913.55;10611.49
FT-2021-98552;19/11/2021;5091.49;1120.13;6211.62
FT-2021-98621;14/12/2021;6583.58;1448.39;8031.97
FT-2021-98637;02/06/2021;7065.64;1554.44;8620.08
FT-2021-98651;24/06/2021;4986.12;1096.95;6083.07
FT-2021-98684;21/04/2021;13912.59;3060.77;16973.36
FT-2021-98699;25/06/2021;6146.84;1352.30;7499.14
FT-2021-98704;13/09/2021;11260.90;2477.40;13738.30
FT-2021-98741;28/01/2021;2537.93;558.34;3096.27
FT-2021-98761;24/10/2021;9306.41;2047.41;11353.82
FT-2021-98773;26/05/2021;11016.74;2423.68;13440.42
FT-2021-98784;05/08/2021;3239.67;712.73;3952.40
FT-2021-98791;09/03/2021;4186.07;920.94;5107.01
FT-2021-98793;06/05/2021;7473.49;1644.17;9117.66
FT-2021-98815;20/04/2021;1957.65;430.68;2388.33
FT-2021-98918;02/12/2021;6933.85;1525.45;8459.30
FT-2021-98923;01/09/2021;14561.12;3203.45;17764.57
FT-2021-98970;18/07/2021;6000.26;1320.06;7320.32
FT-2021-99075;26/06/2021;12684.08;2790.50;15474.58
FT-2021-99090;28/07/2021;4620.54;1016.52;5637.06
FT-2021-99118;03/01/2022;3525.77;775.67;4301.44
FT-2021-99123;24/12/2021;1412.33;310.71;1723.04
FT-2021-99126;22/07/2021;2268.28;499.02;2767.30
FT-2021-99143;09/03/2021;4571.26;1005.68;5576.94
FT-2021-99146;24/03/2021;4322.93;951.04;5273.97
FT-2021-99273;13/04/2021;11817.98;2599.96;14417.94
FT-2021-99282;30/09/2021;2854.08;627.90;3481.98
FT-2021-99310;09/04/2021;5573.49;1226.17;6799.66
FT-2021-99323;28/12/2021;4757.45;1046.64;5804.09
FT-2021-99341;27/02/2021;8210.72;1806.36;10017.08
FT-2021-99354;06/01/2021;8031.65;1766.96;9798.61
FT-2021-99356;19/10/2021;2004.07;440.90;2444.97
FT-2021-99380;26/12/2021;3728.62;820.30;4548.92
FT-2021-99485;16/11/2021;6980.49;1535.71;8516.20
FT-2021-99624;26/06/2021;4691.38;1032.10;5723.48
FT-2021-99641;27/02/2021;4982.13;1096.07;6078.20
FT-2021-99651;22/10/2021;6408.92;1409.96;7818.88
FT-2021-99665;19/10/2021;7059.50;1553.09;8612.59
FT-2021-99696;28/09/2021;9624.98;2117.50;11742.48
FT-2021-99756;02/11/2021;6001.17;1320.26;7321.43
FT-2021-99767;19/12/2021;2271.15;499.65;2770.80
FT-2021-99822;08/12/2021;1045.24;229.95;1275.19
FT-2021-99825;30/04/2021;4985.74;1096.86;6082.60
FT-2021-99883;26/05/2021;14711.01;3236.42;17947.43
FT-2021-99886;05/09/2021;7451.31;1639.29;9090.60
FT-2021-99902;03/10/2021;4537.16;998.18;5535.34
FT-2021-99914;15/06/2021;5414.80;1191.26;6606.06
FT-2021-99930;10/08/2021;6835.58;1503.83;8339.41
FT-2021-99978;26/12/2021;2491.70;548.17;3039.87
FT-2022-00033;15/09/2022;4079.82;897.56;4977.38
FT-2022-00070;23/06/2022;13406.13;2949.35;16355.48
FT-2022-00074;09/11/2022;3382.56;744.16;4126.72
FT-2022-00118;24/09/2022;6728.26;1480.22;8208.48
FT-2022-00122;28/09/2022;967.17;212.78;1179.95
FT-2022-00145;28/12/2022;12116.08;2665.54;14781.62
FT-2022-00163;29/04/2022;1092.68;240.39;1333.07
FT-2022-00165;15/08/2022;2947.32;648.41;3595.73
FT-2022-00171;06/06/2022;3559.79;783.15;4342.94
FT-2022-00220;07/07/2022;12704.43;2794.97;15499.40
FT-2022-00274;16/06/2022;5347.48;1176.45;6523.93
FT-2022-00295;20/09/2022;8364.57;1840.21;10204.78
FT-2022-00302;09/01/2022;9708.56;2135.88;11844.44
FT-2022-00358;30/05/2022;7672.12;1687.87;9359.99
FT-2022-00366;09/05/2022;6147.88;1352.53;7500.41
FT-2022-00372;10/04/2022;10098.04;2221.57;12319.61
FT-2022-00376;08/11/2022;9529.38;2096.46;11625.84
FT-2022-00423;05/03/2022;5293.06;1164.47;6457.53
FT-2022-00444;14/04/2022;7375.05;1622.51;8997.56
FT-2022-00473;05/10/2022;2406.54;529.44;2935.98
FT-2022-00479;17/05/2022;3899.05;857.79;4756.84
FT-2022-00499;31/12/2022;10582.55;2328.16;12910.71
FT-2022-00512;23/07/2022;9406.72;2069.48;11476.20
FT-2022-00539;27/04/2022;10944.56;2407.80;13352.36
FT-2022-00564;10/03/2022;6833.48;1503.37;8336.85
FT-2022-00575;27/06/2022;12054.78;2652.05;14706.83
FT-2022-00635;30/09/2022;17415.46;3831.40;21246.86
FT-2022-00711;27/12/2022;3949.48;868.89;4818.37
FT-2022-00737;02/07/2022;9002.57;1980.57;10983.14
FT-2022-00756;29/08/2022;5530.62;1216.74;6747.36
FT-2022-00763;15/11/2022;386.57;85.05;471.62
FT-2022-00792;08/05/2022;6373.42;1402.15;7775.57
FT-2022-00812;09/09/2022;3908.29;859.82;4768.11
FT-2022-00863;02/12/2022;966.54;212.64;1179.18
FT-2022-00888;20/03/2022;13864.83;3050.26;16915.09
FT-2022-00958;15/06/2022;6133.17;1349.30;7482.47
FT-2022-00961;21/06/2022;6804.37;1496.96;8301.33
FT-2022-00967;25/07/2022;1532.68;337.19;1869.87
FT-2022-00995;24/02/2022;6292.77;1384.41;7677.18
FT-2022-01003;04/11/2022;3240.75;712.97;3953.72
FT-2022-01064;05/10/2022;1467.21;322.79;1790.00
FT-2022-01071;08/02/2022;2381.14;523.85;2904.99
FT-2022-01100;22/11/2022;10688.43;2351.45;13039.88
FT-2022-01131;25/06/2022;6483.86;1426.45;7910.31
FT-2022-01145;24/09/2022;13759.30;3027.05;16786.35
FT-2022-01173;01/03/2022;7015.43;1543.39;8558.82
FT-2022-01211;06/11/2022;12741.53;2803.14;15544.67
FT-2022-01217;20/07/2022;4593.82;1010.64;5604.46
FT-2022-01225;18/12/2022;16458.64;3620.90;20079.54
FT-2022-01237;11/04/2022;2111.59;464.55;2576.14
FT-2022-01242;29/03/2022;10343.23;2275.51;12618.74
FT-2022-01395;11/08/2022;5175.01;1138.50;6313.51
FT-2022-01399;24/04/2022;6151.01;1353.22;7504.23
FT-2022-01420;22/10/2022;8856.41;1948.41;10804.82
FT-2022-01452;30/04/2022;4646.11;1022.14;5668.25
FT-2022-01467;17/06/2022;15424.83;3393.46;18818.29
FT-2022-01473;15/05/2022;6379.85;1403.57;7783.42
FT-2022-01480;27/07/2022;8872.21;1951.89;10824.10
FT-2022-01625;15/07/2022;5296.84;1165.30;6462.14
FT-2022-01642;04/07/2022;8354.15;1837.91;10192.06
FT-2022-01651;09/04/2022;5193.24;1142.51;6335.75
FT-2022-01653;25/07/2022;1195.13;262.93;1458.06
FT-2022-01685;16/11/2022;3125.29;687.56;3812.85
FT-2022-01722;07/05/2022;3709.36;816.06;4525.42
FT-2022-01745;15/02/2022;10388.95;2285.57;12674.52
FT-2022-01751;30/10/2022;12897.21;2837.39;15734.60
FT-2022-01778;21/06/2022;9182.72;2020.20;11202.92
FT-2022-01795;17/01/2022;2125.25;467.56;2592.81
FT-2022-01845;04/12/2022;6000.47;1320.10;7320.57
FT-2022-01870;24/07/2022;3410.09;750.22;4160.31
FT-2022-01874;25/05/2022;6182.32;1360.11;7542.43
FT-2022-01879;23/09/2022;2143.83;471.64;2615.47
FT-2022-01937;18/11/2022;10540.54;2318.92;12859.46
FT-2022-01957;27/12/2022;5502.86;1210.63;6713.49
FT-2022-02051;12/02/2022;7949.68;1748.93;9698.61
FT-2022-02073;04/08/2022;6017.88;1323.93;7341.81
FT-2022-02092;24/04/2022;3090.04;679.81;3769.85
FT-2022-02129;14/07/2022;7321.69;1610.77;8932.46
FT-2022-02132;25/06/2022;1144.51;251.79;1396.30
FT-2022-02185;06/08/2022;9000.24;1980.05;10980.29
FT-2022-02218;06/11/2022;7038.77;1548.53;8587.30
FT-2022-02238;18/01/2022;13165.25;2896.36;16061.61
FT-2022-02244;08/04/2022;6948.23;1528.61;8476.84
FT-2022-02276;06/04/2022;9171.25;2017.67;11188.92
FT-2022-02311;10/07/2022;4051.06;891.23;4942.29
FT-2022-02313;13/06/2022;3808.84;837.94;4646.78
FT-2022-02359;02/08/2022;7858.65;1728.90;9587.55
FT-2022-02363;17/05/2022;2975.66;654.65;3630.31
FT-2022-02410;18/03/2022;6027.33;1326.01;7353.34
FT-2022-02413;07/08/2022;5062.27;1113.70;6175.97
FT-2022-02421;10/12/2022;2246.25;494.18;2740.43
FT-2022-02431;22/03/2022;6213.62;1367.00;7580.62
FT-2022-02439;06/04/2022;8324.61;1831.41;10156.02
FT-2022-02446;24/04/2022;6563.86;1444.05;8007.91
FT-2022-02459;03/08/2022;10844.72;2385.84;13230.56
FT-2022-02488;15/04/2022;8127.71;1788.10;9915.81
FT-2022-02533;01/10/2022;12092.40;2660.33;14752.73
FT-2022-02544;29/11/2022;9536.73;2098.08;11634.81
FT-2022-02586;23/02/2022;8479.00;1865.38;10344.38
FT-2022-02592;17/07/2022;4672.01;1027.84;5699.85
FT-2022-02655;01/08/2022;10015.39;2203.39;12218.78
FT-2022-02725;21/05/2022;5980.26;1315.66;7295.92
FT-2022-02726;24/08/2022;6325.98;1391.72;7717.70
FT-2022-02741;03/04/2022;1714.98;377.30;2092.28
FT-2022-02843;29/11/2022;4994.80;1098.86;6093.66
FT-2022-02846;29/08/2022;5314.54;1169.20;6483.74
FT-2022-02850;21/05/2022;12447.52;2738.45;15185.97
FT-2022-02888;18/03/2022;7258.30;1596.83;8855.13
FT-2022-02921;01/11/2022;4164.29;916.14;5080.43
FT-2022-02936;30/07/2022;8218.80;1808.14;10026.94
FT-2022-02949;17/08/2022;12198.24;2683.61;14881.85
FT-2022-02966;12/04/2022;5504.25;1210.93;6715.18
FT-2022-02998;08/10/2022;2771.51;609.73;3381.24
FT-2022-03046;12/05/2022;949.61;208.91;1158.52
FT-2022-03098;11/03/2022;6926.05;1523.73;8449.78
FT-2022-03142;06/07/2022;771.01;169.62;940.63
FT-2022-03156;14/12/2022;13253.81;2915.84;16169.65
FT-2022-03202;27/02/2022;10458.42;2300.85;12759.27
FT-2022-03207;17/06/2022;3641.23;801.07;4442.30
FT-2022-03271;20/02/2022;7340.15;1614.83;8954.98
FT-2022-03290;01/07/2022;2047.17;450.38;2497.55
FT-2022-03296;30/04/2022;5500.26;1210.06;6710.32
FT-2022-03306;26/12/2022;4938.81;1086.54;6025.35
FT-2022-03310;14/10/2022;6483.45;1426.36;7909.81
FT-2022-03349;09/02/2022;6562.05;1443.65;8005.70
FT-2022-03424;11/05/2022;4706.59;1035.45;5742.04
FT-2022-03432;27/04/2022;1541.45;339.12;1880.57
FT-2022-03436;05/07/2022;914.24;201.13;1115.37
FT-2022-03458;28/02/2022;2459.90;541.18;3001.08
FT-2022-03466;11/06/2022;1063.66;234.01;1297.67
FT-2022-03483;02/06/2022;11451.95;2519.43;13971.38
FT-2022-03523;07/03/2022;11877.67;2613.09;14490.76
FT-2022-03540;28/10/2022;12211.24;2686.47;14897.71
FT-2022-03543;10/07/2022;1732.67;381.19;2113.86
FT-2022-03562;11/10/2022;2550.47;561.10;3111.57
FT-2022-03602;21/02/2022;7412.85;1630.83;9043.68
FT-2022-03631;02/05/2022;4929.30;1084.45;6013.75
FT-2022-03682;11/07/2022;5960.92;1311.40;7272.32
FT-2022-03688;09/02/2022;4612.42;1014.73;5627.15
FT-2022-03710;21/01/2022;10158.54;2234.88;12393.42
FT-2022-03737;02/02/2022;6103.11;1342.68;7445.79
FT-2022-03742;26/06/2022;7981.23;1755.87;9737.10
FT-2022-03784;27/03/2022;4319.32;950.25;5269.57
FT-2022-03793;10/07/2022;5933.64;1305.40;7239.04
FT-2022-03873;28/07/2022;7428.45;1634.26;9062.71
FT-2022-03893;30/09/2022;3427.26;754.00;4181.26
FT-2022-03923;27/09/2022;2750.35;605.08;3355.43
FT-2022-03927;28/07/2022;3361.52;739.53;4101.05
FT-2022-03948;02/03/2022;6096.05;1341.13;7437.18
FT-2022-03963;11/11/2022;16220.20;3568.44;19788.64
FT-2022-04001;09/10/2022;13260.25;2917.26;16177.51
FT-2022-04003;13/06/2022;12651.96;2783.43;15435.39
FT-2022-04085;20/07/2022;811.15;178.45;989.60
FT-2022-04092;12/03/2022;1300.76;286.17;1586.93
FT-2022-04122;21/02/2022;3389.66;745.73;4135.39
FT-2022-04140;27/10/2022;569.26;125.24;694.50
FT-2022-04154;30/03/2022;9529.39;2096.47;11625.86
FT-2022-04158;29/08/2022;4612.39;1014.73;5627.12
FT-2022-04174;04/07/2022;2764.99;608.30;3373.29
FT-2022-04198;30/12/2022;10321.17;2270.66;12591.83
FT-2022-04244;29/05/2022;2118.82;466.14;2584.96
FT-2022-04368;02/01/2023;10875.31;2392.57;13267.88
FT-2022-04375;01/12/2022;2979.50;655.49;3634.99
FT-2022-04387;22/01/2022;818.07;179.98;998.05
FT-2022-04431;20/03/2022;15344.32;3375.75;18720.07
FT-2022-04440;20/01/2022;3372.52;741.95;4114.47
FT-2022-04467;10/11/2022;3328.40;732.25;4060.65
FT-2022-04532;31/07/2022;2891.69;636.17;3527.86
FT-2022-04544;11/04/2022;9361.39;2059.51;11420.90
FT-2022-04582;05/06/2022;10497.20;2309.38;12806.58
FT-2022-04588;11/09/2022;1647.56;362.46;2010.02
FT-2022-04598;17/10/2022;4509.15;992.01;5501.16
FT-2022-04610;30/11/2022;9195.12;2022.93;11218.05
FT-2022-04627;15/06/2022;9453.44;2079.76;11533.20
FT-2022-04644;17/01/2022;3652.78;803.61;4456.39
FT-2022-04681;26/08/2022;3060.84;673.38;3734.22
FT-2022-04682;22/07/2022;10549.58;2320.91;12870.49
FT-2022-04707;17/01/2022;5874.76;1292.45;7167.21
FT-2022-04709;14/09/2022;13789.26;3033.64;16822.90
FT-2022-04729;28/12/2022;2391.70;526.17;2917.87
FT-2022-04763;14/04/2022;9900.78;2178.17;12078.95
FT-2022-04766;04/09/2022;3043.00;669.46;3712.46
FT-2022-04781;12/05/2022;1960.45;431.30;2391.75
FT-2022-04784;08/11/2022;8206.92;1805.52;10012.44
FT-2022-04812;27/11/2022;7569.79;1665.35;9235.14
FT-2022-04815;29/10/2022;10410.55;2290.32;12700.87
FT-2022-04847;11/02/2022;18438.45;4056.46;22494.91
FT-2022-04848;12/05/2022;8461.19;1861.46;10322.65
FT-2022-04853;18/06/2022;4057.81;892.72;4950.53
FT-2022-04937;29/06/2022;1515.90;333.50;1849.40
FT-2022-04968;18/05/2022;13267.69;2918.89;16186.58
FT-2022-04974;09/04/2022;636.91;140.12;777.03
FT-2022-05091;16/08/2022;6417.79;1411.91;7829.70
FT-2022-05113;09/07/2022;1581.36;347.90;1929.26
FT-2022-05120;31/03/2022;3791.49;834.13;4625.62
FT-2022-05135;01/06/2022;8992.37;1978.32;10970.69
FT-2022-05142;02/09/2022;3139.42;690.67;3830.09
FT-2022-05164;30/07/2022;5289.81;1163.76;6453.57
FT-2022-05228;08/10/2022;4757.57;1046.67;5804.24
FT-2022-05232;24/10/2022;6806.17;1497.36;8303.53
FT-2022-05259;30/01/2022;4351.05;957.23;5308.28
FT-2022-05267;05/11/2022;8028.70;1766.31;9795.01
FT-2022-05293;20/02/2022;12100.64;2662.14;14762.78
FT-2022-05427;10/07/2022;1675.16;368.54;2043.70
FT-2022-05463;24/02/2022;6523.47;1435.16;7958.63
FT-2022-05486;22/01/2022;3821.84;840.80;4662.64
FT-2022-05491;12/07/2022;3629.81;798.56;4428.37
FT-2022-05525;01/05/2022;6079.18;1337.42;7416.60
FT-2022-05545;08/12/2022;5161.22;1135.47;6296.69
FT-2022-05564;25/08/2022;6116.00;1345.52;7461.52
FT-2022-05570;12/08/2022;6859.82;1509.16;8368.98
FT-2022-05577;04/08/2022;10493.16;2308.50;12801.66
FT-2022-05584;05/06/2022;4784.96;1052.69;5837.65
FT-2022-05618;25/06/2022;8313.58;1828.99;10142.57
FT-2022-05647;17/10/2022;2873.67;632.21;3505.88
FT-2022-05709;24/12/2022;10115.84;2225.48;12341.32
FT-2022-05808;15/05/2022;5354.52;1177.99;6532.51
FT-2022-05809;05/08/2022;9009.27;1982.04;10991.31
FT-2022-05815;18/02/2022;6975.64;1534.64;8510.28
FT-2022-05911;06/03/2022;5770.91;1269.60;7040.51
FT-2022-05957;20/02/2022;2852.48;627.55;3480.03
FT-2022-06088;11/06/2022;4171.88;917.81;5089.69
FT-2022-06193;08/08/2022;5425.08;1193.52;6618.60
FT-2022-06204;23/10/2022;5424.49;1193.39;6617.88
FT-2022-06238;01/06/2022;2621.08;576.64;3197.72
FT-2022-06245;26/05/2022;8980.83;1975.78;10956.61
FT-2022-06268;20/10/2022;18572.98;4086.06;22659.04
FT-2022-06275;15/05/2022;1670.77;367.57;2038.34
FT-2022-06289;30/01/2022;6165.77;1356.47;7522.24
FT-2022-06325;12/07/2022;8765.36;1928.38;10693.74
FT-2022-06361;27/11/2022;6800.79;1496.17;8296.96
FT-2022-06371;07/10/2022;4802.40;1056.53;5858.93
FT-2022-06400;29/04/2022;15003.04;3300.67;18303.71
FT-2022-06447;29/01/2022;8888.26;1955.42;10843.68
FT-2022-06461;03/02/2022;5833.09;1283.28;7116.37
FT-2022-06478;30/07/2022;14171.94;3117.83;17289.77
FT-2022-06503;17/02/2022;2592.83;570.42;3163.25
FT-2022-06547;09/03/2022;9527.58;2096.07;11623.65
FT-2022-06569;11/08/2022;9025.54;1985.62;11011.16
FT-2022-06584;10/06/2022;9097.38;2001.42;11098.80
FT-2022-06591;17/06/2022;6573.11;1446.08;8019.19
FT-2022-06613;07/03/2022;3930.92;864.80;4795.72
FT-2022-06633;30/09/2022;8615.21;1895.35;10510.56
FT-2022-06721;05/05/2022;14346.37;3156.20;17502.57
FT-2022-06742;11/11/2022;5769.41;1269.27;7038.68
FT-2022-06764;25/05/2022;6163.19;1355.90;7519.09
FT-2022-06771;27/05/2022;8252.18;1815.48;10067.66
FT-2022-06797;12/05/2022;5239.37;1152.66;6392.03
FT-2022-06799;18/08/2022;4884.67;1074.63;5959.30
FT-2022-06803;27/04/2022;9191.32;2022.09;11213.41
FT-2022-06805;31/05/2022;11140.93;2451.00;13591.93
FT-2022-06813;04/09/2022;2447.69;538.49;2986.18
FT-2022-06826;12/12/2022;3257.67;716.69;3974.36
FT-2022-06847;21/07/2022;8769.92;1929.38;10699.30
FT-2022-06853;19/09/2022;7866.84;1730.70;9597.54
FT-2022-06881;31/12/2022;4138.71;910.52;5049.23
FT-2022-06886;03/07/2022;833.69;183.41;1017.10
FT-2022-06980;20/09/2022;8112.89;1784.84;9897.73
FT-2022-06984;12/11/2022;6747.25;1484.39;8231.64
FT-2022-07019;13/11/2022;1290.07;283.82;1573.89
FT-2022-07033;01/10/2022;11224.09;2469.30;13693.39
FT-2022-07034;07/01/2022;3620.83;796.58;4417.41
FT-2022-07086;25/11/2022;5658.09;1244.78;6902.87
FT-2022-07114;26/06/2022;3393.50;746.57;4140.07
FT-2022-07136;01/08/2022;1730.14;380.63;2110.77
FT-2022-07151;26/06/2022;4405.42;969.19;5374.61
FT-2022-07169;22/11/2022;6875.60;1512.63;8388.23
FT-2022-07215;05/01/2023;3507.38;771.62;4279.00
FT-2022-07220;26/08/2022;2457.61;540.67;2998.28
FT-2022-07233;14/11/2022;1966.28;432.58;2398.86
FT-2022-07250;28/07/2022;2640.25;580.86;3221.11
FT-2022-07255;27/09/2022;1144.85;251.87;1396.72
FT-2022-07256;27/10/2022;4029.52;886.49;4916.01
FT-2022-07261;19/10/2022;13534.54;2977.60;16512.14
FT-2022-07262;19/01/2022;11797.80;2595.52;14393.32
FT-2022-07320;14/10/2022;9576.86;2106.91;11683.77
FT-2022-07337;27/12/2022;3775.94;830.71;4606.65
FT-2022-07400;17/03/2022;2272.18;499.88;2772.06
FT-2022-07474;16/11/2022;9723.04;2139.07;11862.11
FT-2022-07492;31/08/2022;5877.98;1293.16;7171.14
FT-2022-07520;18/06/2022;4221.06;928.63;5149.69
FT-2022-07549;08/02/2022;1035.37;227.78;1263.15
FT-2022-07625;14/05/2022;1902.92;418.64;2321.56
FT-2022-07629;24/06/2022;4964.64;1092.22;6056.86
FT-2022-07648;25/07/2022;1178.18;259.20;1437.38
FT-2022-07667;17/03/2022;8060.17;1773.24;9833.41
FT-2022-07732;10/10/2022;3429.67;754.53;4184.20
FT-2022-07790;12/10/2022;2611.63;574.56;3186.19
FT-2022-07798;02/11/2022;7636.60;1680.05;9316.65
FT-2022-07821;27/11/2022;5300.18;1166.04;6466.22
FT-2022-07835;29/04/2022;9953.56;2189.78;12143.34
FT-2022-07841;15/05/2022;7568.31;1665.03;9233.34
FT-2022-07857;14/10/2022;9322.84;2051.02;11373.86
FT-2022-07881;07/05/2022;3032.26;667.10;3699.36
FT-2022-07948;01/09/2022;3608.00;793.76;4401.76
FT-2022-08058;21/04/2022;3499.47;769.88;4269.35
FT-2022-08110;04/04/2022;8704.26;1914.94;10619.20
FT-2022-08125;10/12/2022;6114.57;1345.21;7459.78
FT-2022-08132;15/04/2022;8674.24;1908.33;10582.57
FT-2022-08232;03/11/2022;7673.40;1688.15;9361.55
FT-2022-08238;16/03/2022;5000.28;1100.06;6100.34
FT-2022-08257;17/05/2022;13468.60;2963.09;16431.69
FT-2022-08306;09/07/2022;8357.93;1838.74;10196.67
FT-2022-08385;17/09/2022;15212.17;3346.68;18558.85
FT-2022-08476;25/12/2022;6332.05;1393.05;7725.10
FT-2022-08481;12/06/2022;3634.23;799.53;4433.76
FT-2022-08524;22/09/2022;5637.02;1240.14;6877.16
FT-2022-08584;09/05/2022;4754.28;1045.94;5800.22
FT-2022-08589;24/05/2022;5414.87;1191.27;6606.14
FT-2022-08600;07/06/2022;2096.65;461.26;2557.91
FT-2022-08627;21/01/2022;3108.06;683.77;3791.83
FT-2022-08634;13/02/2022;2222.73;489.00;2711.73
FT-2022-08648;15/07/2022;9411.26;2070.48;11481.74
FT-2022-08649;09/09/2022;4116.94;905.73;5022.67
FT-2022-08671;26/02/2022;8179.30;1799.45;9978.75
FT-2022-08735;20/07/2022;11677.85;2569.13;14246.98
FT-2022-08757;29/01/2022;5099.02;1121.78;6220.80
FT-2022-08851;29/07/2022;1252.93;275.64;1528.57
FT-2022-08936;31/07/2022;4714.87;1037.27;5752.14
FT-2022-08962;19/12/2022;9176.66;2018.87;11195.53
FT-2022-08967;02/01/2023;12718.29;2798.02;15516.31
FT-2022-08971;10/04/2022;1128.11;248.18;1376.29
FT-2022-08998;05/07/2022;7233.56;1591.38;8824.94
FT-2022-09001;06/10/2022;1465.02;322.30;1787.32
FT-2022-09002;19/03/2022;4174.40;918.37;5092.77
FT-2022-09097;25/01/2022;2829.84;622.56;3452.40
FT-2022-09118;01/08/2022;3918.05;861.97;4780.02
FT-2022-09149;19/09/2022;15031.95;3307.03;18338.98
FT-2022-09171;06/10/2022;3607.03;793.55;4400.58
FT-2022-09224;16/12/2022;10788.16;2373.40;13161.56
FT-2022-09226;29/10/2022;8741.78;1923.19;10664.97
FT-2022-09229;12/11/2022;2780.91;611.80;3392.71
FT-2022-09272;01/06/2022;5853.59;1287.79;7141.38
FT-2022-09292;23/12/2022;5653.76;1243.83;6897.59
FT-2022-09322;31/03/2022;8042.60;1769.37;9811.97
FT-2022-09338;14/12/2022;8201.46;1804.32;10005.78
FT-2022-09396;17/06/2022;6329.86;1392.57;7722.43
FT-2022-09399;25/01/2022;825.21;181.55;1006.76
FT-2022-09404;20/05/2022;6496.60;1429.25;7925.85
FT-2022-09411;13/12/2022;5906.35;1299.40;7205.75
FT-2022-09480;06/01/2022;4284.49;942.59;5227.08
FT-2022-09520;18/03/2022;6197.87;1363.53;7561.40
FT-2022-09532;01/04/2022;5954.37;1309.96;7264.33
FT-2022-09544;28/01/2022;1748.00;384.56;2132.56
FT-2022-09555;04/07/2022;2018.96;444.17;2463.13
FT-2022-09567;16/10/2022;5634.31;1239.55;6873.86
FT-2022-09575;25/02/2022;2207.60;485.67;2693.27
FT-2022-09591;28/06/2022;5428.12;1194.19;6622.31
FT-2022-09605;21/07/2022;7951.86;1749.41;9701.27
FT-2022-09632;15/09/2022;3822.36;840.92;4663.28
FT-2022-09675;11/06/2022;9360.98;2059.42;11420.40
FT-2022-09690;27/04/2022;9191.06;2022.03;11213.09
FT-2022-09701;06/07/2022;10991.05;2418.03;13409.08
FT-2022-09702;27/08/2022;3191.52;702.13;3893.65
FT-2022-09722;25/06/2022;1687.66;371.29;2058.95
FT-2022-09743;02/10/2022;6533.44;1437.36;7970.80
FT-2022-09766;14/04/2022;1735.88;381.89;2117.77
FT-2022-09767;20/06/2022;1231.41;270.91;1502.32
FT-2022-09782;28/06/2022;1577.87;347.13;1925.00
FT-2022-09837;07/08/2022;5420.32;1192.47;6612.79
FT-2022-09897;06/01/2022;2392.09;526.26;2918.35
FT-2022-09911;25/03/2022;5712.70;1256.79;6969.49
FT-2022-09919;29/10/2022;4825.16;1061.54;5886.70
FT-2022-09945;12/06/2022;5447.55;1198.46;6646.01
FT-2022-10011;02/07/2022;1136.14;249.95;1386.09
FT-2022-10013;17/08/2022;3636.19;799.96;4436.15
FT-2022-10041;21/10/2022;4940.54;1086.92;6027.46
FT-2022-10068;03/04/2022;13599.82;2991.96;16591.78
FT-2022-10089;17/04/2022;3528.37;776.24;4304.61
FT-2022-10108;18/06/2022;12531.24;2756.87;15288.11
FT-2022-10150;04/05/2022;16777.27;3691.00;20468.27
FT-2022-10162;10/03/2022;3260.27;717.26;3977.53
FT-2022-10181;16/04/2022;6204.96;1365.09;7570.05
FT-2022-10265;30/01/2022;8618.44;1896.06;10514.50
FT-2022-10294;21/05/2022;14953.00;3289.66;18242.66
FT-2022-10325;14/04/2022;4389.72;965.74;5355.46
FT-2022-10330;10/09/2022;2867.05;630.75;3497.80
FT-2022-10358;31/08/2022;2207.29;485.60;2692.89
FT-2022-10360;07/05/2022;4633.77;1019.43;5653.20
FT-2022-10395;12/08/2022;5083.47;1118.36;6201.83
FT-2022-10436;24/08/2022;4468.51;983.07;5451.58
FT-2022-10439;12/08/2022;1138.42;250.45;1388.87
FT-2022-10443;13/12/2022;2494.00;548.68;3042.68
FT-2022-10457;20/11/2022;995.24;218.95;1214.19
FT-2022-10512;13/11/2022;5648.30;1242.63;6890.93
FT-2022-10542;27/11/2022;16380.91;3603.80;19984.71
FT-2022-10550;22/06/2022;14802.30;3256.51;18058.81
FT-2022-10593;30/09/2022;1896.08;417.14;2313.22
FT-2022-10598;22/11/2022;540.39;118.89;659.28
FT-2022-10608;20/01/2022;7385.64;1624.84;9010.48
FT-2022-10624;09/09/2022;9122.91;2007.04;11129.95
FT-2022-10667;17/07/2022;10525.46;2315.60;12841.06
FT-2022-10691;14/10/2022;581.86;128.01;709.87
FT-2022-10724;23/12/2022;5500.01;1210.00;6710.01
FT-2022-10747;14/11/2022;3945.01;867.90;4812.91
FT-2022-10750;14/09/2022;1244.29;273.74;1518.03
FT-2022-10760;17/04/2022;7039.40;1548.67;8588.07
FT-2022-10762;01/07/2022;11562.40;2543.73;14106.13
FT-2022-10807;10/02/2022;5971.09;1313.64;7284.73
FT-2022-10825;12/06/2022;4555.08;1002.12;5557.20
FT-2022-10848;14/01/2022;12456.00;2740.32;15196.32
FT-2022-10910;07/01/2022;4285.83;942.88;5228.71
FT-2022-10939;19/05/2022;8327.19;1831.98;10159.17
FT-2022-10970;01/08/2022;10054.86;2212.07;12266.93
FT-2022-10988;17/05/2022;6506.49;1431.43;7937.92
FT-2022-11021;24/02/2022;7035.49;1547.81;8583.30
FT-2022-11055;12/05/2022;3479.25;765.44;4244.69
FT-2022-11087;03/05/2022;6734.23;1481.53;8215.76
FT-2022-11089;12/09/2022;5613.56;1234.98;6848.54
FT-2022-11143;17/06/2022;6205.14;1365.13;7570.27
FT-2022-11168;06/08/2022;8030.15;1766.63;9796.78
FT-2022-11171;25/08/2022;5843.11;1285.48;7128.59
FT-2022-11185;21/09/2022;5833.33;1283.33;7116.66
FT-2022-11219;17/11/2022;3609.16;794.02;4403.18
FT-2022-11224;28/01/2022;4865.12;1070.33;5935.45
FT-2022-11239;05/06/2022;6846.05;1506.13;8352.18
FT-2022-11289;14/08/2022;1619.75;356.35;1976.10
FT-2022-11349;14/08/2022;15167.39;3336.83;18504.22
FT-2022-11367;09/08/2022;8206.60;1805.45;10012.05
FT-2022-11440;27/09/2022;6649.84;1462.96;8112.80
FT-2022-11456;20/07/2022;8031.38;1766.90;9798.28
FT-2022-11484;27/05/2022;2533.63;557.40;3091.03
FT-2022-11519;10/11/2022;1502.37;330.52;1832.89
FT-2022-11528;06/09/2022;8748.63;1924.70;10673.33
FT-2022-11538;29/06/2022;2538.57;558.49;3097.06
FT-2022-11565;10/04/2022;4081.00;897.82;4978.82
FT-2022-11614;05/12/2022;5389.03;1185.59;6574.62
FT-2022-11616;25/12/2022;11598.44;2551.66;14150.10
FT-2022-11628;26/06/2022;6824.52;1501.39;8325.91
FT-2022-11630;23/01/2022;4078.86;897.35;4976.21
FT-2022-11678;14/08/2022;4455.53;980.22;5435.75
FT-2022-11680;10/12/2022;12916.55;2841.64;15758.19
FT-2022-11729;19/09/2022;6256.76;1376.49;7633.25
FT-2022-11779;02/02/2022;7284.29;1602.54;8886.83
FT-2022-11787;16/08/2022;8696.51;1913.23;10609.74
FT-2022-11827;10/04/2022;9217.35;2027.82;11245.17
FT-2022-11848;25/05/2022;2847.51;626.45;3473.96
FT-2022-11850;07/02/2022;5604.69;1233.03;6837.72
FT-2022-11854;01/11/2022;4708.27;1035.82;5744.09
FT-2022-11966;24/07/2022;7924.12;1743.31;9667.43
FT-2022-11977;13/09/2022;6874.05;1512.29;8386.34
FT-2022-11989;16/12/2022;5962.41;1311.73;7274.14
FT-2022-12022;04/12/2022;1320.36;290.48;1610.84
FT-2022-12046;31/08/2022;2239.09;492.60;2731.69
FT-2022-12105;23/01/2022;1672.30;367.91;2040.21
FT-2022-12113;22/02/2022;4848.81;1066.74;5915.55
FT-2022-12128;02/07/2022;7036.84;1548.10;8584.94
FT-2022-12199;22/04/2022;7541.75;1659.18;9200.93
FT-2022-12207;06/11/2022;12576.75;2766.89;15343.64
FT-2022-12233;25/02/2022;3561.46;783.52;4344.98
FT-2022-12250;07/07/2022;8195.18;1802.94;9998.12
FT-2022-12252;01/05/2022;12113.57;2664.99;14778.56
FT-2022-12256;26/04/2022;4420.25;972.46;5392.71
FT-2022-12274;03/04/2022;4643.19;1021.50;5664.69
FT-2022-12286;02/06/2022;5887.83;1295.32;7183.15
FT-2022-12319;01/07/2022;3936.91;866.12;4803.03
FT-2022-12344;29/09/2022;4138.10;910.38;5048.48
FT-2022-12346;04/02/2022;7053.58;1551.79;8605.37
FT-2022-12357;15/04/2022;5695.52;1253.01;6948.53
FT-2022-12364;30/11/2022;14606.73;3213.48;17820.21
FT-2022-12369;06/04/2022;6405.63;1409.24;7814.87
FT-2022-12472;08/06/2022;9017.21;1983.79;11001.00
FT-2022-12477;07/11/2022;4215.05;927.31;5142.36
FT-2022-12540;11/07/2022;6008.84;1321.94;7330.78
FT-2022-12551;18/01/2022;12515.31;2753.37;15268.68
FT-2022-12552;28/11/2022;16810.43;3698.29;20508.72
FT-2022-12563;15/09/2022;11339.95;2494.79;13834.74
FT-2022-12619;04/05/2022;1172.29;257.90;1430.19
FT-2022-12634;27/07/2022;9742.01;2143.24;11885.25
FT-2022-12655;21/07/2022;7817.49;1719.85;9537.34
FT-2022-12659;22/10/2022;3835.22;843.75;4678.97
FT-2022-12675;03/05/2022;3982.84;876.22;4859.06
FT-2022-12695;07/06/2022;13171.17;2897.66;16068.83
FT-2022-12715;26/04/2022;5158.83;1134.94;6293.77
FT-2022-12735;28/07/2022;1288.05;283.37;1571.42
FT-2022-12785;04/11/2022;4280.81;941.78;5222.59
FT-2022-12804;18/07/2022;2771.98;609.84;3381.82
FT-2022-12840;27/12/2022;2795.24;614.95;3410.19
FT-2022-12856;09/03/2022;8358.04;1838.77;10196.81
FT-2022-12952;18/05/2022;4007.24;881.59;4888.83
FT-2022-12972;09/01/2023;5936.83;1306.10;7242.93
FT-2022-12973;14/06/2022;5486.11;1206.94;6693.05
FT-2022-12975;01/02/2022;12940.71;2846.96;15787.67
FT-2022-12985;17/10/2022;8879.00;1953.38;10832.38
FT-2022-13034;09/11/2022;1056.13;232.35;1288.48
FT-2022-13057;23/01/2022;6560.58;1443.33;8003.91
FT-2022-13079;21/08/2022;9519.59;2094.31;11613.90
FT-2022-13105;23/10/2022;5571.39;1225.71;6797.10
FT-2022-13108;02/01/2023;6758.75;1486.92;8245.67
FT-2022-13112;06/01/2022;14453.61;3179.79;17633.40
FT-2022-13142;08/08/2022;6909.84;1520.16;8430.00
FT-2022-13185;05/12/2022;6112.56;1344.76;7457.32
FT-2022-13195;29/12/2022;4608.75;1013.92;5622.67
FT-2022-13197;02/04/2022;7336.19;1613.96;8950.15
FT-2022-13263;06/11/2022;6815.82;1499.48;8315.30
FT-2022-13301;19/02/2022;9406.93;2069.52;11476.45
FT-2022-13316;15/07/2022;14520.12;3194.43;17714.55
FT-2022-13326;16/12/2022;2984.10;656.50;3640.60
FT-2022-13350;29/01/2022;9012.58;1982.77;10995.35
FT-2022-13359;01/03/2022;2712.49;596.75;3309.24
FT-2022-13363;08/01/2023;12032.51;2647.15;14679.66
FT-2022-13400;26/07/2022;3674.22;808.33;4482.55
FT-2022-13427;22/01/2022;12703.30;2794.73;15498.03
FT-2022-13578;14/07/2022;5184.96;1140.69;6325.65
FT-2022-13581;08/01/2023;1725.17;379.54;2104.71
FT-2022-13597;12/08/2022;5156.59;1134.45;6291.04
FT-2022-13600;20/11/2022;10592.94;2330.45;12923.39
FT-2022-13620;27/10/2022;7144.61;1571.81;8716.42
FT-2022-13621;03/12/2022;9662.23;2125.69;11787.92
FT-2022-13624;30/11/2022;7870.57;1731.53;9602.10
FT-2022-13678;13/06/2022;3108.13;683.79;3791.92
FT-2022-13722;20/03/2022;14080.53;3097.72;17178.25
FT-2022-13743;10/12/2022;6203.10;1364.68;7567.78
FT-2022-13760;18/07/2022;3758.13;826.79;4584.92
FT-2022-13788;07/09/2022;3988.99;877.58;4866.57
FT-2022-13834;11/05/2022;5663.87;1246.05;6909.92
FT-2022-13850;19/04/2022;1235.69;271.85;1507.54
FT-2022-13875;04/12/2022;1665.23;366.35;2031.58
FT-2022-13960;22/02/2022;5678.50;1249.27;6927.77
FT-2022-13973;16/05/2022;14507.43;3191.63;17699.06
FT-2022-14000;11/11/2022;5396.00;1187.12;6583.12
FT-2022-14043;21/02/2022;4097.36;901.42;4998.78
FT-2022-14106;28/08/2022;13342.21;2935.29;16277.50
FT-2022-14196;28/05/2022;4240.49;932.91;5173.40
FT-2022-14197;17/02/2022;1996.26;439.18;2435.44
FT-2022-14241;07/02/2022;2219.43;488.27;2707.70
FT-2022-14268;01/04/2022;3404.62;749.02;4153.64
FT-2022-14286;31/03/2022;8647.72;1902.50;10550.22
FT-2022-14290;30/04/2022;8289.35;1823.66;10113.01
FT-2022-14317;05/12/2022;3144.94;691.89;3836.83
FT-2022-14338;23/07/2022;7845.68;1726.05;9571.73
FT-2022-14407;06/02/2022;1528.69;336.31;1865.00
FT-2022-14473;09/01/2023;6635.23;1459.75;8094.98
FT-2022-14516;02/10/2022;8803.27;1936.72;10739.99
FT-2022-14522;18/11/2022;5235.42;1151.79;6387.21
FT-2022-14537;17/07/2022;4341.03;955.03;5296.06
FT-2022-14546;17/09/2022;5303.16;1166.70;6469.86
FT-2022-14548;11/10/2022;11307.13;2487.57;13794.70
FT-2022-14595;16/06/2022;4238.64;932.50;5171.14
FT-2022-14618;25/08/2022;6916.42;1521.61;8438.03
FT-2022-14687;22/10/2022;2719.79;598.35;3318.14
FT-2022-14690;08/03/2022;7602.72;1672.60;9275.32
FT-2022-14698;27/09/2022;1261.40;277.51;1538.91
FT-2022-14715;09/07/2022;5985.12;1316.73;7301.85
FT-2022-14727;04/06/2022;800.21;176.05;976.26
FT-2022-14732;09/05/2022;12574.40;2766.37;15340.77
FT-2022-14741;29/07/2022;5911.18;1300.46;7211.64
FT-2022-14759;29/08/2022;6455.35;1420.18;7875.53
FT-2022-14832;21/09/2022;7073.58;1556.19;8629.77
FT-2022-14833;21/10/2022;2965.49;652.41;3617.90
FT-2022-14839;19/07/2022;6643.87;1461.65;8105.52
FT-2022-14866;30/03/2022;9301.51;2046.33;11347.84
FT-2022-14877;03/05/2022;3231.44;710.92;3942.36
FT-2022-14879;17/02/2022;9774.70;2150.43;11925.13
FT-2022-14881;20/12/2022;4458.42;980.85;5439.27
FT-2022-14892;29/11/2022;1756.57;386.45;2143.02
FT-2022-14926;16/03/2022;9476.56;2084.84;11561.40
FT-2022-14940;07/12/2022;6741.94;1483.23;8225.17
FT-2022-14977;23/06/2022;13722.17;3018.88;16741.05
FT-2022-14989;08/06/2022;11724.09;2579.30;14303.39
FT-2022-15052;05/07/2022;1144.85;251.87;1396.72
FT-2022-15068;18/02/2022;12846.02;2826.12;15672.14
FT-2022-15075;03/08/2022;1035.34;227.77;1263.11
FT-2022-15140;16/12/2022;6850.31;1507.07;8357.38
FT-2022-15149;19/12/2022;11631.82;2559.00;14190.82
FT-2022-15180;21/08/2022;9798.45;2155.66;11954.11
FT-2022-15220;14/06/2022;3355.52;738.21;4093.73
FT-2022-15299;02/05/2022;15303.06;3366.67;18669.73
FT-2022-15313;08/06/2022;1920.39;422.49;2342.88
FT-2022-15315;27/09/2022;18649.45;4102.88;22752.33
FT-2022-15322;31/03/2022;4696.01;1033.12;5729.13
FT-2022-15377;15/12/2022;7303.94;1606.87;8910.81
FT-2022-15396;18/09/2022;12804.29;2816.94;15621.23
FT-2022-15423;10/09/2022;7655.98;1684.32;9340.30
FT-2022-15439;06/08/2022;11570.17;2545.44;14115.61
FT-2022-15474;28/05/2022;6869.00;1511.18;8380.18
FT-2022-15534;06/04/2022;3679.37;809.46;4488.83
FT-2022-15535;24/11/2022;11575.43;2546.59;14122.02
FT-2022-15604;28/03/2022;2402.02;528.44;2930.46
FT-2022-15631;18/10/2022;3897.43;857.43;4754.86
FT-2022-15635;18/03/2022;15440.09;3396.82;18836.91
FT-2022-15670;22/08/2022;11339.03;2494.59;13833.62
FT-2022-15703;09/08/2022;4312.18;948.68;5260.86
FT-2022-15728;24/05/2022;1088.48;239.47;1327.95
FT-2022-15733;08/12/2022;13952.58;3069.57;17022.15
FT-2022-15760;23/08/2022;10321.18;2270.66;12591.84
FT-2022-15830;22/11/2022;3257.20;716.58;3973.78
FT-2022-15849;09/06/2022;4374.38;962.36;5336.74
FT-2022-15910;16/03/2022;12890.82;2835.98;15726.80
FT-2022-15948;06/02/2022;2524.86;555.47;3080.33
FT-2022-15951;09/03/2022;5024.88;1105.47;6130.35
FT-2022-15961;29/07/2022;2964.15;652.11;3616.26
FT-2022-15987;30/04/2022;11411.32;2510.49;13921.81
FT-2022-15996;19/06/2022;6868.39;1511.05;8379.44
FT-2022-16001;26/06/2022;8043.04;1769.47;9812.51
FT-2022-16014;09/07/2022;9424.12;2073.31;11497.43
FT-2022-16042;12/12/2022;9406.97;2069.53;11476.50
FT-2022-16059;17/05/2022;9031.07;1986.84;11017.91
FT-2022-16072;15/08/2022;3361.72;739.58;4101.30
FT-2022-16100;09/12/2022;7930.14;1744.63;9674.77
FT-2022-16124;03/08/2022;6228.08;1370.18;7598.26
FT-2022-16145;20/06/2022;15436.95;3396.13;18833.08
FT-2022-16149;08/08/2022;9139.57;2010.71;11150.28
FT-2022-16192;04/11/2022;1445.39;317.99;1763.38
FT-2022-16200;14/06/2022;4119.19;906.22;5025.41
FT-2022-16265;21/07/2022;3784.76;832.65;4617.41
FT-2022-16290;23/10/2022;4168.40;917.05;5085.45
FT-2022-16352;17/03/2022;8068.02;1774.96;9842.98
FT-2022-16456;20/03/2022;2063.68;454.01;2517.69
FT-2022-16472;19/11/2022;7673.32;1688.13;9361.45
FT-2022-16511;26/12/2022;1909.85;420.17;2330.02
FT-2022-16529;24/10/2022;4258.01;936.76;5194.77
FT-2022-16559;06/07/2022;9062.52;1993.75;11056.27
FT-2022-16589;30/11/2022;1842.72;405.40;2248.12
FT-2022-16600;08/08/2022;4180.59;919.73;5100.32
FT-2022-16614;06/06/2022;12657.09;2784.56;15441.65
FT-2022-16621;19/05/2022;5141.77;1131.19;6272.96
FT-2022-16683;20/08/2022;5044.20;1109.72;6153.92
FT-2022-16746;21/09/2022;5602.74;1232.60;6835.34
FT-2022-16756;27/02/2022;2310.46;508.30;2818.76
FT-2022-16769;25/11/2022;8974.94;1974.49;10949.43
FT-2022-16813;16/05/2022;295.57;65.03;360.60
FT-2022-16819;11/08/2022;2624.09;577.30;3201.39
FT-2022-16891;04/03/2022;8161.66;1795.57;9957.23
FT-2022-16902;02/10/2022;7078.47;1557.26;8635.73
FT-2022-16903;10/05/2022;1995.87;439.09;2434.96
FT-2022-16916;28/04/2022;3680.58;809.73;4490.31
FT-2022-16937;14/07/2022;6528.46;1436.26;7964.72
FT-2022-17042;26/06/2022;865.78;190.47;1056.25
FT-2022-17051;12/08/2022;12137.85;2670.33;14808.18
FT-2022-17059;05/02/2022;11218.63;2468.10;13686.73
FT-2022-17072;24/03/2022;7225.75;1589.66;8815.41
FT-2022-17093;18/07/2022;2866.89;630.72;3497.61
FT-2022-17176;06/03/2022;7566.05;1664.53;9230.58
FT-2022-17189;08/09/2022;4558.81;1002.94;5561.75
FT-2022-17199;31/01/2022;4415.29;971.36;5386.65
FT-2022-17228;22/01/2022;12247.38;2694.42;14941.80
FT-2022-17244;30/08/2022;6758.60;1486.89;8245.49
FT-2022-17303;23/03/2022;6652.03;1463.45;8115.48
FT-2022-17309;11/08/2022;3677.72;809.10;4486.82
FT-2022-17313;14/05/2022;9728.87;2140.35;11869.22
FT-2022-17325;04/05/2022;9503.95;2090.87;11594.82
FT-2022-17347;10/09/2022;10687.41;2351.23;13038.64
FT-2022-17354;10/08/2022;5984.32;1316.55;7300.87
FT-2022-17362;06/12/2022;5317.10;1169.76;6486.86
FT-2022-17374;09/03/2022;6659.18;1465.02;8124.20
FT-2022-17390;05/08/2022;5350.18;1177.04;6527.22
FT-2022-17467;02/12/2022;4254.56;936.00;5190.56
FT-2022-17482;24/04/2022;2705.55;595.22;3300.77
FT-2022-17510;23/10/2022;5883.19;1294.30;7177.49
FT-2022-17516;13/01/2022;9673.85;2128.25;11802.10
FT-2022-17521;25/01/2022;6368.54;1401.08;7769.62
FT-2022-17542;27/04/2022;8816.72;1939.68;10756.40
FT-2022-17569;18/08/2022;11962.64;2631.78;14594.42
FT-2022-17632;15/12/2022;17668.79;3887.13;21555.92
FT-2022-17641;08/12/2022;13203.82;2904.84;16108.66
FT-2022-17653;02/10/2022;4816.40;1059.61;5876.01
FT-2022-17669;03/10/2022;8406.26;1849.38;10255.64
FT-2022-17673;17/07/2022;4596.89;1011.32;5608.21
FT-2022-17680;28/12/2022;12201.88;2684.41;14886.29
FT-2022-17695;02/02/2022;12981.18;2855.86;15837.04
FT-2022-17724;29/09/2022;4217.29;927.80;5145.09
FT-2022-17746;19/05/2022;14215.19;3127.34;17342.53
FT-2022-17750;04/02/2022;2291.64;504.16;2795.80
FT-2022-17818;05/10/2022;10894.19;2396.72;13290.91
FT-2022-17845;16/02/2022;5662.70;1245.79;6908.49
FT-2022-17867;07/11/2022;4117.15;905.77;5022.92
FT-2022-17874;21/08/2022;1496.37;329.20;1825.57
FT-2022-17881;24/09/2022;8635.82;1899.88;10535.70
FT-2022-17912;21/07/2022;14681.72;3229.98;17911.70
FT-2022-17958;20/02/2022;7124.77;1567.45;8692.22
FT-2022-17975;28/12/2022;5011.80;1102.60;6114.40
FT-2022-17979;13/04/2022;1949.90;428.98;2378.88
FT-2022-18001;01/12/2022;2622.16;576.88;3199.04
FT-2022-18015;16/06/2022;8292.40;1824.33;10116.73
FT-2022-18051;25/03/2022;5032.31;1107.11;6139.42
FT-2022-18061;15/11/2022;9269.11;2039.20;11308.31
FT-2022-18091;11/05/2022;2224.22;489.33;2713.55
FT-2022-18110;12/10/2022;12771.31;2809.69;15581.00
FT-2022-18139;09/06/2022;17924.50;3943.39;21867.89
FT-2022-18150;16/11/2022;5157.43;1134.63;6292.06
FT-2022-18156;21/09/2022;1045.21;229.95;1275.16
FT-2022-18224;04/08/2022;11936.05;2625.93;14561.98
FT-2022-18323;19/08/2022;1651.68;363.37;2015.05
FT-2022-18354;22/04/2022;9788.34;2153.43;11941.77
FT-2022-18390;29/11/2022;5117.75;1125.90;6243.65
FT-2022-18501;28/08/2022;11504.75;2531.05;14035.80
FT-2022-18520;03/01/2022;2391.97;526.23;2918.20
FT-2022-18570;19/09/2022;9663.15;2125.89;11789.04
FT-2022-18574;26/07/2022;6269.94;1379.39;7649.33
FT-2022-18681;19/04/2022;3808.03;837.77;4645.80
FT-2022-18697;19/03/2022;2503.71;550.82;3054.53
FT-2022-18723;02/03/2022;5210.90;1146.40;6357.30
FT-2022-18771;29/05/2022;10331.00;2272.82;12603.82
FT-2022-18813;20/05/2022;4415.95;971.51;5387.46
FT-2022-18816;11/02/2022;9206.61;2025.45;11232.06
FT-2022-18862;08/02/2022;10041.45;2209.12;12250.57
FT-2022-18890;21/06/2022;6678.03;1469.17;8147.20
FT-2022-18895;16/10/2022;3643.55;801.58;4445.13
FT-2022-18942;06/12/2022;3411.56;750.54;4162.10
FT-2022-18947;22/10/2022;1844.56;405.80;2250.36
FT-2022-18997;25/09/2022;2850.48;627.11;3477.59
FT-2022-19005;03/12/2022;1590.01;349.80;1939.81
FT-2022-19019;30/09/2022;2865.13;630.33;3495.46
FT-2022-19035;26/07/2022;12977.45;2855.04;15832.49
FT-2022-19038;23/07/2022;9936.55;2186.04;12122.59
FT-2022-19082;25/07/2022;10670.69;2347.55;13018.24
FT-2022-19103;17/07/2022;9844.31;2165.75;12010.06
FT-2022-19108;22/12/2022;2258.99;496.98;2755.97
FT-2022-19137;29/11/2022;2603.46;572.76;3176.22
FT-2022-19147;30/07/2022;1433.88;315.45;1749.33
FT-2022-19166;03/07/2022;5471.07;1203.64;6674.71
FT-2022-19179;26/08/2022;1739.67;382.73;2122.40
FT-2022-19219;24/01/2022;1039.23;228.63;1267.86
FT-2022-19239;20/12/2022;8937.71;1966.30;10904.01
FT-2022-19250;29/08/2022;9475.25;2084.55;11559.80
FT-2022-19264;28/11/2022;4751.82;1045.40;5797.22
FT-2022-19290;21/08/2022;4290.00;943.80;5233.80
FT-2022-19294;02/11/2022;7501.08;1650.24;9151.32
FT-2022-19336;09/01/2022;9152.58;2013.57;11166.15
FT-2022-19337;23/09/2022;9582.73;2108.20;11690.93
FT-2022-19372;24/05/2022;1698.66;373.71;2072.37
FT-2022-19381;18/08/2022;10900.48;2398.11;13298.59
FT-2022-19435;21/06/2022;4874.51;1072.39;5946.90
FT-2022-19447;11/02/2022;586.48;129.03;715.51
FT-2022-19454;17/11/2022;9846.96;2166.33;12013.29
FT-2022-19459;09/05/2022;10776.05;2370.73;13146.78
FT-2022-19488;09/06/2022;5756.59;1266.45;7023.04
FT-2022-19492;07/08/2022;3719.43;818.27;4537.70
FT-2022-19496;19/01/2022;9872.39;2171.93;12044.32
FT-2022-19524;23/11/2022;1245.55;274.02;1519.57
FT-2022-19531;23/07/2022;1671.89;367.82;2039.71
FT-2022-19572;19/01/2022;6610.66;1454.35;8065.01
FT-2022-19575;05/09/2022;9520.36;2094.48;11614.84
FT-2022-19596;29/01/2022;1240.15;272.83;1512.98
FT-2022-19629;07/03/2022;5048.71;1110.72;6159.43
FT-2022-19635;08/05/2022;4504.35;990.96;5495.31
FT-2022-19694;20/05/2022;10229.67;2250.53;12480.20
FT-2022-19698;24/04/2022;2153.75;473.82;2627.57
FT-2022-19704;31/08/2022;3872.43;851.93;4724.36
FT-2022-19710;13/01/2022;1925.73;423.66;2349.39
FT-2022-19735;08/09/2022;10749.62;2364.92;13114.54
FT-2022-19850;28/09/2022;6063.20;1333.90;7397.10
FT-2022-19858;23/12/2022;9506.45;2091.42;11597.87
FT-2022-19917;28/06/2022;4188.41;921.45;5109.86
FT-2022-19936;25/11/2022;6664.24;1466.13;8130.37
FT-2022-20002;12/10/2022;4450.51;979.11;5429.62
FT-2022-20014;05/12/2022;10355.78;2278.27;12634.05
FT-2022-20017;02/10/2022;650.96;143.21;794.17
FT-2022-20034;28/11/2022;5576.36;1226.80;6803.16
FT-2022-20049;20/06/2022;2849.26;626.84;3476.10
FT-2022-20078;08/11/2022;4393.06;966.47;5359.53
FT-2022-20097;07/05/2022;4085.25;898.75;4984.00
FT-2022-20102;15/01/2022;6614.70;1455.23;8069.93
FT-2022-20152;24/06/2022;9021.01;1984.62;11005.63
FT-2022-20202;26/07/2022;2884.17;634.52;3518.69
FT-2022-20206;20/02/2022;12046.49;2650.23;14696.72
FT-2022-20212;19/04/2022;8935.69;1965.85;10901.54
FT-2022-20276;04/10/2022;775.18;170.54;945.72
FT-2022-20285;18/03/2022;2228.61;490.29;2718.90
FT-2022-20310;23/07/2022;1616.03;355.53;1971.56
FT-2022-20339;28/07/2022;1341.26;295.08;1636.34
FT-2022-20345;15/12/2022;7964.90;1752.28;9717.18
FT-2022-20365;29/06/2022;9415.49;2071.41;11486.90
FT-2022-20422;20/09/2022;1939.18;426.62;2365.80
FT-2022-20440;14/12/2022;6572.91;1446.04;8018.95
FT-2022-20503;24/06/2022;9930.96;2184.81;12115.77
FT-2022-20541;21/05/2022;808.27;177.82;986.09
FT-2022-20575;13/04/2022;13738.56;3022.48;16761.04
FT-2022-20580;21/09/2022;4105.63;903.24;5008.87
FT-2022-20594;14/12/2022;6054.77;1332.05;7386.82
FT-2022-20602;25/01/2022;8340.41;1834.89;10175.30
FT-2022-20607;11/04/2022;2188.77;481.53;2670.30
FT-2022-20647;16/04/2022;3896.58;857.25;4753.83
FT-2022-20674;28/10/2022;8247.80;1814.52;10062.32
FT-2022-20678;13/02/2022;1642.85;361.43;2004.28
FT-2022-20690;20/06/2022;4502.49;990.55;5493.04
FT-2022-20750;25/03/2022;2711.52;596.53;3308.05
FT-2022-20754;29/12/2022;6834.66;1503.63;8338.29
FT-2022-20771;11/12/2022;11661.77;2565.59;14227.36
FT-2022-20772;08/08/2022;7726.18;1699.76;9425.94
FT-2022-20779;26/03/2022;4346.14;956.15;5302.29
FT-2022-20835;08/10/2022;7817.48;1719.85;9537.33
FT-2022-20963;18/05/2022;1380.24;303.65;1683.89
FT-2022-20983;18/11/2022;1292.84;284.42;1577.26
FT-2022-21148;31/01/2022;7640.98;1681.02;9322.00
FT-2022-21172;21/08/2022;8450.66;1859.15;10309.81
FT-2022-21181;12/07/2022;14992.35;3298.32;18290.67
FT-2022-21207;11/10/2022;5813.72;1279.02;7092.74
FT-2022-21263;18/11/2022;3908.04;859.77;4767.81
FT-2022-21313;04/02/2022;11735.45;2581.80;14317.25
FT-2022-21330;19/04/2022;3640.10;800.82;4440.92
FT-2022-21337;08/10/2022;4959.26;1091.04;6050.30
FT-2022-21410;13/05/2022;7087.19;1559.18;8646.37
FT-2022-21475;16/07/2022;7915.30;1741.37;9656.67
FT-2022-21498;08/11/2022;9467.71;2082.90;11550.61
FT-2022-21502;29/12/2022;12069.59;2655.31;14724.90
FT-2022-21518;25/02/2022;11821.84;2600.80;14422.64
FT-2022-21531;22/10/2022;1860.00;409.20;2269.20
FT-2022-21554;20/05/2022;8427.03;1853.95;10280.98
FT-2022-21585;23/03/2022;5352.25;1177.50;6529.75
FT-2022-21596;01/07/2022;1386.53;305.04;1691.57
FT-2022-21650;28/01/2022;4633.96;1019.47;5653.43
FT-2022-21651;12/05/2022;4287.31;943.21;5230.52
FT-2022-21666;10/06/2022;15839.97;3484.79;19324.76
FT-2022-21751;21/12/2022;7048.80;1550.74;8599.54
FT-2022-21824;03/07/2022;4957.38;1090.62;6048.00
FT-2022-21838;02/06/2022;875.47;192.60;1068.07
FT-2022-21858;05/10/2022;9796.50;2155.23;11951.73
FT-2022-21892;07/05/2022;2855.26;628.16;3483.42
FT-2022-21912;30/11/2022;3112.87;684.83;3797.70
FT-2022-21919;27/01/2022;5602.42;1232.53;6834.95
FT-2022-21937;09/04/2022;11463.54;2521.98;13985.52
FT-2022-21961;24/02/2022;4213.70;927.01;5140.71
FT-2022-21973;03/11/2022;1420.90;312.60;1733.50
FT-2022-22028;08/01/2022;8119.26;1786.24;9905.50
FT-2022-22052;19/06/2022;2790.18;613.84;3404.02
FT-2022-22086;21/07/2022;16569.48;3645.29;20214.77
FT-2022-22100;07/07/2022;2550.67;561.15;3111.82
FT-2022-22115;18/10/2022;8386.81;1845.10;10231.91
FT-2022-22156;21/06/2022;3790.69;833.95;4624.64
FT-2022-22185;04/01/2023;4600.43;1012.09;5612.52
FT-2022-22197;11/12/2022;7314.40;1609.17;8923.57
FT-2022-22214;11/12/2022;9066.53;1994.64;11061.17
FT-2022-22223;05/11/2022;6770.26;1489.46;8259.72
FT-2022-22229;09/06/2022;2777.29;611.00;3388.29
FT-2022-22270;10/05/2022;12516.23;2753.57;15269.80
FT-2022-22276;03/06/2022;7313.25;1608.91;8922.16
FT-2022-22280;24/01/2022;15434.11;3395.50;18829.61
FT-2022-22327;22/01/2022;6999.00;1539.78;8538.78
FT-2022-22357;03/01/2022;4866.56;1070.64;5937.20
FT-2022-22374;23/12/2022;5174.14;1138.31;6312.45
FT-2022-22384;20/09/2022;2711.78;596.59;3308.37
FT-2022-22403;05/08/2022;11830.51;2602.71;14433.22
FT-2022-22408;01/03/2022;1256.88;276.51;1533.39
FT-2022-22413;12/06/2022;2250.72;495.16;2745.88
FT-2022-22440;03/02/2022;3924.06;863.29;4787.35
FT-2022-22466;10/08/2022;4736.41;1042.01;5778.42
FT-2022-22471;07/07/2022;9871.85;2171.81;12043.66
FT-2022-22511;09/07/2022;2137.66;470.29;2607.95
FT-2022-22518;19/01/2022;6925.80;1523.68;8449.48
FT-2022-22522;16/03/2022;4400.58;968.13;5368.71
FT-2022-22526;15/12/2022;4543.59;999.59;5543.18
FT-2022-22543;02/04/2022;1180.61;259.73;1440.34
FT-2022-22619;25/04/2022;802.70;176.59;979.29
FT-2022-22624;22/10/2022;2757.91;606.74;3364.65
FT-2022-22646;11/01/2022;1336.57;294.05;1630.62
FT-2022-22695;31/12/2022;2172.39;477.93;2650.32
FT-2022-22727;07/12/2022;3952.17;869.48;4821.65
FT-2022-22750;14/09/2022;4648.49;1022.67;5671.16
FT-2022-22785;09/06/2022;5326.59;1171.85;6498.44
FT-2022-22827;24/05/2022;7183.46;1580.36;8763.82
FT-2022-22842;10/09/2022;7322.08;1610.86;8932.94
FT-2022-22895;16/06/2022;3219.49;708.29;3927.78
FT-2022-22906;02/01/2023;4010.16;882.24;4892.40
FT-2022-22911;03/05/2022;6274.70;1380.43;7655.13
FT-2022-22933;17/02/2022;6885.93;1514.90;8400.83
FT-2022-22935;20/08/2022;4303.18;946.70;5249.88
FT-2022-22979;04/08/2022;4834.69;1063.63;5898.32
FT-2022-23091;30/01/2022;10115.66;2225.45;12341.11
FT-2022-23100;20/09/2022;654.47;143.98;798.45
FT-2022-23143;22/11/2022;3592.81;790.42;4383.23
FT-2022-23149;17/05/2022;7494.84;1648.86;9143.70
FT-2022-23160;26/09/2022;3454.98;760.10;4215.08
FT-2022-23166;29/09/2022;1486.92;327.12;1814.04
FT-2022-23206;05/11/2022;10927.97;2404.15;13332.12
FT-2022-23245;10/07/2022;3644.43;801.77;4446.20
FT-2022-23256;25/05/2022;1944.14;427.71;2371.85
FT-2022-23268;07/11/2022;6291.79;1384.19;7675.98
FT-2022-23306;03/11/2022;1818.40;400.05;2218.45
FT-2022-23387;19/06/2022;2826.45;621.82;3448.27
FT-2022-23429;07/01/2022;3181.65;699.96;3881.61
FT-2022-23465;25/01/2022;9558.33;2102.83;11661.16
FT-2022-23486;10/06/2022;7746.19;1704.16;9450.35
FT-2022-23488;14/07/2022;2696.00;593.12;3289.12
FT-2022-23527;27/03/2022;742.58;163.37;905.95
FT-2022-23673;07/09/2022;3941.12;867.05;4808.17
FT-2022-23674;18/05/2022;2011.13;442.45;2453.58
FT-2022-23676;29/06/2022;10793.50;2374.57;13168.07
FT-2022-23682;07/06/2022;3469.08;763.20;4232.28
FT-2022-23727;18/04/2022;8487.65;1867.28;10354.93
FT-2022-23764;19/07/2022;14764.44;3248.18;18012.62
FT-2022-23805;21/05/2022;3178.03;699.17;3877.20
FT-2022-23839;23/03/2022;4777.18;1050.98;5828.16
FT-2022-23840;26/01/2022;7396.18;1627.16;9023.34
FT-2022-23853;20/01/2022;6670.68;1467.55;8138.23
FT-2022-23907;26/10/2022;16063.68;3534.01;19597.69
FT-2022-23959;02/01/2023;8268.11;1818.98;10087.09
FT-2022-23970;17/04/2022;6818.82;1500.14;8318.96
FT-2022-24033;19/07/2022;10241.75;2253.18;12494.93
FT-2022-24061;28/06/2022;12531.03;2756.83;15287.86
FT-2022-24086;17/03/2022;12115.28;2665.36;14780.64
FT-2022-24124;27/07/2022;11295.88;2485.09;13780.97
FT-2022-24167;02/10/2022;1265.46;278.40;1543.86
FT-2022-24185;01/08/2022;5161.60;1135.55;6297.15
FT-2022-24193;03/07/2022;9072.06;1995.85;11067.91
FT-2022-24231;14/06/2022;6796.54;1495.24;8291.78
FT-2022-24237;29/01/2022;5439.28;1196.64;6635.92
FT-2022-24255;09/11/2022;2217.64;487.88;2705.52
FT-2022-24257;09/11/2022;4971.14;1093.65;6064.79
FT-2022-24306;11/02/2022;7173.05;1578.07;8751.12
FT-2022-24374;07/04/2022;11196.22;2463.17;13659.39
FT-2022-24399;28/05/2022;795.48;175.01;970.49
FT-2022-24424;06/07/2022;2443.07;537.48;2980.55
FT-2022-24428;16/06/2022;4748.98;1044.78;5793.76
FT-2022-24483;14/04/2022;14323.41;3151.15;17474.56
FT-2022-24489;11/11/2022;5380.91;1183.80;6564.71
FT-2022-24499;26/04/2022;5167.49;1136.85;6304.34
FT-2022-24538;22/11/2022;4464.82;982.26;5447.08
FT-2022-24584;05/09/2022;9066.68;1994.67;11061.35
FT-2022-24635;22/12/2022;10826.79;2381.89;13208.68
FT-2022-24668;11/04/2022;2410.72;530.36;2941.08
FT-2022-24683;12/07/2022;13318.89;2930.16;16249.05
FT-2022-24701;25/06/2022;1741.64;383.16;2124.80
FT-2022-24704;10/06/2022;6467.13;1422.77;7889.90
FT-2022-24716;19/08/2022;10455.63;2300.24;12755.87
FT-2022-24770;28/02/2022;5790.21;1273.85;7064.06
FT-2022-24814;16/08/2022;10224.93;2249.48;12474.41
FT-2022-24900;11/04/2022;4173.97;918.27;5092.24
FT-2022-24928;03/12/2022;1688.19;371.40;2059.59
FT-2022-24930;25/10/2022;3661.85;805.61;4467.46
FT-2022-25130;27/03/2022;7996.83;1759.30;9756.13
FT-2022-25132;21/07/2022;17139.95;3770.79;20910.74
FT-2022-25162;24/07/2022;4581.60;1007.95;5589.55
FT-2022-25183;21/08/2022;2737.24;602.19;3339.43
FT-2022-25192;02/07/2022;3600.74;792.16;4392.90
FT-2022-25193;03/11/2022;6214.53;1367.20;7581.73
FT-2022-25253;04/09/2022;5374.97;1182.49;6557.46
FT-2022-25314;20/01/2022;11878.24;2613.21;14491.45
FT-2022-25350;12/08/2022;1316.29;289.58;1605.87
FT-2022-25381;16/02/2022;7237.71;1592.30;8830.01
FT-2022-25398;01/07/2022;4968.99;1093.18;6062.17
FT-2022-25455;27/09/2022;8940.96;1967.01;10907.97
FT-2022-25462;24/11/2022;1148.30;252.63;1400.93
FT-2022-25472;17/02/2022;5793.62;1274.60;7068.22
FT-2022-25478;14/10/2022;4418.03;971.97;5390.00
FT-2022-25519;30/12/2022;5152.98;1133.66;6286.64
FT-2022-25524;26/12/2022;5984.92;1316.68;7301.60
FT-2022-25563;10/03/2022;5257.59;1156.67;6414.26
FT-2022-25567;18/03/2022;5178.63;1139.30;6317.93
FT-2022-25592;11/03/2022;9427.41;2074.03;11501.44
FT-2022-25616;05/05/2022;7530.64;1656.74;9187.38
FT-2022-25620;21/03/2022;7849.81;1726.96;9576.77
FT-2022-25635;01/07/2022;5279.63;1161.52;6441.15
FT-2022-25648;15/11/2022;2169.40;477.27;2646.67
FT-2022-25655;27/10/2022;7176.23;1578.77;8755.00
FT-2022-25695;19/06/2022;8804.66;1937.03;10741.69
FT-2022-25774;03/09/2022;4586.99;1009.14;5596.13
FT-2022-25827;27/10/2022;2439.01;536.58;2975.59
FT-2022-25836;15/08/2022;6476.07;1424.74;7900.81
FT-2022-25864;11/09/2022;3803.30;836.73;4640.03
FT-2022-25899;01/03/2022;7116.26;1565.58;8681.84
FT-2022-25936;24/05/2022;4016.21;883.57;4899.78
FT-2022-25956;27/12/2022;6309.96;1388.19;7698.15
FT-2022-25962;14/01/2022;6555.91;1442.30;7998.21
FT-2022-26013;23/07/2022;4081.50;897.93;4979.43
FT-2022-26016;18/09/2022;3953.50;869.77;4823.27
FT-2022-26061;25/11/2022;3722.21;818.89;4541.10
FT-2022-26101;17/09/2022;11009.68;2422.13;13431.81
FT-2022-26106;02/08/2022;3617.75;795.90;4413.65
FT-2022-26157;24/08/2022;12817.45;2819.84;15637.29
FT-2022-26179;02/11/2022;7932.03;1745.05;9677.08
FT-2022-26224;23/08/2022;8883.22;1954.31;10837.53
FT-2022-26331;08/05/2022;2524.66;555.43;3080.09
FT-2022-26376;03/10/2022;4384.59;964.61;5349.20
FT-2022-26406;07/02/2022;2415.50;531.41;2946.91
FT-2022-26418;24/06/2022;8086.48;1779.03;9865.51
FT-2022-26502;28/02/2022;6096.87;1341.31;7438.18
FT-2022-26524;19/01/2022;12636.42;2780.01;15416.43
FT-2022-26531;25/11/2022;17037.16;3748.18;20785.34
FT-2022-26537;31/10/2022;3309.61;728.11;4037.72
FT-2022-26542;08/10/2022;8120.62;1786.54;9907.16
FT-2022-26563;21/05/2022;4439.40;976.67;5416.07
FT-2022-26597;14/09/2022;8976.28;1974.78;10951.06
FT-2022-26628;18/04/2022;3691.22;812.07;4503.29
FT-2022-26653;22/06/2022;5279.35;1161.46;6440.81
FT-2022-26719;23/07/2022;3604.98;793.10;4398.08
FT-2022-26748;30/04/2022;8168.83;1797.14;9965.97
FT-2022-26773;15/09/2022;7616.49;1675.63;9292.12
FT-2022-26862;21/02/2022;3420.03;752.41;4172.44
FT-2022-26873;27/09/2022;10308.14;2267.79;12575.93
FT-2022-26887;17/01/2022;1339.20;294.62;1633.82
FT-2022-26896;28/12/2022;7408.98;1629.98;9038.96
FT-2022-26911;12/03/2022;11342.11;2495.26;13837.37
FT-2022-26919;11/02/2022;1447.86;318.53;1766.39
FT-2022-26967;26/04/2022;7297.91;1605.54;8903.45
FT-2022-26982;31/10/2022;1107.47;243.64;1351.11
FT-2022-27009;09/10/2022;4715.53;1037.42;5752.95
FT-2022-27036;31/12/2022;11674.26;2568.34;14242.60
FT-2022-27038;15/04/2022;10098.04;2221.57;12319.61
FT-2022-27088;03/02/2022;4057.86;892.73;4950.59
FT-2022-27091;14/05/2022;1251.43;275.31;1526.74
FT-2022-27108;20/01/2022;12159.92;2675.18;14835.10
FT-2022-27130;16/10/2022;1648.49;362.67;2011.16
FT-2022-27154;06/10/2022;2617.13;575.77;3192.90
FT-2022-27183;15/06/2022;2628.75;578.33;3207.08
FT-2022-27194;06/04/2022;1817.93;399.94;2217.87
FT-2022-27242;09/01/2022;2370.68;521.55;2892.23
FT-2022-27327;05/06/2022;7318.25;1610.02;8928.27
FT-2022-27352;19/06/2022;5659.47;1245.08;6904.55
FT-2022-27416;02/03/2022;4844.19;1065.72;5909.91
FT-2022-27442;29/09/2022;5157.83;1134.72;6292.55
FT-2022-27520;06/12/2022;3930.68;864.75;4795.43
FT-2022-27551;12/08/2022;12596.47;2771.22;15367.69
FT-2022-27577;27/12/2022;9909.57;2180.11;12089.68
FT-2022-27585;11/06/2022;13551.63;2981.36;16532.99
FT-2022-27609;09/10/2022;8757.91;1926.74;10684.65
FT-2022-27724;26/09/2022;6381.45;1403.92;7785.37
FT-2022-27747;30/01/2022;7682.44;1690.14;9372.58
FT-2022-27766;28/02/2022;933.19;205.30;1138.49
FT-2022-27779;31/08/2022;5820.25;1280.45;7100.70
FT-2022-27822;23/08/2022;4312.00;948.64;5260.64
FT-2022-27886;03/03/2022;3450.58;759.13;4209.71
FT-2022-27904;27/05/2022;7948.82;1748.74;9697.56
FT-2022-27941;27/10/2022;8570.81;1885.58;10456.39
FT-2022-27994;31/01/2022;965.79;212.47;1178.26
FT-2022-28051;16/07/2022;12869.18;2831.22;15700.40
FT-2022-28093;27/07/2022;849.12;186.81;1035.93
FT-2022-28106;05/04/2022;6294.98;1384.90;7679.88
FT-2022-28115;17/03/2022;6052.68;1331.59;7384.27
FT-2022-28202;11/12/2022;3285.52;722.81;4008.33
FT-2022-28215;29/05/2022;3263.69;718.01;3981.70
FT-2022-28305;06/10/2022;8861.48;1949.53;10811.01
FT-2022-28328;13/03/2022;479.57;105.51;585.08
FT-2022-28339;01/03/2022;5700.08;1254.02;6954.10
FT-2022-28383;08/05/2022;2811.75;618.59;3430.34
FT-2022-28388;16/06/2022;2853.24;627.71;3480.95
FT-2022-28406;22/05/2022;1435.13;315.73;1750.86
FT-2022-28409;08/09/2022;11610.59;2554.33;14164.92
FT-2022-28495;07/07/2022;1915.08;421.32;2336.40
FT-2022-28521;16/10/2022;9830.37;2162.68;11993.05
FT-2022-28561;21/10/2022;5433.56;1195.38;6628.94
FT-2022-28576;26/10/2022;730.82;160.78;891.60
FT-2022-28577;24/12/2022;9413.97;2071.07;11485.04
FT-2022-28601;10/06/2022;3029.57;666.51;3696.08
FT-2022-28620;28/12/2022;11633.21;2559.31;14192.52
FT-2022-28630;06/10/2022;5414.76;1191.25;6606.01
FT-2022-28642;28/11/2022;4915.54;1081.42;5996.96
FT-2022-28658;07/03/2022;9953.32;2189.73;12143.05
FT-2022-28701;02/08/2022;4730.81;1040.78;5771.59
FT-2022-28713;16/10/2022;10895.23;2396.95;13292.18
FT-2022-28735;11/02/2022;1629.53;358.50;1988.03
FT-2022-28741;04/10/2022;11032.64;2427.18;13459.82
FT-2022-28767;04/04/2022;1151.95;253.43;1405.38
FT-2022-28769;27/04/2022;7223.44;1589.16;8812.60
FT-2022-28780;04/07/2022;1145.28;251.96;1397.24
FT-2022-28809;11/06/2022;6848.81;1506.74;8355.55
FT-2022-28814;02/09/2022;7844.11;1725.70;9569.81
FT-2022-28834;29/10/2022;6287.57;1383.27;7670.84
FT-2022-28841;29/01/2022;7812.18;1718.68;9530.86
FT-2022-28885;04/04/2022;3911.68;860.57;4772.25
FT-2022-28896;19/11/2022;6830.61;1502.73;8333.34
FT-2022-28900;24/05/2022;10435.74;2295.86;12731.60
FT-2022-28919;07/07/2022;2882.58;634.17;3516.75
FT-2022-28959;06/12/2022;8161.26;1795.48;9956.74
FT-2022-28991;29/03/2022;2160.53;475.32;2635.85
FT-2022-29044;28/11/2022;6178.89;1359.36;7538.25
FT-2022-29048;05/03/2022;910.98;200.42;1111.40
FT-2022-29054;04/01/2023;8470.53;1863.52;10334.05
FT-2022-29073;27/11/2022;7161.90;1575.62;8737.52
FT-2022-29100;25/04/2022;6410.01;1410.20;7820.21
FT-2022-29163;03/02/2022;1792.17;394.28;2186.45
FT-2022-29198;12/07/2022;6765.64;1488.44;8254.08
FT-2022-29202;23/03/2022;9169.79;2017.35;11187.14
FT-2022-29213;16/07/2022;4309.86;948.17;5258.03
FT-2022-29230;16/03/2022;7780.87;1711.79;9492.66
FT-2022-29278;13/09/2022;1267.79;278.91;1546.70
FT-2022-29281;16/11/2022;3601.93;792.42;4394.35
FT-2022-29285;02/07/2022;5761.71;1267.58;7029.29
FT-2022-29320;26/04/2022;6521.80;1434.80;7956.60
FT-2022-29364;18/01/2022;2325.39;511.59;2836.98
FT-2022-29399;28/06/2022;8449.41;1858.87;10308.28
FT-2022-29423;07/03/2022;8307.92;1827.74;10135.66
FT-2022-29512;15/04/2022;9080.96;1997.81;11078.77
FT-2022-29514;12/01/2022;2534.15;557.51;3091.66
FT-2022-29582;22/04/2022;2168.43;477.05;2645.48
FT-2022-29603;28/02/2022;3759.99;827.20;4587.19
FT-2022-29616;20/01/2022;4508.73;991.92;5500.65
FT-2022-29628;15/02/2022;7686.56;1691.04;9377.60
FT-2022-29688;12/08/2022;7211.94;1586.63;8798.57
FT-2022-29741;08/04/2022;4518.48;994.07;5512.55
FT-2022-29763;21/04/2022;2024.48;445.39;2469.87
FT-2022-29770;01/02/2022;4943.05;1087.47;6030.52
FT-2022-29856;13/06/2022;13759.89;3027.18;16787.07
FT-2022-29908;25/01/2022;5132.30;1129.11;6261.41
FT-2022-29916;05/11/2022;2435.12;535.73;2970.85
FT-2022-29921;17/07/2022;2977.60;655.07;3632.67
FT-2022-29983;19/04/2022;6854.28;1507.94;8362.22
FT-2022-30050;05/02/2022;7584.36;1668.56;9252.92
FT-2022-30052;22/08/2022;1775.57;390.63;2166.20
FT-2022-30070;01/08/2022;1582.70;348.19;1930.89
FT-2022-30081;12/07/2022;4858.60;1068.89;5927.49
FT-2022-30121;01/12/2022;2116.24;465.57;2581.81
FT-2022-30123;09/05/2022;12756.77;2806.49;15563.26
FT-2022-30186;28/04/2022;4101.74;902.38;5004.12
FT-2022-30220;09/03/2022;13235.36;2911.78;16147.14
FT-2022-30241;10/12/2022;6437.66;1416.29;7853.95
FT-2022-30250;17/08/2022;15511.32;3412.49;18923.81
FT-2022-30254;19/10/2022;4166.25;916.58;5082.83
FT-2022-30260;07/01/2022;12666.91;2786.72;15453.63
FT-2022-30264;30/01/2022;2802.15;616.47;3418.62
FT-2022-30343;10/07/2022;2933.88;645.45;3579.33
FT-2022-30367;01/06/2022;5870.18;1291.44;7161.62
FT-2022-30400;05/08/2022;13506.99;2971.54;16478.53
FT-2022-30409;01/02/2022;3468.82;763.14;4231.96
FT-2022-30450;19/09/2022;3014.08;663.10;3677.18
FT-2022-30453;11/08/2022;2269.55;499.30;2768.85
FT-2022-30494;12/11/2022;11154.14;2453.91;13608.05
FT-2022-30503;05/08/2022;1219.26;268.24;1487.50
FT-2022-30545;17/04/2022;16146.93;3552.32;19699.25
FT-2022-30586;02/01/2023;5740.83;1262.98;7003.81
FT-2022-30589;15/01/2022;11646.85;2562.31;14209.16
FT-2022-30617;09/12/2022;8632.02;1899.04;10531.06
FT-2022-30625;07/10/2022;7418.76;1632.13;9050.89
FT-2022-30634;23/01/2022;8507.75;1871.70;10379.45
FT-2022-30635;09/09/2022;994.69;218.83;1213.52
FT-2022-30651;08/06/2022;7355.90;1618.30;8974.20
FT-2022-30652;15/05/2022;3394.07;746.70;4140.77
FT-2022-30743;07/07/2022;4881.01;1073.82;5954.83
FT-2022-30773;04/01/2022;4591.51;1010.13;5601.64
FT-2022-30819;22/04/2022;7581.89;1668.02;9249.91
FT-2022-30836;24/09/2022;576.78;126.89;703.67
FT-2022-30846;01/06/2022;5946.48;1308.23;7254.71
FT-2022-30875;12/01/2022;3642.93;801.44;4444.37
FT-2022-30907;06/07/2022;3689.96;811.79;4501.75
FT-2022-30908;23/02/2022;12286.44;2703.02;14989.46
FT-2022-30910;07/07/2022;10694.77;2352.85;13047.62
FT-2022-30940;19/07/2022;4775.34;1050.57;5825.91
FT-2022-30960;02/10/2022;5943.35;1307.54;7250.89
FT-2022-30977;11/09/2022;8384.83;1844.66;10229.49
FT-2022-30982;03/03/2022;7279.59;1601.51;8881.10
FT-2022-31004;26/04/2022;8720.83;1918.58;10639.41
FT-2022-31009;07/10/2022;10694.67;2352.83;13047.50
FT-2022-31027;22/06/2022;4784.88;1052.67;5837.55
FT-2022-31048;18/08/2022;15267.82;3358.92;18626.74
FT-2022-31103;27/03/2022;9049.99;1991.00;11040.99
FT-2022-31104;03/03/2022;3334.89;733.68;4068.57
FT-2022-31130;11/03/2022;2046.11;450.14;2496.25
FT-2022-31176;14/02/2022;10333.70;2273.41;12607.11
FT-2022-31220;14/10/2022;13891.66;3056.17;16947.83
FT-2022-31231;17/11/2022;5355.69;1178.25;6533.94
FT-2022-31244;18/04/2022;5592.79;1230.41;6823.20
FT-2022-31310;20/04/2022;7908.01;1739.76;9647.77
FT-2022-31311;14/11/2022;4812.25;1058.69;5870.94
FT-2022-31355;11/07/2022;9505.61;2091.23;11596.84
FT-2022-31358;06/07/2022;4589.55;1009.70;5599.25
FT-2022-31376;05/02/2022;1965.38;432.38;2397.76
FT-2022-31395;06/08/2022;14782.74;3252.20;18034.94
FT-2022-31471;27/08/2022;6475.90;1424.70;7900.60
FT-2022-31533;07/10/2022;7611.67;1674.57;9286.24
FT-2022-31550;21/12/2022;5230.25;1150.65;6380.90
FT-2022-31573;31/08/2022;2229.32;490.45;2719.77
FT-2022-31584;10/02/2022;8309.77;1828.15;10137.92
FT-2022-31626;13/10/2022;10723.85;2359.25;13083.10
FT-2022-31631;06/12/2022;207.24;45.59;252.83
FT-2022-31674;28/05/2022;6760.63;1487.34;8247.97
FT-2022-31729;05/07/2022;1642.65;361.38;2004.03
FT-2022-31746;08/01/2023;4432.80;975.22;5408.02
FT-2022-31747;31/03/2022;14896.41;3277.21;18173.62
FT-2022-31752;03/02/2022;10201.12;2244.25;12445.37
FT-2022-31773;16/12/2022;10884.57;2394.61;13279.18
FT-2022-31822;16/02/2022;8366.34;1840.59;10206.93
FT-2022-31871;29/11/2022;4636.87;1020.11;5656.98
FT-2022-31956;03/11/2022;7384.00;1624.48;9008.48
FT-2022-31959;03/06/2022;2478.45;545.26;3023.71
FT-2022-31999;12/10/2022;15808.79;3477.93;19286.72
FT-2022-32001;05/07/2022;2203.68;484.81;2688.49
FT-2022-32035;07/10/2022;6819.37;1500.26;8319.63
FT-2022-32058;15/10/2022;1685.58;370.83;2056.41
FT-2022-32091;26/09/2022;3421.58;752.75;4174.33
FT-2022-32133;01/02/2022;2841.49;625.13;3466.62
FT-2022-32145;22/10/2022;5019.20;1104.22;6123.42
FT-2022-32162;24/11/2022;1608.29;353.82;1962.11
FT-2022-32215;17/02/2022;1442.32;317.31;1759.63
FT-2022-32226;30/10/2022;4146.36;912.20;5058.56
FT-2022-32228;23/03/2022;4642.36;1021.32;5663.68
FT-2022-32229;26/04/2022;3811.25;838.48;4649.73
FT-2022-32231;30/05/2022;9573.86;2106.25;11680.11
FT-2022-32246;23/05/2022;4904.60;1079.01;5983.61
FT-2022-32276;06/08/2022;4775.09;1050.52;5825.61
FT-2022-32283;24/11/2022;8090.85;1779.99;9870.84
FT-2022-32285;09/11/2022;5118.98;1126.18;6245.16
FT-2022-32332;30/10/2022;7896.26;1737.18;9633.44
FT-2022-32335;04/09/2022;6788.28;1493.42;8281.70
FT-2022-32362;07/12/2022;8853.01;1947.66;10800.67
FT-2022-32429;07/05/2022;3157.68;694.69;3852.37
FT-2022-32487;05/10/2022;6114.69;1345.23;7459.92
FT-2022-32518;14/02/2022;2453.40;539.75;2993.15
FT-2022-32559;01/09/2022;7889.02;1735.58;9624.60
FT-2022-32584;19/09/2022;10653.41;2343.75;12997.16
FT-2022-32605;08/03/2022;14956.57;3290.45;18247.02
FT-2022-32610;07/09/2022;8712.01;1916.64;10628.65
FT-2022-32618;22/02/2022;11691.56;2572.14;14263.70
FT-2022-32699;08/03/2022;4451.89;979.42;5431.31
FT-2022-32723;12/08/2022;9322.06;2050.85;11372.91
FT-2022-32756;07/03/2022;5131.57;1128.95;6260.52
FT-2022-32786;25/09/2022;5017.93;1103.94;6121.87
FT-2022-32790;16/10/2022;6433.09;1415.28;7848.37
FT-2022-32806;16/04/2022;14099.65;3101.92;17201.57
FT-2022-32838;04/09/2022;8944.16;1967.72;10911.88
FT-2022-32869;02/05/2022;9161.38;2015.50;11176.88
FT-2022-32893;15/11/2022;1922.19;422.88;2345.07
FT-2022-32905;06/07/2022;2237.86;492.33;2730.19
FT-2022-32907;07/10/2022;11323.78;2491.23;13815.01
FT-2022-32932;18/12/2022;8948.63;1968.70;10917.33
FT-2022-32950;22/07/2022;776.48;170.83;947.31
FT-2022-32972;16/10/2022;2271.41;499.71;2771.12
FT-2022-33010;04/12/2022;4169.55;917.30;5086.85
FT-2022-33059;06/06/2022;6944.60;1527.81;8472.41
FT-2022-33070;06/11/2022;2245.99;494.12;2740.11
FT-2022-33077;07/01/2023;9163.87;2016.05;11179.92
FT-2022-33151;21/01/2022;2871.53;631.74;3503.27
FT-2022-33153;12/10/2022;7243.54;1593.58;8837.12
FT-2022-33208;25/11/2022;5468.09;1202.98;6671.07
FT-2022-33209;14/09/2022;3832.61;843.17;4675.78
FT-2022-33248;12/07/2022;568.76;125.13;693.89
FT-2022-33279;08/12/2022;5455.72;1200.26;6655.98
FT-2022-33328;21/10/2022;6605.35;1453.18;8058.53
FT-2022-33336;05/11/2022;8221.85;1808.81;10030.66
FT-2022-33370;17/06/2022;5659.28;1245.04;6904.32
FT-2022-33385;11/03/2022;3916.60;861.65;4778.25
FT-2022-33405;08/01/2022;5691.79;1252.19;6943.98
FT-2022-33406;21/07/2022;15234.70;3351.63;18586.33
FT-2022-33423;02/01/2023;13780.68;3031.75;16812.43
FT-2022-33429;23/05/2022;6933.40;1525.35;8458.75
FT-2022-33444;13/10/2022;13458.90;2960.96;16419.86
FT-2022-33508;28/06/2022;3230.62;710.74;3941.36
FT-2022-33536;26/04/2022;4639.92;1020.78;5660.70
FT-2022-33565;14/07/2022;4057.92;892.74;4950.66
FT-2022-33608;25/12/2022;3704.33;814.95;4519.28
FT-2022-33619;14/09/2022;16247.40;3574.43;19821.83
FT-2022-33632;29/01/2022;3541.02;779.02;4320.04
FT-2022-33650;03/09/2022;9388.96;2065.57;11454.53
FT-2022-33743;14/10/2022;918.52;202.07;1120.59
FT-2022-33792;05/01/2023;6195.67;1363.05;7558.72
FT-2022-33887;01/04/2022;9403.54;2068.78;11472.32
FT-2022-33905;07/06/2022;2745.13;603.93;3349.06
FT-2022-33949;22/03/2022;2103.65;462.80;2566.45
FT-2022-33954;08/02/2022;1774.83;390.46;2165.29
FT-2022-33966;29/12/2022;2652.18;583.48;3235.66
FT-2022-33991;05/07/2022;4878.72;1073.32;5952.04
FT-2022-34000;13/03/2022;6271.59;1379.75;7651.34
FT-2022-34008;22/11/2022;2598.50;571.67;3170.17
FT-2022-34075;14/10/2022;5910.89;1300.40;7211.29
FT-2022-34083;06/01/2023;4861.59;1069.55;5931.14
FT-2022-34096;18/07/2022;8090.89;1780.00;9870.89
FT-2022-34127;29/07/2022;16627.85;3658.13;20285.98
FT-2022-34134;10/07/2022;9045.57;1990.03;11035.60
FT-2022-34187;18/04/2022;9730.84;2140.78;11871.62
FT-2022-34202;28/05/2022;3256.96;716.53;3973.49
FT-2022-34214;25/04/2022;1964.62;432.22;2396.84
FT-2022-34216;24/04/2022;3278.74;721.32;4000.06
FT-2022-34271;10/01/2022;13644.55;3001.80;16646.35
FT-2022-34282;15/09/2022;4378.34;963.23;5341.57
FT-2022-34323;22/12/2022;2757.16;606.58;3363.74
FT-2022-34355;21/07/2022;9207.88;2025.73;11233.61
FT-2022-34371;09/04/2022;7396.10;1627.14;9023.24
FT-2022-34414;30/12/2022;4804.27;1056.94;5861.21
FT-2022-34422;03/01/2023;6528.64;1436.30;7964.94
FT-2022-34497;06/04/2022;3461.99;761.64;4223.63
FT-2022-34526;13/01/2022;3659.43;805.07;4464.50
FT-2022-34537;29/03/2022;4141.29;911.08;5052.37
FT-2022-34549;01/01/2023;10718.88;2358.15;13077.03
FT-2022-34551;30/07/2022;9987.03;2197.15;12184.18
FT-2022-34580;01/01/2023;3903.30;858.73;4762.03
FT-2022-34596;23/11/2022;2034.70;447.63;2482.33
FT-2022-34639;14/04/2022;2671.25;587.67;3258.92
FT-2022-34650;10/03/2022;16555.19;3642.14;20197.33
FT-2022-34680;12/09/2022;10785.61;2372.83;13158.44
FT-2022-34737;21/09/2022;2799.91;615.98;3415.89
FT-2022-34829;28/03/2022;7700.79;1694.17;9394.96
FT-2022-34843;26/08/2022;2759.66;607.13;3366.79
FT-2022-34863;22/04/2022;11623.92;2557.26;14181.18
FT-2022-34879;16/04/2022;8648.70;1902.71;10551.41
FT-2022-34882;14/08/2022;3713.03;816.87;4529.90
FT-2022-34897;02/06/2022;3970.81;873.58;4844.39
FT-2022-34951;24/04/2022;15829.97;3482.59;19312.56
FT-2022-34984;31/03/2022;9294.42;2044.77;11339.19
FT-2022-35002;09/07/2022;10034.38;2207.56;12241.94
FT-2022-35031;14/01/2022;1638.10;360.38;1998.48
FT-2022-35057;21/02/2022;721.25;158.68;879.93
FT-2022-35087;21/12/2022;1804.70;397.03;2201.73
FT-2022-35101;14/12/2022;3791.13;834.05;4625.18
FT-2022-35120;17/04/2022;8302.48;1826.55;10129.03
FT-2022-35181;13/11/2022;2807.69;617.69;3425.38
FT-2022-35228;28/06/2022;9856.66;2168.47;12025.13
FT-2022-35231;20/06/2022;13891.24;3056.07;16947.31
FT-2022-35264;03/12/2022;9894.27;2176.74;12071.01
FT-2022-35349;12/05/2022;9941.73;2187.18;12128.91
FT-2022-35360;08/09/2022;12173.46;2678.16;14851.62
FT-2022-35382;07/11/2022;11000.04;2420.01;13420.05
FT-2022-35406;02/04/2022;2974.08;654.30;3628.38
FT-2022-35421;18/11/2022;6076.23;1336.77;7413.00
FT-2022-35423;05/10/2022;6095.99;1341.12;7437.11
FT-2022-35451;28/11/2022;5671.12;1247.65;6918.77
FT-2022-35476;04/12/2022;8540.19;1878.84;10419.03
FT-2022-35545;11/12/2022;11850.43;2607.09;14457.52
FT-2022-35556;01/07/2022;3141.51;691.13;3832.64
FT-2022-35573;26/03/2022;10072.84;2216.02;12288.86
FT-2022-35580;24/04/2022;6880.29;1513.66;8393.95
FT-2022-35642;21/12/2022;6610.30;1454.27;8064.57
FT-2022-35650;31/08/2022;7668.66;1687.11;9355.77
FT-2022-35675;21/11/2022;1497.81;329.52;1827.33
FT-2022-35700;29/05/2022;5061.49;1113.53;6175.02
FT-2022-35703;29/05/2022;6344.44;1395.78;7740.22
FT-2022-35732;29/10/2022;2608.61;573.89;3182.50
FT-2022-35735;17/05/2022;10842.16;2385.28;13227.44
FT-2022-35738;16/11/2022;2334.97;513.69;2848.66
FT-2022-35739;09/05/2022;4935.36;1085.78;6021.14
FT-2022-35764;27/03/2022;10854.99;2388.10;13243.09
FT-2022-35787;07/03/2022;4957.54;1090.66;6048.20
FT-2022-35795;18/11/2022;8985.30;1976.77;10962.07
FT-2022-35865;21/02/2022;9802.77;2156.61;11959.38
FT-2022-35891;17/11/2022;5563.53;1223.98;6787.51
FT-2022-35915;22/03/2022;4365.62;960.44;5326.06
FT-2022-35949;28/02/2022;12935.12;2845.73;15780.85
FT-2022-35960;29/10/2022;4529.95;996.59;5526.54
FT-2022-36028;23/08/2022;543.86;119.65;663.51
FT-2022-36034;29/03/2022;917.07;201.76;1118.83
FT-2022-36053;29/08/2022;12076.87;2656.91;14733.78
FT-2022-36063;29/09/2022;3017.93;663.94;3681.87
FT-2022-36077;14/10/2022;6405.79;1409.27;7815.06
FT-2022-36087;24/02/2022;8172.30;1797.91;9970.21
FT-2022-36134;21/08/2022;4767.84;1048.92;5816.76
FT-2022-36148;28/11/2022;2246.59;494.25;2740.84
FT-2022-36153;31/07/2022;5603.13;1232.69;6835.82
FT-2022-36203;02/01/2023;4596.40;1011.21;5607.61
FT-2022-36204;15/06/2022;3901.42;858.31;4759.73
FT-2022-36222;12/05/2022;6052.57;1331.57;7384.14
FT-2022-36381;14/09/2022;1428.41;314.25;1742.66
FT-2022-36501;28/03/2022;1434.47;315.58;1750.05
FT-2022-36512;26/08/2022;11774.18;2590.32;14364.50
FT-2022-36517;24/04/2022;12289.21;2703.63;14992.84
FT-2022-36556;24/04/2022;5901.81;1298.40;7200.21
FT-2022-36571;20/10/2022;2774.52;610.39;3384.91
FT-2022-36586;11/12/2022;1301.44;286.32;1587.76
FT-2022-36589;14/08/2022;8790.92;1934.00;10724.92
FT-2022-36600;07/11/2022;4501.42;990.31;5491.73
FT-2022-36612;30/06/2022;3165.26;696.36;3861.62
FT-2022-36640;23/09/2022;5981.49;1315.93;7297.42
FT-2022-36691;14/05/2022;6108.71;1343.92;7452.63
FT-2022-36703;30/06/2022;9736.92;2142.12;11879.04
FT-2022-36802;18/11/2022;4426.64;973.86;5400.50
FT-2022-36804;17/05/2022;11066.74;2434.68;13501.42
FT-2022-36818;12/05/2022;7192.13;1582.27;8774.40
FT-2022-36835;19/01/2022;853.69;187.81;1041.50
FT-2022-36838;10/08/2022;9441.90;2077.22;11519.12
FT-2022-36891;07/07/2022;10813.60;2378.99;13192.59
FT-2022-36896;06/11/2022;8051.35;1771.30;9822.65
FT-2022-36943;31/10/2022;868.68;191.11;1059.79
FT-2022-36952;17/09/2022;3737.58;822.27;4559.85
FT-2022-36993;07/10/2022;8995.98;1979.12;10975.10
FT-2022-37028;06/01/2023;7997.55;1759.46;9757.01
FT-2022-37035;06/04/2022;7528.16;1656.20;9184.36
FT-2022-37063;24/10/2022;11627.04;2557.95;14184.99
FT-2022-37094;16/07/2022;12046.58;2650.25;14696.83
FT-2022-37115;14/05/2022;4569.23;1005.23;5574.46
FT-2022-37133;15/05/2022;9275.85;2040.69;11316.54
FT-2022-37141;12/10/2022;4352.74;957.60;5310.34
FT-2022-37144;06/10/2022;1504.47;330.98;1835.45
FT-2022-37169;12/09/2022;4059.49;893.09;4952.58
FT-2022-37180;24/07/2022;5282.36;1162.12;6444.48
FT-2022-37196;01/08/2022;1170.20;257.44;1427.64
FT-2022-37211;21/08/2022;12619.25;2776.24;15395.49
FT-2022-37261;21/04/2022;5030.05;1106.61;6136.66
FT-2022-37275;24/10/2022;3697.06;813.35;4510.41
FT-2022-37281;21/03/2022;4318.46;950.06;5268.52
FT-2022-37294;13/09/2022;8696.35;1913.20;10609.55
FT-2022-37305;25/11/2022;9834.31;2163.55;11997.86
FT-2022-37309;16/05/2022;4854.64;1068.02;5922.66
FT-2022-37320;29/09/2022;10960.01;2411.20;13371.21
FT-2022-37347;28/04/2022;6266.47;1378.62;7645.09
FT-2022-37373;13/09/2022;5218.01;1147.96;6365.97
FT-2022-37416;05/04/2022;5513.89;1213.06;6726.95
FT-2022-37431;03/01/2023;2927.53;644.06;3571.59
FT-2022-37494;22/09/2022;4118.91;906.16;5025.07
FT-2022-37505;18/08/2022;3355.92;738.30;4094.22
FT-2022-37509;20/01/2022;8629.72;1898.54;10528.26
FT-2022-37520;01/02/2022;778.65;171.30;949.95
FT-2022-37546;17/06/2022;1243.08;273.48;1516.56
FT-2022-37560;14/01/2022;5473.46;1204.16;6677.62
FT-2022-37586;11/05/2022;1663.36;365.94;2029.30
FT-2022-37598;20/12/2022;9108.86;2003.95;11112.81
FT-2022-37610;19/01/2022;3613.68;795.01;4408.69
FT-2022-37640;08/11/2022;6590.72;1449.96;8040.68
FT-2022-37649;18/04/2022;2286.44;503.02;2789.46
FT-2022-37677;25/02/2022;6346.62;1396.26;7742.88
FT-2022-37786;06/11/2022;13973.27;3074.12;17047.39
FT-2022-37796;25/06/2022;4366.18;960.56;5326.74
FT-2022-37825;10/06/2022;3345.62;736.04;4081.66
FT-2022-37838;02/09/2022;3523.37;775.14;4298.51
FT-2022-37902;19/02/2022;5779.99;1271.60;7051.59
FT-2022-37931;08/04/2022;6665.25;1466.36;8131.61
FT-2022-37951;08/12/2022;7964.64;1752.22;9716.86
FT-2022-38010;25/09/2022;12106.02;2663.32;14769.34
FT-2022-38028;21/12/2022;5990.65;1317.94;7308.59
FT-2022-38044;18/01/2022;6192.49;1362.35;7554.84
FT-2022-38066;08/07/2022;3093.39;680.55;3773.94
FT-2022-38112;12/09/2022;12350.58;2717.13;15067.71
FT-2022-38113;25/12/2022;12048.61;2650.69;14699.30
FT-2022-38129;02/06/2022;13328.63;2932.30;16260.93
FT-2022-38135;13/06/2022;3313.74;729.02;4042.76
FT-2022-38138;01/12/2022;9170.37;2017.48;11187.85
FT-2022-38139;27/11/2022;11955.18;2630.14;14585.32
FT-2022-38140;13/04/2022;1623.47;357.16;1980.63
FT-2022-38141;02/10/2022;1502.34;330.51;1832.85
FT-2022-38204;06/02/2022;1591.68;350.17;1941.85
FT-2022-38215;02/08/2022;4179.73;919.54;5099.27
FT-2022-38225;29/08/2022;3022.73;665.00;3687.73
FT-2022-38243;19/04/2022;6815.16;1499.34;8314.50
FT-2022-38245;25/11/2022;15500.70;3410.15;18910.85
FT-2022-38272;04/02/2022;6423.03;1413.07;7836.10
FT-2022-38280;25/03/2022;5313.33;1168.93;6482.26
FT-2022-38348;15/09/2022;3797.42;835.43;4632.85
FT-2022-38360;30/01/2022;3263.45;717.96;3981.41
FT-2022-38366;22/06/2022;5674.05;1248.29;6922.34
FT-2022-38372;24/04/2022;813.52;178.97;992.49
FT-2022-38402;14/03/2022;7348.47;1616.66;8965.13
FT-2022-38404;08/04/2022;1722.35;378.92;2101.27
FT-2022-38437;01/03/2022;14064.38;3094.16;17158.54
FT-2022-38450;27/06/2022;5224.00;1149.28;6373.28
FT-2022-38473;18/09/2022;3320.05;730.41;4050.46
FT-2022-38476;07/09/2022;3928.19;864.20;4792.39
FT-2022-38484;19/10/2022;2084.06;458.49;2542.55
FT-2022-38508;14/08/2022;6945.22;1527.95;8473.17
FT-2022-38514;04/08/2022;5373.64;1182.20;6555.84
FT-2022-38530;28/12/2022;6424.03;1413.29;7837.32
FT-2022-38544;12/03/2022;2274.73;500.44;2775.17
FT-2022-38559;27/03/2022;8894.68;1956.83;10851.51
FT-2022-38568;10/02/2022;2795.94;615.11;3411.05
FT-2022-38592;26/01/2022;2973.60;654.19;3627.79
FT-2022-38603;26/05/2022;3046.42;670.21;3716.63
FT-2022-38613;29/08/2022;1878.34;413.23;2291.57
FT-2022-38622;12/11/2022;8944.32;1967.75;10912.07
FT-2022-38628;28/06/2022;13029.73;2866.54;15896.27
FT-2022-38637;14/01/2022;5473.80;1204.24;6678.04
FT-2022-38651;01/01/2023;3806.12;837.35;4643.47
FT-2022-38673;02/11/2022;677.39;149.03;826.42
FT-2022-38694;16/06/2022;7162.91;1575.84;8738.75
FT-2022-38702;22/01/2022;9845.76;2166.07;12011.83
FT-2022-38732;10/05/2022;5056.41;1112.41;6168.82
FT-2022-38783;30/05/2022;4951.88;1089.41;6041.29
FT-2022-38805;29/03/2022;1262.05;277.65;1539.70
FT-2022-38822;15/12/2022;2778.13;611.19;3389.32
FT-2022-38824;05/08/2022;3509.27;772.04;4281.31
FT-2022-38864;04/05/2022;7753.70;1705.81;9459.51
FT-2022-38927;06/05/2022;4190.54;921.92;5112.46
FT-2022-38977;21/01/2022;5797.05;1275.35;7072.40
FT-2022-38982;02/04/2022;373.93;82.26;456.19
FT-2022-38984;08/03/2022;15071.74;3315.78;18387.52
FT-2022-39039;30/09/2022;18439.40;4056.67;22496.07
FT-2022-39121;11/03/2022;5966.54;1312.64;7279.18
FT-2022-39141;19/04/2022;7216.40;1587.61;8804.01
FT-2022-39158;05/02/2022;8888.20;1955.40;10843.60
FT-2022-39161;13/11/2022;10810.20;2378.24;13188.44
FT-2022-39171;23/07/2022;2486.94;547.13;3034.07
FT-2022-39183;19/09/2022;13861.01;3049.42;16910.43
FT-2022-39205;23/05/2022;10736.53;2362.04;13098.57
FT-2022-39253;19/04/2022;4320.44;950.50;5270.94
FT-2022-39271;21/10/2022;1120.35;246.48;1366.83
FT-2022-39273;24/06/2022;5177.22;1138.99;6316.21
FT-2022-39295;25/03/2022;4871.59;1071.75;5943.34
FT-2022-39309;21/03/2022;14846.30;3266.19;18112.49
FT-2022-39323;02/05/2022;2929.10;644.40;3573.50
FT-2022-39347;09/01/2023;6774.81;1490.46;8265.27
FT-2022-39353;14/01/2022;1192.99;262.46;1455.45
FT-2022-39389;04/04/2022;4810.58;1058.33;5868.91
FT-2022-39392;07/12/2022;5088.24;1119.41;6207.65
FT-2022-39427;31/03/2022;7553.31;1661.73;9215.04
FT-2022-39433;05/10/2022;6047.43;1330.43;7377.86
FT-2022-39448;04/11/2022;8044.00;1769.68;9813.68
FT-2022-39477;03/11/2022;10274.97;2260.49;12535.46
FT-2022-39482;08/03/2022;1550.99;341.22;1892.21
FT-2022-39499;02/02/2022;10604.22;2332.93;12937.15
FT-2022-39508;09/06/2022;4012.16;882.68;4894.84
FT-2022-39541;29/03/2022;5666.28;1246.58;6912.86
FT-2022-39563;01/02/2022;3008.65;661.90;3670.55
FT-2022-39610;12/11/2022;3570.42;785.49;4355.91
FT-2022-39617;23/07/2022;5058.29;1112.82;6171.11
FT-2022-39620;19/11/2022;6422.67;1412.99;7835.66
FT-2022-39622;20/01/2022;3361.72;739.58;4101.30
FT-2022-39625;30/11/2022;7733.18;1701.30;9434.48
FT-2022-39661;02/11/2022;5383.50;1184.37;6567.87
FT-2022-39665;07/11/2022;997.76;219.51;1217.27
FT-2022-39778;22/11/2022;2934.41;645.57;3579.98
FT-2022-39794;02/01/2022;8550.40;1881.09;10431.49
FT-2022-39838;05/04/2022;6527.41;1436.03;7963.44
FT-2022-39842;22/06/2022;1725.03;379.51;2104.54
FT-2022-39864;20/12/2022;5289.46;1163.68;6453.14
FT-2022-39868;16/11/2022;10911.34;2400.49;13311.83
FT-2022-39895;20/09/2022;1765.99;388.52;2154.51
FT-2022-39896;20/02/2022;9978.99;2195.38;12174.37
FT-2022-39909;02/02/2022;10055.52;2212.21;12267.73
FT-2022-39926;01/06/2022;9100.20;2002.04;11102.24
FT-2022-39972;30/07/2022;1647.86;362.53;2010.39
FT-2022-39981;16/01/2022;4536.56;998.04;5534.60
FT-2022-40030;10/05/2022;15266.12;3358.55;18624.67
FT-2022-40062;27/12/2022;7216.92;1587.72;8804.64
FT-2022-40072;18/07/2022;15482.77;3406.21;18888.98
FT-2022-40087;17/10/2022;9371.93;2061.82;11433.75
FT-2022-40095;25/02/2022;8806.39;1937.41;10743.80
FT-2022-40102;03/09/2022;9076.02;1996.72;11072.74
FT-2022-40104;04/01/2022;2954.59;650.01;3604.60
FT-2022-40171;22/09/2022;9424.66;2073.43;11498.09
FT-2022-40186;08/02/2022;3855.37;848.18;4703.55
FT-2022-40239;19/02/2022;2288.50;503.47;2791.97
FT-2022-40269;16/09/2022;5145.68;1132.05;6277.73
FT-2022-40342;02/08/2022;2038.96;448.57;2487.53
FT-2022-40381;11/03/2022;5561.39;1223.51;6784.90
FT-2022-40405;09/04/2022;8809.53;1938.10;10747.63
FT-2022-40409;17/09/2022;1286.10;282.94;1569.04
FT-2022-40417;30/09/2022;327.05;71.95;399.00
FT-2022-40458;12/08/2022;7683.05;1690.27;9373.32
FT-2022-40465;26/10/2022;8291.80;1824.20;10116.00
FT-2022-40553;11/01/2022;7006.19;1541.36;8547.55
FT-2022-40580;30/07/2022;8019.84;1764.36;9784.20
FT-2022-40601;05/02/2022;1152.02;253.44;1405.46
FT-2022-40622;30/03/2022;13855.23;3048.15;16903.38
FT-2022-40637;09/06/2022;11728.84;2580.34;14309.18
FT-2022-40643;06/07/2022;4486.58;987.05;5473.63
FT-2022-40653;27/05/2022;8939.35;1966.66;10906.01
FT-2022-40703;14/01/2022;3625.37;797.58;4422.95
FT-2022-40736;15/10/2022;5570.72;1225.56;6796.28
FT-2022-40776;18/05/2022;13688.94;3011.57;16700.51
FT-2022-40845;21/09/2022;3125.22;687.55;3812.77
FT-2022-40867;11/09/2022;7764.78;1708.25;9473.03
FT-2022-40890;04/11/2022;10793.07;2374.48;13167.55
FT-2022-40907;17/07/2022;5007.86;1101.73;6109.59
FT-2022-41030;20/05/2022;5220.92;1148.60;6369.52
FT-2022-41032;25/09/2022;2559.27;563.04;3122.31
FT-2022-41034;05/04/2022;10568.59;2325.09;12893.68
FT-2022-41054;01/03/2022;9949.29;2188.84;12138.13
FT-2022-41075;29/10/2022;9490.96;2088.01;11578.97
FT-2022-41089;20/12/2022;14394.83;3166.86;17561.69
FT-2022-41114;24/05/2022;5954.14;1309.91;7264.05
FT-2022-41121;12/08/2022;2888.43;635.45;3523.88
FT-2022-41140;20/03/2022;566.62;124.66;691.28
FT-2022-41163;31/05/2022;6080.03;1337.61;7417.64
FT-2022-41165;20/01/2022;3217.80;707.92;3925.72
FT-2022-41178;10/09/2022;5200.52;1144.11;6344.63
FT-2022-41201;25/09/2022;5173.07;1138.08;6311.15
FT-2022-41257;15/06/2022;5673.75;1248.22;6921.97
FT-2022-41299;01/06/2022;5670.20;1247.44;6917.64
FT-2022-41302;12/01/2022;3498.13;769.59;4267.72
FT-2022-41331;14/09/2022;3521.43;774.71;4296.14
FT-2022-41386;28/08/2022;7787.17;1713.18;9500.35
FT-2022-41423;22/03/2022;8334.92;1833.68;10168.60
FT-2022-41435;01/09/2022;3005.64;661.24;3666.88
FT-2022-41439;10/04/2022;1104.72;243.04;1347.76
FT-2022-41446;04/06/2022;10560.21;2323.25;12883.46
FT-2022-41452;18/04/2022;2739.00;602.58;3341.58
FT-2022-41538;16/02/2022;1422.02;312.84;1734.86
FT-2022-41559;03/12/2022;7698.14;1693.59;9391.73
FT-2022-41563;12/01/2022;7699.54;1693.90;9393.44
FT-2022-41612;30/05/2022;10120.02;2226.40;12346.42
FT-2022-41639;11/02/2022;5937.05;1306.15;7243.20
FT-2022-41647;15/11/2022;5225.38;1149.58;6374.96
FT-2022-41673;03/05/2022;2370.74;521.56;2892.30
FT-2022-41741;16/02/2022;2852.45;627.54;3479.99
FT-2022-41753;22/08/2022;6306.32;1387.39;7693.71
FT-2022-41783;26/08/2022;6933.65;1525.40;8459.05
FT-2022-41789;14/04/2022;7016.94;1543.73;8560.67
FT-2022-41791;19/02/2022;6017.07;1323.76;7340.83
FT-2022-41816;09/02/2022;9238.75;2032.53;11271.28
FT-2022-41822;06/10/2022;3498.83;769.74;4268.57
FT-2022-41842;27/05/2022;7381.20;1623.86;9005.06
FT-2022-41848;19/06/2022;4932.86;1085.23;6018.09
FT-2022-41898;25/04/2022;9384.85;2064.67;11449.52
FT-2022-41964;04/03/2022;5111.97;1124.63;6236.60
FT-2022-41967;19/11/2022;3075.61;676.63;3752.24
FT-2022-41996;11/09/2022;4558.58;1002.89;5561.47
FT-2022-42016;23/07/2022;5027.67;1106.09;6133.76
FT-2022-42104;29/08/2022;2290.28;503.86;2794.14
FT-2022-42110;23/09/2022;8277.66;1821.09;10098.75
FT-2022-42207;03/07/2022;10883.40;2394.35;13277.75
FT-2022-42271;10/05/2022;17326.20;3811.76;21137.96
FT-2022-42276;02/06/2022;6287.07;1383.16;7670.23
FT-2022-42288;01/02/2022;5826.94;1281.93;7108.87
FT-2022-42296;11/11/2022;16359.05;3598.99;19958.04
FT-2022-42316;14/02/2022;1447.90;318.54;1766.44
FT-2022-42332;08/08/2022;2687.74;591.30;3279.04
FT-2022-42357;02/05/2022;2133.35;469.34;2602.69
FT-2022-42380;13/07/2022;11790.00;2593.80;14383.80
FT-2022-42416;07/03/2022;13197.97;2903.55;16101.52
FT-2022-42511;17/03/2022;1508.85;331.95;1840.80
FT-2022-42641;06/09/2022;7837.44;1724.24;9561.68
FT-2022-42675;08/01/2022;9560.13;2103.23;11663.36
FT-2022-42677;02/12/2022;5790.43;1273.89;7064.32
FT-2022-42678;13/05/2022;7128.73;1568.32;8697.05
FT-2022-42704;30/12/2022;5871.08;1291.64;7162.72
FT-2022-42746;21/10/2022;5777.11;1270.96;7048.07
FT-2022-42808;22/11/2022;13475.59;2964.63;16440.22
FT-2022-42857;08/10/2022;7645.30;1681.97;9327.27
FT-2022-42977;24/11/2022;6821.99;1500.84;8322.83
FT-2022-43079;03/06/2022;5738.03;1262.37;7000.40
FT-2022-43080;19/02/2022;1650.00;363.00;2013.00
FT-2022-43112;31/08/2022;8558.67;1882.91;10441.58
FT-2022-43133;19/01/2022;13590.13;2989.83;16579.96
FT-2022-43164;21/08/2022;14417.65;3171.88;17589.53
FT-2022-43194;22/06/2022;11200.42;2464.09;13664.51
FT-2022-43203;24/09/2022;7475.54;1644.62;9120.16
FT-2022-43228;15/02/2022;13039.97;2868.79;15908.76
FT-2022-43252;09/07/2022;4433.91;975.46;5409.37
FT-2022-43323;27/04/2022;5577.12;1226.97;6804.09
FT-2022-43356;25/07/2022;7444.39;1637.77;9082.16
FT-2022-43365;25/12/2022;5851.65;1287.36;7139.01
FT-2022-43378;22/12/2022;2932.43;645.13;3577.56
FT-2022-43406;19/06/2022;9306.25;2047.38;11353.63
FT-2022-43439;26/02/2022;4662.08;1025.66;5687.74
FT-2022-43454;25/01/2022;11235.31;2471.77;13707.08
FT-2022-43462;12/08/2022;7643.70;1681.61;9325.31
FT-2022-43488;01/05/2022;4369.12;961.21;5330.33
FT-2022-43498;26/02/2022;12662.57;2785.77;15448.34
FT-2022-43548;22/05/2022;10223.17;2249.10;12472.27
FT-2022-43581;22/08/2022;8902.92;1958.64;10861.56
FT-2022-43595;11/08/2022;4524.85;995.47;5520.32
FT-2022-43620;19/04/2022;10717.07;2357.76;13074.83
FT-2022-43627;25/05/2022;3946.41;868.21;4814.62
FT-2022-43629;03/05/2022;14636.83;3220.10;17856.93
FT-2022-43660;28/06/2022;1439.98;316.80;1756.78
FT-2022-43675;01/05/2022;7061.11;1553.44;8614.55
FT-2022-43713;21/03/2022;11365.03;2500.31;13865.34
FT-2022-43717;26/10/2022;7349.06;1616.79;8965.85
FT-2022-43720;25/10/2022;9460.43;2081.29;11541.72
FT-2022-43750;29/10/2022;5264.66;1158.23;6422.89
FT-2022-43759;17/07/2022;3691.63;812.16;4503.79
FT-2022-43765;12/03/2022;10060.18;2213.24;12273.42
FT-2022-43767;22/12/2022;11555.37;2542.18;14097.55
FT-2022-43805;13/02/2022;3831.00;842.82;4673.82
FT-2022-43845;27/07/2022;1606.66;353.47;1960.13
FT-2022-43851;18/03/2022;7788.39;1713.45;9501.84
FT-2022-43927;14/07/2022;7415.97;1631.51;9047.48
FT-2022-43976;18/06/2022;3105.17;683.14;3788.31
FT-2022-43978;12/07/2022;3226.92;709.92;3936.84
FT-2022-43998;05/07/2022;9799.49;2155.89;11955.38
FT-2022-44015;02/08/2022;1006.90;221.52;1228.42
FT-2022-44023;11/03/2022;5038.77;1108.53;6147.30
FT-2022-44046;10/06/2022;5341.99;1175.24;6517.23
FT-2022-44056;26/12/2022;9206.10;2025.34;11231.44
FT-2022-44103;03/07/2022;2813.70;619.01;3432.71
FT-2022-44114;18/04/2022;2875.98;632.72;3508.70
FT-2022-44118;15/12/2022;6807.54;1497.66;8305.20
FT-2022-44144;04/10/2022;8332.10;1833.06;10165.16
FT-2022-44212;29/06/2022;3274.95;720.49;3995.44
FT-2022-44258;30/04/2022;4557.72;1002.70;5560.42
FT-2022-44294;23/08/2022;15379.11;3383.40;18762.51
FT-2022-44314;03/03/2022;3629.53;798.50;4428.03
FT-2022-44322;14/05/2022;9246.68;2034.27;11280.95
FT-2022-44328;25/02/2022;3004.86;661.07;3665.93
FT-2022-44358;10/10/2022;7273.29;1600.12;8873.41
FT-2022-44388;02/06/2022;6969.41;1533.27;8502.68
FT-2022-44444;07/08/2022;3176.57;698.85;3875.42
FT-2022-44450;23/08/2022;1593.24;350.51;1943.75
FT-2022-44496;31/05/2022;3714.19;817.12;4531.31
FT-2022-44521;18/06/2022;5405.56;1189.22;6594.78
FT-2022-44540;05/07/2022;3278.85;721.35;4000.20
FT-2022-44549;28/12/2022;4981.33;1095.89;6077.22
FT-2022-44551;08/11/2022;7630.68;1678.75;9309.43
FT-2022-44583;14/04/2022;3038.55;668.48;3707.03
FT-2022-44584;16/05/2022;15629.78;3438.55;19068.33
FT-2022-44589;10/06/2022;11710.26;2576.26;14286.52
FT-2022-44677;08/06/2022;8544.37;1879.76;10424.13
FT-2022-44741;16/02/2022;7720.55;1698.52;9419.07
FT-2022-44776;15/11/2022;3764.09;828.10;4592.19
FT-2022-44781;02/04/2022;10888.31;2395.43;13283.74
FT-2022-44790;23/03/2022;7668.98;1687.18;9356.16
FT-2022-44798;26/10/2022;3412.32;750.71;4163.03
FT-2022-44812;19/12/2022;5941.75;1307.18;7248.93
FT-2022-44832;15/02/2022;12835.89;2823.90;15659.79
FT-2022-44879;27/07/2022;6121.04;1346.63;7467.67
FT-2022-44953;20/04/2022;11761.39;2587.51;14348.90
FT-2022-44962;04/07/2022;8167.98;1796.96;9964.94
FT-2022-44987;23/04/2022;3874.19;852.32;4726.51
FT-2022-45004;28/08/2022;14748.67;3244.71;17993.38
FT-2022-45021;19/09/2022;4950.68;1089.15;6039.83
FT-2022-45048;09/10/2022;1429.56;314.50;1744.06
FT-2022-45067;29/10/2022;10098.88;2221.75;12320.63
FT-2022-45074;08/09/2022;5379.32;1183.45;6562.77
FT-2022-45106;23/07/2022;5496.41;1209.21;6705.62
FT-2022-45117;09/06/2022;2321.59;510.75;2832.34
FT-2022-45127;25/12/2022;6704.81;1475.06;8179.87
FT-2022-45183;03/11/2022;5623.39;1237.15;6860.54
FT-2022-45184;06/04/2022;8265.98;1818.52;10084.50
FT-2022-45222;27/11/2022;4826.84;1061.90;5888.74
FT-2022-45244;06/07/2022;1058.85;232.95;1291.80
FT-2022-45260;26/06/2022;11303.42;2486.75;13790.17
FT-2022-45265;15/04/2022;1971.34;433.69;2405.03
FT-2022-45368;12/03/2022;1357.50;298.65;1656.15
FT-2022-45387;08/05/2022;6691.93;1472.22;8164.15
FT-2022-45458;04/12/2022;1774.57;390.41;2164.98
FT-2022-45551;08/08/2022;3015.51;663.41;3678.92
FT-2022-45619;29/05/2022;3056.11;672.34;3728.45
FT-2022-45620;09/03/2022;9678.04;2129.17;11807.21
FT-2022-45631;07/09/2022;7043.36;1549.54;8592.90
FT-2022-45687;24/08/2022;4914.52;1081.19;5995.71
FT-2022-45700;22/02/2022;6092.22;1340.29;7432.51
FT-2022-45722;17/11/2022;4735.00;1041.70;5776.70
FT-2022-45733;05/05/2022;8559.78;1883.15;10442.93
FT-2022-45736;23/02/2022;10069.66;2215.33;12284.99
FT-2022-45806;20/03/2022;4023.73;885.22;4908.95
FT-2022-45812;25/01/2022;9094.14;2000.71;11094.85
FT-2022-45862;10/08/2022;7474.39;1644.37;9118.76
FT-2022-45962;22/11/2022;6944.27;1527.74;8472.01
FT-2022-46025;05/01/2023;11598.47;2551.66;14150.13
FT-2022-46027;20/01/2022;9129.77;2008.55;11138.32
FT-2022-46037;07/12/2022;2175.92;478.70;2654.62
FT-2022-46054;18/07/2022;5960.87;1311.39;7272.26
FT-2022-46102;02/01/2023;4048.20;890.60;4938.80
FT-2022-46110;24/12/2022;10801.24;2376.27;13177.51
FT-2022-46232;17/01/2022;10539.58;2318.71;12858.29
FT-2022-46261;24/04/2022;1692.94;372.45;2065.39
FT-2022-46314;11/01/2022;2579.76;567.55;3147.31
FT-2022-46324;20/06/2022;9016.64;1983.66;11000.30
FT-2022-46337;24/02/2022;749.32;164.85;914.17
FT-2022-46389;15/01/2022;6203.50;1364.77;7568.27
FT-2022-46408;30/07/2022;2054.96;452.09;2507.05
FT-2022-46421;22/09/2022;5106.67;1123.47;6230.14
FT-2022-46494;24/12/2022;2961.61;651.55;3613.16
FT-2022-46495;24/07/2022;3933.21;865.31;4798.52
FT-2022-46513;24/11/2022;2970.75;653.57;3624.32
FT-2022-46540;28/05/2022;1058.28;232.82;1291.10
FT-2022-46554;05/11/2022;6359.06;1398.99;7758.05
FT-2022-46581;15/03/2022;10227.01;2249.94;12476.95
FT-2022-46589;21/02/2022;6263.52;1377.97;7641.49
FT-2022-46665;15/06/2022;1575.38;346.58;1921.96
FT-2022-46686;05/02/2022;12349.19;2716.82;15066.01
FT-2022-46728;02/01/2023;8092.75;1780.40;9873.15
FT-2022-46797;20/03/2022;2380.22;523.65;2903.87
FT-2022-46802;23/06/2022;1467.09;322.76;1789.85
FT-2022-46803;17/12/2022;5027.68;1106.09;6133.77
FT-2022-46829;08/07/2022;10528.11;2316.18;12844.29
FT-2022-46842;27/12/2022;705.55;155.22;860.77
FT-2022-46858;12/02/2022;4495.67;989.05;5484.72
FT-2022-46864;31/07/2022;5182.74;1140.20;6322.94
FT-2022-46878;11/08/2022;8261.19;1817.46;10078.65
FT-2022-46960;25/07/2022;2713.22;596.91;3310.13
FT-2022-46968;06/08/2022;1350.69;297.15;1647.84
FT-2022-46976;21/02/2022;4144.38;911.76;5056.14
FT-2022-46996;07/02/2022;7865.12;1730.33;9595.45
FT-2022-47044;05/10/2022;8757.67;1926.69;10684.36
FT-2022-47048;17/05/2022;3441.04;757.03;4198.07
FT-2022-47070;07/07/2022;7244.95;1593.89;8838.84
FT-2022-47083;15/03/2022;3428.04;754.17;4182.21
FT-2022-47093;13/07/2022;4680.20;1029.64;5709.84
FT-2022-47109;23/09/2022;8769.58;1929.31;10698.89
FT-2022-47136;04/05/2022;3409.95;750.19;4160.14
FT-2022-47142;12/05/2022;5407.20;1189.58;6596.78
FT-2022-47154;13/10/2022;2923.41;643.15;3566.56
FT-2022-47172;09/04/2022;5692.58;1252.37;6944.95
FT-2022-47222;08/07/2022;10996.81;2419.30;13416.11
FT-2022-47255;24/04/2022;5698.04;1253.57;6951.61
FT-2022-47283;03/12/2022;5997.33;1319.41;7316.74
FT-2022-47300;28/01/2022;565.46;124.40;689.86
FT-2022-47313;14/01/2022;4077.64;897.08;4974.72
FT-2022-47343;10/12/2022;7121.50;1566.73;8688.23
FT-2022-47369;13/06/2022;11601.65;2552.36;14154.01
FT-2022-47411;13/02/2022;14612.11;3214.66;17826.77
FT-2022-47502;18/10/2022;4063.74;894.02;4957.76
FT-2022-47503;30/11/2022;8251.62;1815.36;10066.98
FT-2022-47507;01/04/2022;8739.84;1922.76;10662.60
FT-2022-47516;13/07/2022;8867.12;1950.77;10817.89
FT-2022-47539;16/07/2022;1892.64;416.38;2309.02
FT-2022-47555;30/09/2022;6888.77;1515.53;8404.30
FT-2022-47589;09/12/2022;2615.71;575.46;3191.17
FT-2022-47651;02/02/2022;3510.73;772.36;4283.09
FT-2022-47662;28/08/2022;3332.41;733.13;4065.54
FT-2022-47673;09/11/2022;2927.34;644.01;3571.35
FT-2022-47744;02/02/2022;8926.63;1963.86;10890.49
FT-2022-47756;16/06/2022;2066.21;454.57;2520.78
FT-2022-47757;04/07/2022;3971.35;873.70;4845.05
FT-2022-47830;29/08/2022;1374.22;302.33;1676.55
FT-2022-47849;05/09/2022;6679.77;1469.55;8149.32
FT-2022-47900;08/09/2022;5583.35;1228.34;6811.69
FT-2022-47960;14/06/2022;9201.89;2024.42;11226.31
FT-2022-47961;05/04/2022;7374.43;1622.37;8996.80
FT-2022-47977;21/01/2022;4858.30;1068.83;5927.13
FT-2022-48064;15/04/2022;3331.09;732.84;4063.93
FT-2022-48160;23/02/2022;11803.87;2596.85;14400.72
FT-2022-48234;13/05/2022;4027.05;885.95;4913.00
FT-2022-48243;13/06/2022;13164.52;2896.19;16060.71
FT-2022-48250;26/05/2022;11490.43;2527.89;14018.32
FT-2022-48298;27/07/2022;1757.42;386.63;2144.05
FT-2022-48303;17/07/2022;3467.51;762.85;4230.36
FT-2022-48310;22/08/2022;7177.60;1579.07;8756.67
FT-2022-48319;31/08/2022;1926.59;423.85;2350.44
FT-2022-48330;14/09/2022;4267.38;938.82;5206.20
FT-2022-48340;28/03/2022;11655.95;2564.31;14220.26
FT-2022-48368;29/07/2022;1727.11;379.96;2107.07
FT-2022-48390;08/07/2022;3657.96;804.75;4462.71
FT-2022-48410;19/02/2022;3932.60;865.17;4797.77
FT-2022-48432;28/12/2022;4556.05;1002.33;5558.38
FT-2022-48482;08/06/2022;2111.98;464.64;2576.62
FT-2022-48553;10/03/2022;9392.76;2066.41;11459.17
FT-2022-48565;26/12/2022;3600.80;792.18;4392.98
FT-2022-48581;03/09/2022;6049.66;1330.93;7380.59
FT-2022-48592;11/02/2022;3505.15;771.13;4276.28
FT-2022-48630;28/01/2022;1183.29;260.32;1443.61
FT-2022-48641;31/01/2022;7525.52;1655.61;9181.13
FT-2022-48698;01/02/2022;6209.65;1366.12;7575.77
FT-2022-48704;27/11/2022;8628.02;1898.16;10526.18
FT-2022-48729;11/06/2022;6463.17;1421.90;7885.07
FT-2022-48803;26/11/2022;11816.80;2599.70;14416.50
FT-2022-48827;11/07/2022;4555.77;1002.27;5558.04
FT-2022-48845;19/02/2022;6670.26;1467.46;8137.72
FT-2022-48867;07/06/2022;3825.63;841.64;4667.27
FT-2022-48928;23/04/2022;6727.07;1479.96;8207.03
FT-2022-48965;05/10/2022;3210.83;706.38;3917.21
FT-2022-48994;13/03/2022;6250.17;1375.04;7625.21
FT-2022-48999;20/09/2022;9176.31;2018.79;11195.10
FT-2022-49046;25/09/2022;8003.29;1760.72;9764.01
FT-2022-49116;05/09/2022;8313.33;1828.93;10142.26
FT-2022-49124;27/07/2022;7611.84;1674.60;9286.44
FT-2022-49135;26/05/2022;5355.73;1178.26;6533.99
FT-2022-49181;10/11/2022;1149.24;252.83;1402.07
FT-2022-49182;21/04/2022;6954.15;1529.91;8484.06
FT-2022-49187;16/07/2022;2616.47;575.62;3192.09
FT-2022-49208;27/02/2022;6765.25;1488.36;8253.61
FT-2022-49224;12/05/2022;9982.97;2196.25;12179.22
FT-2022-49239;21/02/2022;2252.41;495.53;2747.94
FT-2022-49269;04/08/2022;3448.02;758.56;4206.58
FT-2022-49297;27/09/2022;12216.67;2687.67;14904.34
FT-2022-49305;03/02/2022;5368.32;1181.03;6549.35
FT-2022-49341;08/05/2022;8577.75;1887.11;10464.86
FT-2022-49352;23/03/2022;6316.95;1389.73;7706.68
FT-2022-49362;05/07/2022;6211.00;1366.42;7577.42
FT-2022-49397;16/06/2022;16596.72;3651.28;20248.00
FT-2022-49422;30/01/2022;6535.18;1437.74;7972.92
FT-2022-49428;18/08/2022;14039.71;3088.74;17128.45
FT-2022-49430;13/05/2022;9432.38;2075.12;11507.50
FT-2022-49444;25/02/2022;6605.49;1453.21;8058.70
FT-2022-49549;26/11/2022;11378.63;2503.30;13881.93
FT-2022-49584;26/05/2022;2747.66;604.49;3352.15
FT-2022-49634;03/02/2022;3339.18;734.62;4073.80
FT-2022-49652;12/07/2022;6405.83;1409.28;7815.11
FT-2022-49676;10/11/2022;1653.03;363.67;2016.70
FT-2022-49679;13/04/2022;5084.05;1118.49;6202.54
FT-2022-49711;25/01/2022;13971.89;3073.82;17045.71
FT-2022-49714;27/11/2022;1359.44;299.08;1658.52
FT-2022-49739;28/08/2022;6908.81;1519.94;8428.75
FT-2022-49766;15/07/2022;1471.29;323.68;1794.97
FT-2022-49811;22/02/2022;10059.85;2213.17;12273.02
FT-2022-49888;29/10/2022;5053.84;1111.84;6165.68
FT-2022-49923;18/12/2022;3696.77;813.29;4510.06
FT-2022-49935;21/01/2022;3094.10;680.70;3774.80
FT-2022-49973;16/03/2022;3972.47;873.94;4846.41
FT-2022-49975;24/11/2022;1624.34;357.35;1981.69
FT-2022-49979;11/08/2022;3665.24;806.35;4471.59
FT-2022-50017;19/06/2022;3586.92;789.12;4376.04
FT-2022-50073;24/12/2022;4749.64;1044.92;5794.56
FT-2022-50121;11/10/2022;4330.30;952.67;5282.97
FT-2022-50140;17/04/2022;4672.72;1028.00;5700.72
FT-2022-50231;19/04/2022;2291.78;504.19;2795.97
FT-2022-50257;01/11/2022;1861.52;409.53;2271.05
FT-2022-50314;08/10/2022;11536.14;2537.95;14074.09
FT-2022-50334;21/02/2022;7862.72;1729.80;9592.52
FT-2022-50338;07/06/2022;12753.80;2805.84;15559.64
FT-2022-50348;21/07/2022;11744.53;2583.80;14328.33
FT-2022-50387;23/07/2022;1882.85;414.23;2297.08
FT-2022-50400;10/08/2022;8862.22;1949.69;10811.91
FT-2022-50425;02/06/2022;3264.91;718.28;3983.19
FT-2022-50454;03/04/2022;3827.64;842.08;4669.72
FT-2022-50457;20/10/2022;9158.75;2014.92;11173.67
FT-2022-50461;07/03/2022;10645.75;2342.07;12987.82
FT-2022-50519;13/09/2022;6462.43;1421.73;7884.16
FT-2022-50533;12/02/2022;13946.50;3068.23;17014.73
FT-2022-50535;04/07/2022;6409.67;1410.13;7819.80
FT-2022-50538;26/12/2022;6203.53;1364.78;7568.31
FT-2022-50600;11/08/2022;4404.89;969.08;5373.97
FT-2022-50608;07/04/2022;10032.30;2207.11;12239.41
FT-2022-50616;11/05/2022;9240.50;2032.91;11273.41
FT-2022-50627;05/03/2022;3386.42;745.01;4131.43
FT-2022-50713;20/03/2022;5272.76;1160.01;6432.77
FT-2022-50744;07/02/2022;7876.88;1732.91;9609.79
FT-2022-50745;27/06/2022;3441.80;757.20;4199.00
FT-2022-50747;03/09/2022;1757.09;386.56;2143.65
FT-2022-50756;04/11/2022;531.53;116.94;648.47
FT-2022-50765;02/08/2022;5995.70;1319.05;7314.75
FT-2022-50772;24/07/2022;683.10;150.28;833.38
FT-2022-50775;06/06/2022;9036.08;1987.94;11024.02
FT-2022-50782;23/12/2022;8701.00;1914.22;10615.22
FT-2022-50810;29/11/2022;5323.22;1171.11;6494.33
FT-2022-50840;24/07/2022;2777.24;610.99;3388.23
FT-2022-50849;26/04/2022;1868.78;411.13;2279.91
FT-2022-50868;04/02/2022;7455.91;1640.30;9096.21
FT-2022-50963;25/04/2022;16722.41;3678.93;20401.34
FT-2022-51000;23/12/2022;2482.48;546.15;3028.63
FT-2022-51067;02/12/2022;7141.24;1571.07;8712.31
FT-2022-51083;18/02/2022;11165.58;2456.43;13622.01
FT-2022-51093;08/07/2022;3952.99;869.66;4822.65
FT-2022-51097;28/12/2022;4319.16;950.22;5269.38
FT-2022-51147;17/03/2022;5995.65;1319.04;7314.69
FT-2022-51157;08/01/2022;11645.99;2562.12;14208.11
FT-2022-51162;31/10/2022;11826.86;2601.91;14428.77
FT-2022-51187;25/09/2022;6309.84;1388.16;7698.00
FT-2022-51191;14/03/2022;5015.29;1103.36;6118.65
FT-2022-51198;09/08/2022;10183.75;2240.43;12424.18
FT-2022-51205;25/11/2022;6742.58;1483.37;8225.95
FT-2022-51284;27/10/2022;14865.92;3270.50;18136.42
FT-2022-51350;30/06/2022;11402.98;2508.66;13911.64
FT-2022-51359;02/04/2022;8942.02;1967.24;10909.26
FT-2022-51390;24/02/2022;9509.68;2092.13;11601.81
FT-2022-51417;21/09/2022;1950.44;429.10;2379.54
FT-2022-51440;14/09/2022;9350.60;2057.13;11407.73
FT-2022-51443;15/09/2022;6919.68;1522.33;8442.01
FT-2022-51502;06/07/2022;2765.29;608.36;3373.65
FT-2022-51510;20/03/2022;2556.02;562.32;3118.34
FT-2022-51514;22/08/2022;5566.14;1224.55;6790.69
FT-2022-51521;12/07/2022;4935.68;1085.85;6021.53
FT-2022-51539;20/11/2022;2541.24;559.07;3100.31
FT-2022-51551;02/02/2022;5093.75;1120.62;6214.37
FT-2022-51619;26/03/2022;3979.74;875.54;4855.28
FT-2022-51678;05/08/2022;1989.17;437.62;2426.79
FT-2022-51683;18/03/2022;2572.82;566.02;3138.84
FT-2022-51686;09/07/2022;3846.76;846.29;4693.05
FT-2022-51688;05/02/2022;1603.53;352.78;1956.31
FT-2022-51699;01/07/2022;9692.05;2132.25;11824.30
FT-2022-51713;21/12/2022;1922.63;422.98;2345.61
FT-2022-51724;27/02/2022;13342.86;2935.43;16278.29
FT-2022-51726;24/07/2022;10293.08;2264.48;12557.56
FT-2022-51727;28/04/2022;3302.41;726.53;4028.94
FT-2022-51738;21/11/2022;6792.86;1494.43;8287.29
FT-2022-51771;14/09/2022;4385.72;964.86;5350.58
FT-2022-51837;14/11/2022;5460.70;1201.35;6662.05
FT-2022-51841;06/02/2022;2073.69;456.21;2529.90
FT-2022-51846;11/06/2022;9144.27;2011.74;11156.01
FT-2022-51881;19/02/2022;3852.91;847.64;4700.55
FT-2022-51913;14/08/2022;7060.26;1553.26;8613.52
FT-2022-51924;06/10/2022;1437.67;316.29;1753.96
FT-2022-51933;04/03/2022;4768.92;1049.16;5818.08
FT-2022-52047;09/05/2022;1154.20;253.92;1408.12
FT-2022-52062;09/11/2022;12780.35;2811.68;15592.03
FT-2022-52064;06/11/2022;1532.02;337.04;1869.06
FT-2022-52070;29/04/2022;5582.74;1228.20;6810.94
FT-2022-52081;03/02/2022;13751.51;3025.33;16776.84
FT-2022-52096;01/09/2022;20568.93;4525.16;25094.09
FT-2022-52097;10/10/2022;5091.39;1120.11;6211.50
FT-2022-52113;18/06/2022;19285.86;4242.89;23528.75
FT-2022-52152;30/06/2022;4611.84;1014.60;5626.44
FT-2022-52176;02/05/2022;6548.80;1440.74;7989.54
FT-2022-52214;27/04/2022;2964.48;652.19;3616.67
FT-2022-52230;03/09/2022;3835.62;843.84;4679.46
FT-2022-52320;05/09/2022;14164.15;3116.11;17280.26
FT-2022-52326;06/09/2022;10595.20;2330.94;12926.14
FT-2022-52383;07/12/2022;2134.70;469.63;2604.33
FT-2022-52457;26/05/2022;10917.58;2401.87;13319.45
FT-2022-52485;06/07/2022;4291.83;944.20;5236.03
FT-2022-52522;21/05/2022;9110.37;2004.28;11114.65
FT-2022-52589;25/01/2022;6517.34;1433.81;7951.15
FT-2022-52606;14/07/2022;11913.31;2620.93;14534.24
FT-2022-52686;03/11/2022;4010.35;882.28;4892.63
FT-2022-52695;17/08/2022;1727.24;379.99;2107.23
FT-2022-52701;13/03/2022;7853.46;1727.76;9581.22
FT-2022-52707;07/03/2022;9967.08;2192.76;12159.84
FT-2022-52830;08/06/2022;1439.04;316.59;1755.63
FT-2022-52969;18/06/2022;13289.25;2923.64;16212.89
FT-2022-52981;03/05/2022;5676.15;1248.75;6924.90
FT-2022-52989;26/11/2022;529.66;116.53;646.19
FT-2022-52998;11/02/2022;5570.16;1225.44;6795.60
FT-2022-53009;28/04/2022;12546.52;2760.23;15306.75
FT-2022-53019;28/03/2022;6416.67;1411.67;7828.34
FT-2022-53048;01/03/2022;5873.16;1292.10;7165.26
FT-2022-53078;08/04/2022;4279.23;941.43;5220.66
FT-2022-53100;07/06/2022;14931.84;3285.00;18216.84
FT-2022-53173;05/07/2022;3147.62;692.48;3840.10
FT-2022-53180;13/01/2022;4764.73;1048.24;5812.97
FT-2022-53243;13/09/2022;4248.79;934.73;5183.52
FT-2022-53255;12/07/2022;2580.35;567.68;3148.03
FT-2022-53287;26/11/2022;9976.85;2194.91;12171.76
FT-2022-53337;19/01/2022;3842.77;845.41;4688.18
FT-2022-53340;06/06/2022;14604.43;3212.97;17817.40
FT-2022-53379;31/03/2022;1324.34;291.35;1615.69
FT-2022-53393;03/01/2023;3007.31;661.61;3668.92
FT-2022-53448;07/11/2022;6564.75;1444.25;8009.00
FT-2022-53464;19/09/2022;4081.20;897.86;4979.06
FT-2022-53480;02/08/2022;13516.86;2973.71;16490.57
FT-2022-53483;18/03/2022;15075.00;3316.50;18391.50
FT-2022-53505;13/11/2022;8465.04;1862.31;10327.35
FT-2022-53537;15/01/2022;2517.38;553.82;3071.20
FT-2022-53617;04/01/2023;469.50;103.29;572.79
FT-2022-53643;18/08/2022;6509.47;1432.08;7941.55
FT-2022-53696;10/08/2022;5055.59;1112.23;6167.82
FT-2022-53732;24/03/2022;5327.68;1172.09;6499.77
FT-2022-53741;16/04/2022;5248.66;1154.71;6403.37
FT-2022-53746;25/02/2022;6372.56;1401.96;7774.52
FT-2022-53799;05/05/2022;833.45;183.36;1016.81
FT-2022-53805;31/07/2022;2457.45;540.64;2998.09
FT-2022-53812;14/01/2022;4921.46;1082.72;6004.18
FT-2022-53853;31/12/2022;6797.29;1495.40;8292.69
FT-2022-53872;15/01/2022;12043.44;2649.56;14693.00
FT-2022-53902;04/06/2022;688.66;151.51;840.17
FT-2022-53914;13/03/2022;2476.14;544.75;3020.89
FT-2022-53953;06/05/2022;1597.16;351.38;1948.54
FT-2022-53990;09/08/2022;2282.69;502.19;2784.88
FT-2022-54013;18/06/2022;2074.15;456.31;2530.46
FT-2022-54025;06/12/2022;3556.65;782.46;4339.11
FT-2022-54092;29/06/2022;7510.24;1652.25;9162.49
FT-2022-54105;05/05/2022;11376.91;2502.92;13879.83
FT-2022-54126;14/04/2022;4752.82;1045.62;5798.44
FT-2022-54138;18/12/2022;5578.14;1227.19;6805.33
FT-2022-54157;27/09/2022;3369.25;741.24;4110.49
FT-2022-54198;21/02/2022;4232.64;931.18;5163.82
FT-2022-54204;13/08/2022;16602.30;3652.51;20254.81
FT-2022-54234;06/03/2022;4593.87;1010.65;5604.52
FT-2022-54274;19/07/2022;11744.10;2583.70;14327.80
FT-2022-54285;05/09/2022;12677.51;2789.05;15466.56
FT-2022-54307;30/10/2022;4691.72;1032.18;5723.90
FT-2022-54340;12/03/2022;13708.05;3015.77;16723.82
FT-2022-54346;04/06/2022;4556.32;1002.39;5558.71
FT-2022-54392;19/10/2022;2194.54;482.80;2677.34
FT-2022-54395;14/07/2022;10154.85;2234.07;12388.92
FT-2022-54438;03/08/2022;5781.14;1271.85;7052.99
FT-2022-54482;14/10/2022;4143.69;911.61;5055.30
FT-2022-54486;23/09/2022;2490.44;547.90;3038.34
FT-2022-54498;02/11/2022;7773.89;1710.26;9484.15
FT-2022-54504;03/09/2022;5203.31;1144.73;6348.04
FT-2022-54516;03/12/2022;6826.34;1501.79;8328.13
FT-2022-54530;29/09/2022;3461.73;761.58;4223.31
FT-2022-54574;31/08/2022;9286.20;2042.96;11329.16
FT-2022-54602;09/09/2022;925.20;203.54;1128.74
FT-2022-54660;03/05/2022;12268.24;2699.01;14967.25
FT-2022-54727;28/10/2022;2087.23;459.19;2546.42
FT-2022-54782;01/12/2022;5613.06;1234.87;6847.93
FT-2022-54785;18/02/2022;1872.18;411.88;2284.06
FT-2022-54803;08/10/2022;3597.55;791.46;4389.01
FT-2022-54838;29/10/2022;2603.84;572.84;3176.68
FT-2022-54864;17/09/2022;5108.84;1123.94;6232.78
FT-2022-54887;30/08/2022;6353.96;1397.87;7751.83
FT-2022-54908;19/12/2022;9987.82;2197.32;12185.14
FT-2022-54913;19/05/2022;2354.64;518.02;2872.66
FT-2022-54929;21/06/2022;5280.68;1161.75;6442.43
FT-2022-54961;22/01/2022;16358.78;3598.93;19957.71
FT-2022-55044;25/03/2022;10390.69;2285.95;12676.64
FT-2022-55046;04/08/2022;1595.15;350.93;1946.08
FT-2022-55054;03/11/2022;5893.25;1296.52;7189.77
FT-2022-55056;17/09/2022;3324.54;731.40;4055.94
FT-2022-55064;04/06/2022;2593.56;570.58;3164.14
FT-2022-55068;16/10/2022;9250.36;2035.08;11285.44
FT-2022-55079;02/07/2022;793.68;174.61;968.29
FT-2022-55092;10/12/2022;5716.09;1257.54;6973.63
FT-2022-55094;12/04/2022;6337.99;1394.36;7732.35
FT-2022-55112;29/01/2022;7893.02;1736.46;9629.48
FT-2022-55125;07/06/2022;426.83;93.90;520.73
FT-2022-55218;20/10/2022;5940.32;1306.87;7247.19
FT-2022-55224;12/01/2022;11767.81;2588.92;14356.73
FT-2022-55237;23/11/2022;11138.49;2450.47;13588.96
FT-2022-55250;10/12/2022;2636.66;580.07;3216.73
FT-2022-55311;10/10/2022;4494.16;988.72;5482.88
FT-2022-55318;14/03/2022;5082.28;1118.10;6200.38
FT-2022-55388;20/02/2022;4929.04;1084.39;6013.43
FT-2022-55407;19/02/2022;7920.64;1742.54;9663.18
FT-2022-55483;13/04/2022;3440.25;756.86;4197.11
FT-2022-55495;09/08/2022;8625.85;1897.69;10523.54
FT-2022-55496;04/11/2022;6436.40;1416.01;7852.41
FT-2022-55533;22/08/2022;7937.51;1746.25;9683.76
FT-2022-55544;23/12/2022;1787.34;393.21;2180.55
FT-2022-55569;25/11/2022;742.21;163.29;905.50
FT-2022-55583;12/07/2022;5510.81;1212.38;6723.19
FT-2022-55596;03/05/2022;1099.01;241.78;1340.79
FT-2022-55622;21/08/2022;3942.02;867.24;4809.26
FT-2022-55623;15/05/2022;5644.72;1241.84;6886.56
FT-2022-55662;26/06/2022;6915.28;1521.36;8436.64
FT-2022-55687;28/01/2022;3374.82;742.46;4117.28
FT-2022-55701;06/04/2022;7061.91;1553.62;8615.53
FT-2022-55714;21/07/2022;7317.47;1609.84;8927.31
FT-2022-55724;05/12/2022;5368.28;1181.02;6549.30
FT-2022-55756;22/01/2022;527.13;115.97;643.10
FT-2022-55868;08/05/2022;5343.61;1175.59;6519.20
FT-2022-55888;12/06/2022;7385.37;1624.78;9010.15
FT-2022-55895;19/07/2022;2489.57;547.71;3037.28
FT-2022-55954;14/09/2022;1350.03;297.01;1647.04
FT-2022-55959;08/12/2022;10884.91;2394.68;13279.59
FT-2022-55979;15/07/2022;3927.91;864.14;4792.05
FT-2022-56030;05/07/2022;2439.33;536.65;2975.98
FT-2022-56041;26/03/2022;2415.47;531.40;2946.87
FT-2022-56056;09/08/2022;701.64;154.36;856.00
FT-2022-56068;24/05/2022;7431.56;1634.94;9066.50
FT-2022-56074;17/05/2022;1615.54;355.42;1970.96
FT-2022-56094;06/08/2022;5357.74;1178.70;6536.44
FT-2022-56107;20/03/2022;5933.37;1305.34;7238.71
FT-2022-56142;23/05/2022;12436.92;2736.12;15173.04
FT-2022-56143;13/04/2022;17006.86;3741.51;20748.37
FT-2022-56158;15/07/2022;10312.25;2268.70;12580.95
FT-2022-56166;22/10/2022;808.89;177.96;986.85
FT-2022-56170;11/07/2022;8143.42;1791.55;9934.97
FT-2022-56230;13/09/2022;11953.10;2629.68;14582.78
FT-2022-56247;31/03/2022;7570.68;1665.55;9236.23
FT-2022-56302;16/05/2022;8728.15;1920.19;10648.34
FT-2022-56329;18/02/2022;2098.27;461.62;2559.89
FT-2022-56418;20/07/2022;3110.96;684.41;3795.37
FT-2022-56440;14/03/2022;6231.37;1370.90;7602.27
FT-2022-56456;03/01/2023;16832.97;3703.25;20536.22
FT-2022-56457;05/08/2022;14996.56;3299.24;18295.80
FT-2022-56474;15/07/2022;14407.64;3169.68;17577.32
FT-2022-56552;10/05/2022;7222.74;1589.00;8811.74
FT-2022-56573;13/08/2022;13740.38;3022.88;16763.26
FT-2022-56598;23/08/2022;3789.80;833.76;4623.56
FT-2022-56607;22/04/2022;2145.25;471.95;2617.20
FT-2022-56625;09/11/2022;6475.79;1424.67;7900.46
FT-2022-56637;04/10/2022;9114.48;2005.19;11119.67
FT-2022-56643;07/09/2022;2203.31;484.73;2688.04
FT-2022-56663;26/05/2022;10283.27;2262.32;12545.59
FT-2022-56671;10/08/2022;9027.84;1986.12;11013.96
FT-2022-56682;23/05/2022;7437.10;1636.16;9073.26
FT-2022-56693;11/05/2022;2036.31;447.99;2484.30
FT-2022-56762;15/06/2022;6944.62;1527.82;8472.44
FT-2022-56776;06/09/2022;13389.50;2945.69;16335.19
FT-2022-56816;05/04/2022;10840.40;2384.89;13225.29
FT-2022-56844;30/06/2022;10236.49;2252.03;12488.52
FT-2022-56928;04/08/2022;3937.36;866.22;4803.58
FT-2022-56932;28/09/2022;1797.72;395.50;2193.22
FT-2022-56995;29/11/2022;6939.51;1526.69;8466.20
FT-2022-57104;15/08/2022;6163.27;1355.92;7519.19
FT-2022-57171;13/10/2022;7262.68;1597.79;8860.47
FT-2022-57186;08/06/2022;6577.55;1447.06;8024.61
FT-2022-57200;30/03/2022;4535.59;997.83;5533.42
FT-2022-57212;04/06/2022;1500.78;330.17;1830.95
FT-2022-57223;14/01/2022;5490.58;1207.93;6698.51
FT-2022-57304;29/08/2022;6903.96;1518.87;8422.83
FT-2022-57305;13/08/2022;12990.63;2857.94;15848.57
FT-2022-57336;06/02/2022;3078.62;677.30;3755.92
FT-2022-57473;23/11/2022;3961.31;871.49;4832.80
FT-2022-57483;23/07/2022;5250.85;1155.19;6406.04
FT-2022-57498;10/08/2022;12420.89;2732.60;15153.49
FT-2022-57548;27/01/2022;2205.88;485.29;2691.17
FT-2022-57647;02/04/2022;9834.17;2163.52;11997.69
FT-2022-57653;21/07/2022;1268.60;279.09;1547.69
FT-2022-57709;23/08/2022;1047.54;230.46;1278.00
FT-2022-57720;03/02/2022;5267.04;1158.75;6425.79
FT-2022-57745;08/05/2022;12368.48;2721.07;15089.55
FT-2022-57751;11/11/2022;4051.90;891.42;4943.32
FT-2022-57755;09/06/2022;1355.16;298.14;1653.30
FT-2022-57758;24/10/2022;8546.41;1880.21;10426.62
FT-2022-57803;28/09/2022;4617.92;1015.94;5633.86
FT-2022-57806;18/06/2022;3455.70;760.25;4215.95
FT-2022-57821;20/04/2022;12560.17;2763.24;15323.41
FT-2022-57860;31/12/2022;9246.85;2034.31;11281.16
FT-2022-57867;25/01/2022;14555.82;3202.28;17758.10
FT-2022-57873;12/08/2022;4654.05;1023.89;5677.94
FT-2022-57885;21/06/2022;7509.34;1652.05;9161.39
FT-2022-57886;08/03/2022;3368.51;741.07;4109.58
FT-2022-57896;22/01/2022;4943.64;1087.60;6031.24
FT-2022-57912;02/01/2023;2947.54;648.46;3596.00
FT-2022-57917;31/12/2022;12087.55;2659.26;14746.81
FT-2022-57988;01/01/2023;3185.41;700.79;3886.20
FT-2022-58022;03/03/2022;7873.94;1732.27;9606.21
FT-2022-58026;14/04/2022;1422.89;313.04;1735.93
FT-2022-58032;30/11/2022;11260.01;2477.20;13737.21
FT-2022-58037;27/07/2022;8323.33;1831.13;10154.46
FT-2022-58039;30/09/2022;2454.14;539.91;2994.05
FT-2022-58072;31/07/2022;15496.81;3409.30;18906.11
FT-2022-58086;17/10/2022;6667.64;1466.88;8134.52
FT-2022-58107;09/08/2022;2285.11;502.72;2787.83
FT-2022-58203;15/08/2022;6978.32;1535.23;8513.55
FT-2022-58221;09/10/2022;7346.91;1616.32;8963.23
FT-2022-58262;20/07/2022;10698.56;2353.68;13052.24
FT-2022-58268;08/08/2022;12805.49;2817.21;15622.70
FT-2022-58270;25/12/2022;5783.52;1272.37;7055.89
FT-2022-58308;07/03/2022;7376.29;1622.78;8999.07
FT-2022-58339;29/04/2022;10923.72;2403.22;13326.94
FT-2022-58359;26/11/2022;7001.62;1540.36;8541.98
FT-2022-58360;29/03/2022;11495.96;2529.11;14025.07
FT-2022-58380;27/07/2022;3406.90;749.52;4156.42
FT-2022-58408;21/04/2022;2907.68;639.69;3547.37
FT-2022-58414;01/08/2022;2345.98;516.12;2862.10
FT-2022-58415;01/08/2022;4741.23;1043.07;5784.30
FT-2022-58422;17/06/2022;6805.56;1497.22;8302.78
FT-2022-58428;20/10/2022;12478.56;2745.28;15223.84
FT-2022-58453;01/04/2022;3537.94;778.35;4316.29
FT-2022-58497;19/08/2022;864.33;190.15;1054.48
FT-2022-58554;07/10/2022;3965.65;872.44;4838.09
FT-2022-58573;04/05/2022;5996.97;1319.33;7316.30
FT-2022-58578;06/12/2022;955.73;210.26;1165.99
FT-2022-58587;07/05/2022;5005.27;1101.16;6106.43
FT-2022-58625;02/08/2022;11385.06;2504.71;13889.77
FT-2022-58641;10/08/2022;6905.09;1519.12;8424.21
FT-2022-58644;18/12/2022;2634.49;579.59;3214.08
FT-2022-58681;19/05/2022;13198.16;2903.60;16101.76
FT-2022-58715;23/06/2022;4710.07;1036.22;5746.29
FT-2022-58733;08/09/2022;8012.20;1762.68;9774.88
FT-2022-58766;29/11/2022;7607.89;1673.74;9281.63
FT-2022-58792;21/08/2022;2425.83;533.68;2959.51
FT-2022-58838;31/12/2022;5095.59;1121.03;6216.62
FT-2022-58841;23/08/2022;6787.38;1493.22;8280.60
FT-2022-58842;07/04/2022;4551.44;1001.32;5552.76
FT-2022-58843;15/05/2022;4143.04;911.47;5054.51
FT-2022-58849;28/05/2022;2193.94;482.67;2676.61
FT-2022-58872;27/06/2022;891.03;196.03;1087.06
FT-2022-59007;09/02/2022;10410.91;2290.40;12701.31
FT-2022-59029;12/09/2022;1392.78;306.41;1699.19
FT-2022-59063;19/06/2022;5800.84;1276.18;7077.02
FT-2022-59070;19/05/2022;6597.53;1451.46;8048.99
FT-2022-59079;10/11/2022;7174.54;1578.40;8752.94
FT-2022-59080;21/01/2022;14620.22;3216.45;17836.67
FT-2022-59086;19/10/2022;7039.24;1548.63;8587.87
FT-2022-59232;08/12/2022;3052.10;671.46;3723.56
FT-2022-59243;30/09/2022;10331.46;2272.92;12604.38
FT-2022-59355;18/10/2022;8405.14;1849.13;10254.27
FT-2022-59397;29/11/2022;1055.39;232.19;1287.58
FT-2022-59408;23/04/2022;7496.99;1649.34;9146.33
FT-2022-59415;24/12/2022;4867.82;1070.92;5938.74
FT-2022-59469;15/02/2022;5544.15;1219.71;6763.86
FT-2022-59470;11/11/2022;4703.76;1034.83;5738.59
FT-2022-59490;27/02/2022;16268.77;3579.13;19847.90
FT-2022-59545;27/07/2022;4360.72;959.36;5320.08
FT-2022-59555;15/02/2022;7845.11;1725.92;9571.03
FT-2022-59571;14/04/2022;3148.02;692.56;3840.58
FT-2022-59577;14/03/2022;2394.95;526.89;2921.84
FT-2022-59652;17/03/2022;8938.99;1966.58;10905.57
FT-2022-59696;20/10/2022;8379.46;1843.48;10222.94
FT-2022-59698;15/12/2022;2930.29;644.66;3574.95
FT-2022-59703;27/01/2022;6888.16;1515.40;8403.56
FT-2022-59708;25/12/2022;5467.50;1202.85;6670.35
FT-2022-59714;24/05/2022;6527.49;1436.05;7963.54
FT-2022-59730;20/09/2022;13883.86;3054.45;16938.31
FT-2022-59739;10/01/2022;7789.17;1713.62;9502.79
FT-2022-59804;23/01/2022;1670.22;367.45;2037.67
FT-2022-59837;28/08/2022;3419.43;752.27;4171.70
FT-2022-59845;16/09/2022;7819.12;1720.21;9539.33
FT-2022-59883;28/01/2022;2810.96;618.41;3429.37
FT-2022-59964;19/11/2022;2707.92;595.74;3303.66
FT-2022-59967;28/06/2022;12825.55;2821.62;15647.17
FT-2022-59988;28/03/2022;6014.54;1323.20;7337.74
FT-2022-60082;02/02/2022;5262.92;1157.84;6420.76
FT-2022-60084;23/12/2022;3955.88;870.29;4826.17
FT-2022-60104;21/08/2022;1989.84;437.76;2427.60
FT-2022-60130;04/10/2022;6088.76;1339.53;7428.29
FT-2022-60135;29/08/2022;3050.81;671.18;3721.99
FT-2022-60140;25/06/2022;4350.10;957.02;5307.12
FT-2022-60151;10/08/2022;3874.31;852.35;4726.66
FT-2022-60180;21/08/2022;10867.02;2390.74;13257.76
FT-2022-60186;13/07/2022;4791.34;1054.09;5845.43
FT-2022-60193;18/10/2022;930.15;204.63;1134.78
FT-2022-60238;12/04/2022;7399.17;1627.82;9026.99
FT-2022-60304;31/03/2022;4665.75;1026.46;5692.21
FT-2022-60337;24/09/2022;1351.64;297.36;1649.00
FT-2022-60348;16/10/2022;4933.00;1085.26;6018.26
FT-2022-60381;23/01/2022;1175.20;258.54;1433.74
FT-2022-60431;08/10/2022;4903.14;1078.69;5981.83
FT-2022-60435;28/01/2022;8193.88;1802.65;9996.53
FT-2022-60444;20/12/2022;1226.36;269.80;1496.16
FT-2022-60464;30/08/2022;4383.59;964.39;5347.98
FT-2022-60481;25/04/2022;2434.48;535.59;2970.07
FT-2022-60507;22/12/2022;4775.95;1050.71;5826.66
FT-2022-60539;19/06/2022;12791.98;2814.24;15606.22
FT-2022-60553;07/10/2022;4394.29;966.74;5361.03
FT-2022-60607;05/10/2022;5198.44;1143.66;6342.10
FT-2022-60613;17/10/2022;7104.73;1563.04;8667.77
FT-2022-60622;17/09/2022;6196.38;1363.20;7559.58
FT-2022-60648;02/09/2022;1165.11;256.32;1421.43
FT-2022-60655;10/11/2022;3798.08;835.58;4633.66
FT-2022-60690;28/09/2022;2687.96;591.35;3279.31
FT-2022-60691;17/06/2022;782.43;172.13;954.56
FT-2022-60706;23/06/2022;5096.07;1121.14;6217.21
FT-2022-60769;13/10/2022;2947.65;648.48;3596.13
FT-2022-60777;01/11/2022;254.96;56.09;311.05
FT-2022-60792;05/03/2022;6124.01;1347.28;7471.29
FT-2022-60802;09/07/2022;8253.91;1815.86;10069.77
FT-2022-60827;04/05/2022;13133.94;2889.47;16023.41
FT-2022-60836;19/05/2022;4573.17;1006.10;5579.27
FT-2022-60854;06/12/2022;3251.21;715.27;3966.48
FT-2022-60855;18/03/2022;13609.17;2994.02;16603.19
FT-2022-60866;12/06/2022;817.23;179.79;997.02
FT-2022-60941;07/11/2022;10433.58;2295.39;12728.97
FT-2022-60968;02/07/2022;5075.07;1116.52;6191.59
FT-2022-60984;21/08/2022;8878.25;1953.21;10831.46
FT-2022-61022;24/10/2022;13913.62;3061.00;16974.62
FT-2022-61031;17/08/2022;2439.40;536.67;2976.07
FT-2022-61066;03/12/2022;1169.15;257.21;1426.36
FT-2022-61076;09/11/2022;5640.90;1241.00;6881.90
FT-2022-61116;18/06/2022;3665.94;806.51;4472.45
FT-2022-61138;29/10/2022;10546.84;2320.30;12867.14
FT-2022-61150;28/02/2022;8888.07;1955.38;10843.45
FT-2022-61156;01/04/2022;5142.74;1131.40;6274.14
FT-2022-61165;06/02/2022;2969.97;653.39;3623.36
FT-2022-61172;15/05/2022;5048.47;1110.66;6159.13
FT-2022-61184;07/03/2022;8968.53;1973.08;10941.61
FT-2022-61188;07/06/2022;2853.83;627.84;3481.67
FT-2022-61265;27/05/2022;11137.20;2450.18;13587.38
FT-2022-61268;24/02/2022;9899.55;2177.90;12077.45
FT-2022-61328;20/07/2022;2100.11;462.02;2562.13
FT-2022-61335;11/11/2022;9183.40;2020.35;11203.75
FT-2022-61346;17/09/2022;2265.09;498.32;2763.41
FT-2022-61365;28/02/2022;2237.67;492.29;2729.96
FT-2022-61408;10/11/2022;4105.21;903.15;5008.36
FT-2022-61415;23/10/2022;4342.48;955.35;5297.83
FT-2022-61422;01/05/2022;1150.19;253.04;1403.23
FT-2022-61459;05/10/2022;2315.19;509.34;2824.53
FT-2022-61490;04/11/2022;1939.66;426.73;2366.39
FT-2022-61573;06/04/2022;3649.27;802.84;4452.11
FT-2022-61588;21/11/2022;2691.93;592.22;3284.15
FT-2022-61603;16/07/2022;11339.06;2494.59;13833.65
FT-2022-61615;08/10/2022;7237.05;1592.15;8829.20
FT-2022-61654;04/01/2022;5130.33;1128.67;6259.00
FT-2022-61658;12/12/2022;3190.06;701.81;3891.87
FT-2022-61666;23/12/2022;1772.14;389.87;2162.01
FT-2022-61669;01/01/2023;3881.56;853.94;4735.50
FT-2022-61674;27/07/2022;877.49;193.05;1070.54
FT-2022-61679;22/02/2022;1521.37;334.70;1856.07
FT-2022-61693;18/02/2022;3786.20;832.96;4619.16
FT-2022-61715;08/02/2022;2759.18;607.02;3366.20
FT-2022-61750;15/01/2022;2920.98;642.62;3563.60
FT-2022-61775;23/12/2022;6232.87;1371.23;7604.10
FT-2022-61789;12/06/2022;9140.20;2010.84;11151.04
FT-2022-61795;30/05/2022;9643.09;2121.48;11764.57
FT-2022-61812;28/03/2022;13982.33;3076.11;17058.44
FT-2022-61830;05/03/2022;1656.39;364.41;2020.80
FT-2022-61955;02/12/2022;3878.25;853.22;4731.47
FT-2022-61956;11/01/2022;7400.36;1628.08;9028.44
FT-2022-61968;14/02/2022;555.87;122.29;678.16
FT-2022-62016;15/01/2022;1649.12;362.81;2011.93
FT-2022-62058;13/03/2022;10414.48;2291.19;12705.67
FT-2022-62106;30/09/2022;8537.95;1878.35;10416.30
FT-2022-62120;16/08/2022;5036.79;1108.09;6144.88
FT-2022-62125;27/04/2022;6906.78;1519.49;8426.27
FT-2022-62131;01/01/2023;9131.09;2008.84;11139.93
FT-2022-62134;09/05/2022;1557.06;342.55;1899.61
FT-2022-62167;06/06/2022;3187.54;701.26;3888.80
FT-2022-62172;10/12/2022;4065.25;894.36;4959.61
FT-2022-62188;22/01/2022;845.67;186.05;1031.72
FT-2022-62211;07/05/2022;11273.59;2480.19;13753.78
FT-2022-62269;03/07/2022;1497.69;329.49;1827.18
FT-2022-62291;15/03/2022;9478.74;2085.32;11564.06
FT-2022-62320;03/12/2022;4558.10;1002.78;5560.88
FT-2022-62328;15/05/2022;10183.19;2240.30;12423.49
FT-2022-62354;28/11/2022;8371.97;1841.83;10213.80
FT-2022-62381;12/03/2022;4457.13;980.57;5437.70
FT-2022-62390;09/08/2022;12350.92;2717.20;15068.12
FT-2022-62399;04/08/2022;1572.65;345.98;1918.63
FT-2022-62402;02/07/2022;9931.90;2185.02;12116.92
FT-2022-62485;09/05/2022;6984.43;1536.57;8521.00
FT-2022-62505;12/03/2022;8322.68;1830.99;10153.67
FT-2022-62524;01/02/2022;11686.32;2570.99;14257.31
FT-2022-62546;08/02/2022;4890.07;1075.82;5965.89
FT-2022-62601;20/03/2022;4661.40;1025.51;5686.91
FT-2022-62610;30/03/2022;7931.71;1744.98;9676.69
FT-2022-62633;04/11/2022;9618.36;2116.04;11734.40
FT-2022-62671;22/12/2022;14304.48;3146.99;17451.47
FT-2022-62677;25/10/2022;4978.31;1095.23;6073.54
FT-2022-62679;05/09/2022;8790.94;1934.01;10724.95
FT-2022-62687;06/02/2022;17832.32;3923.11;21755.43
FT-2022-62741;06/02/2022;1068.91;235.16;1304.07
FT-2022-62775;08/03/2022;13391.24;2946.07;16337.31
FT-2022-62792;02/08/2022;14056.11;3092.34;17148.45
FT-2022-62862;05/01/2022;5089.46;1119.68;6209.14
FT-2022-62865;30/08/2022;4917.56;1081.86;5999.42
FT-2022-62888;24/07/2022;15496.50;3409.23;18905.73
FT-2022-62919;15/12/2022;2675.88;588.69;3264.57
FT-2022-62921;16/07/2022;4727.26;1040.00;5767.26
FT-2022-62922;21/10/2022;1145.64;252.04;1397.68
FT-2022-63012;08/08/2022;7351.19;1617.26;8968.45
FT-2022-63041;28/11/2022;5628.53;1238.28;6866.81
FT-2022-63064;01/08/2022;6639.34;1460.65;8099.99
FT-2022-63076;28/03/2022;6437.03;1416.15;7853.18
FT-2022-63140;24/05/2022;1268.62;279.10;1547.72
FT-2022-63141;03/12/2022;12389.38;2725.66;15115.04
FT-2022-63177;09/02/2022;7355.77;1618.27;8974.04
FT-2022-63185;14/12/2022;3003.81;660.84;3664.65
FT-2022-63202;22/07/2022;8395.67;1847.05;10242.72
FT-2022-63217;20/07/2022;11160.29;2455.26;13615.55
FT-2022-63223;28/04/2022;1130.83;248.78;1379.61
FT-2022-63226;16/12/2022;5901.11;1298.24;7199.35
FT-2022-63231;27/10/2022;3859.85;849.17;4709.02
FT-2022-63287;18/05/2022;4129.64;908.52;5038.16
FT-2022-63317;27/10/2022;6026.73;1325.88;7352.61
FT-2022-63336;20/03/2022;4329.60;952.51;5282.11
FT-2022-63350;05/07/2022;7892.03;1736.25;9628.28
FT-2022-63386;18/01/2022;2056.66;452.47;2509.13
FT-2022-63387;22/10/2022;684.16;150.52;834.68
FT-2022-63462;22/04/2022;5809.86;1278.17;7088.03
FT-2022-63469;29/06/2022;4129.51;908.49;5038.00
FT-2022-63470;30/07/2022;12249.16;2694.82;14943.98
FT-2022-63549;11/12/2022;4617.20;1015.78;5632.98
FT-2022-63550;01/08/2022;7554.89;1662.08;9216.97
FT-2022-63638;05/10/2022;8012.14;1762.67;9774.81
FT-2022-63671;27/09/2022;7152.45;1573.54;8725.99
FT-2022-63713;25/12/2022;13978.31;3075.23;17053.54
FT-2022-63747;21/03/2022;5059.81;1113.16;6172.97
FT-2022-63832;27/03/2022;590.61;129.93;720.54
FT-2022-63894;03/10/2022;1426.54;313.84;1740.38
FT-2022-63911;28/12/2022;6589.42;1449.67;8039.09
FT-2022-63916;20/12/2022;4571.60;1005.75;5577.35
FT-2022-63950;25/06/2022;14329.37;3152.46;17481.83
FT-2022-64015;15/01/2022;14928.01;3284.16;18212.17
FT-2022-64059;21/12/2022;1996.56;439.24;2435.80
FT-2022-64112;06/01/2023;6980.19;1535.64;8515.83
FT-2022-64158;05/04/2022;8790.53;1933.92;10724.45
FT-2022-64161;26/05/2022;7730.05;1700.61;9430.66
FT-2022-64169;07/09/2022;4394.45;966.78;5361.23
FT-2022-64181;22/01/2022;5048.20;1110.60;6158.80
FT-2022-64187;23/08/2022;10101.56;2222.34;12323.90
FT-2022-64189;11/09/2022;10161.12;2235.45;12396.57
FT-2022-64205;01/01/2023;1902.81;418.62;2321.43
FT-2022-64217;23/10/2022;7969.38;1753.26;9722.64
FT-2022-64221;03/02/2022;2457.72;540.70;2998.42
FT-2022-64256;03/02/2022;10461.24;2301.47;12762.71
FT-2022-64281;11/10/2022;7607.88;1673.73;9281.61
FT-2022-64297;03/10/2022;7564.75;1664.25;9229.00
FT-2022-64319;09/10/2022;995.41;218.99;1214.40
FT-2022-64335;28/08/2022;5867.21;1290.79;7158.00
FT-2022-64340;05/03/2022;5523.53;1215.18;6738.71
FT-2022-64361;18/11/2022;1423.04;313.07;1736.11
FT-2022-64376;28/08/2022;3478.60;765.29;4243.89
FT-2022-64399;07/09/2022;3780.98;831.82;4612.80
FT-2022-64423;02/01/2023;10234.49;2251.59;12486.08
FT-2022-64433;16/09/2022;8570.52;1885.51;10456.03
FT-2022-64452;02/06/2022;9128.66;2008.31;11136.97
FT-2022-64501;20/03/2022;9294.08;2044.70;11338.78
FT-2022-64524;31/07/2022;8996.54;1979.24;10975.78
FT-2022-64560;17/09/2022;1813.67;399.01;2212.68
FT-2022-64580;15/09/2022;5872.35;1291.92;7164.27
FT-2022-64619;02/08/2022;6395.58;1407.03;7802.61
FT-2022-64655;19/11/2022;13827.58;3042.07;16869.65
FT-2022-64667;04/09/2022;2488.37;547.44;3035.81
FT-2022-64682;16/11/2022;7771.92;1709.82;9481.74
FT-2022-64689;07/03/2022;6774.04;1490.29;8264.33
FT-2022-64691;29/09/2022;1867.08;410.76;2277.84
FT-2022-64719;19/11/2022;2852.71;627.60;3480.31
FT-2022-64724;25/08/2022;3624.37;797.36;4421.73
FT-2022-64736;10/04/2022;9935.25;2185.76;12121.01
FT-2022-64747;01/03/2022;3145.32;691.97;3837.29
FT-2022-64764;17/09/2022;13406.93;2949.52;16356.45
FT-2022-64793;03/09/2022;8469.47;1863.28;10332.75
FT-2022-64794;13/05/2022;5554.34;1221.95;6776.29
FT-2022-64815;12/11/2022;5798.27;1275.62;7073.89
FT-2022-64823;15/06/2022;9645.73;2122.06;11767.79
FT-2022-64879;14/10/2022;4402.48;968.55;5371.03
FT-2022-64883;19/02/2022;5528.79;1216.33;6745.12
FT-2022-64893;24/11/2022;7058.59;1552.89;8611.48
FT-2022-64939;17/12/2022;6518.44;1434.06;7952.50
FT-2022-64950;06/12/2022;1603.99;352.88;1956.87
FT-2022-64971;18/06/2022;10337.82;2274.32;12612.14
FT-2022-64983;19/03/2022;7348.05;1616.57;8964.62
FT-2022-65014;13/08/2022;6897.30;1517.41;8414.71
FT-2022-65017;27/05/2022;6975.05;1534.51;8509.56
FT-2022-65019;22/09/2022;5719.13;1258.21;6977.34
FT-2022-65032;28/01/2022;4237.30;932.21;5169.51
FT-2022-65043;04/10/2022;2344.46;515.78;2860.24
FT-2022-65085;28/01/2022;4588.85;1009.55;5598.40
FT-2022-65139;09/11/2022;2471.01;543.62;3014.63
FT-2022-65165;06/10/2022;2309.82;508.16;2817.98
FT-2022-65250;04/09/2022;2435.17;535.74;2970.91
FT-2022-65260;25/12/2022;11991.20;2638.06;14629.26
FT-2022-65271;08/05/2022;10502.09;2310.46;12812.55
FT-2022-65290;31/01/2022;11016.43;2423.61;13440.04
FT-2022-65300;30/06/2022;4448.99;978.78;5427.77
FT-2022-65304;03/12/2022;5871.34;1291.69;7163.03
FT-2022-65319;04/10/2022;1426.76;313.89;1740.65
FT-2022-65323;11/09/2022;5703.05;1254.67;6957.72
FT-2022-65367;10/02/2022;1333.90;293.46;1627.36
FT-2022-65394;05/04/2022;586.63;129.06;715.69
FT-2022-65446;31/01/2022;5523.49;1215.17;6738.66
FT-2022-65461;27/07/2022;8498.13;1869.59;10367.72
FT-2022-65467;24/08/2022;3998.19;879.60;4877.79
FT-2022-65556;03/10/2022;6509.96;1432.19;7942.15
FT-2022-65560;18/08/2022;4733.97;1041.47;5775.44
FT-2022-65577;04/01/2023;2232.84;491.22;2724.06
FT-2022-65629;19/01/2022;5673.73;1248.22;6921.95
FT-2022-65632;25/11/2022;3358.55;738.88;4097.43
FT-2022-65643;29/03/2022;12991.27;2858.08;15849.35
FT-2022-65654;21/10/2022;4218.59;928.09;5146.68
FT-2022-65668;26/05/2022;12691.74;2792.18;15483.92
FT-2022-65672;24/04/2022;1362.33;299.71;1662.04
FT-2022-65699;30/08/2022;4890.90;1076.00;5966.90
FT-2022-65708;18/12/2022;9826.61;2161.85;11988.46
FT-2022-65751;22/11/2022;9337.44;2054.24;11391.68
FT-2022-65759;20/06/2022;10846.96;2386.33;13233.29
FT-2022-65768;04/09/2022;8095.24;1780.95;9876.19
FT-2022-65812;14/07/2022;8379.57;1843.51;10223.08
FT-2022-65860;08/06/2022;8199.25;1803.84;10003.09
FT-2022-65905;19/07/2022;4866.36;1070.60;5936.96
FT-2022-65909;14/08/2022;1244.88;273.87;1518.75
FT-2022-65916;02/03/2022;2697.27;593.40;3290.67
FT-2022-65946;17/05/2022;2000.68;440.15;2440.83
FT-2022-65969;02/08/2022;8164.23;1796.13;9960.36
FT-2022-65973;17/06/2022;6350.44;1397.10;7747.54
FT-2022-66019;30/06/2022;6660.74;1465.36;8126.10
FT-2022-66040;22/06/2022;10791.94;2374.23;13166.17
FT-2022-66047;03/11/2022;6571.36;1445.70;8017.06
FT-2022-66061;08/10/2022;9452.89;2079.64;11532.53
FT-2022-66088;20/08/2022;14947.69;3288.49;18236.18
FT-2022-66089;20/12/2022;2935.15;645.73;3580.88
FT-2022-66131;10/06/2022;9575.37;2106.58;11681.95
FT-2022-66139;04/04/2022;1498.43;329.65;1828.08
FT-2022-66176;07/02/2022;12880.92;2833.80;15714.72
FT-2022-66182;20/09/2022;7782.24;1712.09;9494.33
FT-2022-66204;14/06/2022;3865.20;850.34;4715.54
FT-2022-66205;02/05/2022;2413.57;530.99;2944.56
FT-2022-66248;30/08/2022;9385.00;2064.70;11449.70
FT-2022-66252;30/10/2022;4891.12;1076.05;5967.17
FT-2022-66270;09/07/2022;7883.57;1734.39;9617.96
FT-2022-66286;21/07/2022;13350.17;2937.04;16287.21
FT-2022-66316;05/10/2022;5904.77;1299.05;7203.82
FT-2022-66326;16/03/2022;2079.32;457.45;2536.77
FT-2022-66340;21/01/2022;7424.31;1633.35;9057.66
FT-2022-66358;15/10/2022;3905.94;859.31;4765.25
FT-2022-66381;25/03/2022;8583.19;1888.30;10471.49
FT-2022-66461;07/12/2022;9822.18;2160.88;11983.06
FT-2022-66507;21/12/2022;3274.47;720.38;3994.85
FT-2022-66544;06/12/2022;3965.33;872.37;4837.70
FT-2022-66570;07/07/2022;7273.17;1600.10;8873.27
FT-2022-66601;01/04/2022;6613.01;1454.86;8067.87
FT-2022-66674;03/07/2022;4867.18;1070.78;5937.96
FT-2022-66687;05/04/2022;4802.17;1056.48;5858.65
FT-2022-66708;10/03/2022;4889.04;1075.59;5964.63
FT-2022-66717;22/06/2022;9069.36;1995.26;11064.62
FT-2022-66727;12/07/2022;8636.92;1900.12;10537.04
FT-2022-66738;25/07/2022;8053.45;1771.76;9825.21
FT-2022-66805;10/06/2022;12882.67;2834.19;15716.86
FT-2022-66816;09/01/2022;3068.13;674.99;3743.12
FT-2022-66836;01/01/2023;5086.10;1118.94;6205.04
FT-2022-66877;06/11/2022;2405.51;529.21;2934.72
FT-2022-66915;20/12/2022;2434.06;535.49;2969.55
FT-2022-66928;06/09/2022;12529.88;2756.57;15286.45
FT-2022-66941;11/10/2022;1064.62;234.22;1298.84
FT-2022-66966;20/12/2022;3330.23;732.65;4062.88
FT-2022-67022;09/11/2022;5444.46;1197.78;6642.24
FT-2022-67027;09/11/2022;3632.41;799.13;4431.54
FT-2022-67030;15/06/2022;7596.87;1671.31;9268.18
FT-2022-67095;12/06/2022;5900.20;1298.04;7198.24
FT-2022-67168;20/01/2022;13321.18;2930.66;16251.84
FT-2022-67198;11/10/2022;11370.39;2501.49;13871.88
FT-2022-67201;04/06/2022;8091.13;1780.05;9871.18
FT-2022-67207;16/03/2022;2200.39;484.09;2684.48
FT-2022-67218;07/07/2022;934.10;205.50;1139.60
FT-2022-67257;12/10/2022;1893.08;416.48;2309.56
FT-2022-67259;22/09/2022;5389.54;1185.70;6575.24
FT-2022-67284;21/05/2022;4632.86;1019.23;5652.09
FT-2022-67287;04/10/2022;17051.68;3751.37;20803.05
FT-2022-67299;11/05/2022;1449.82;318.96;1768.78
FT-2022-67353;27/06/2022;6505.86;1431.29;7937.15
FT-2022-67363;11/01/2022;1344.32;295.75;1640.07
FT-2022-67392;23/03/2022;1609.39;354.07;1963.46
FT-2022-67400;06/10/2022;1293.27;284.52;1577.79
FT-2022-67433;12/01/2022;7628.36;1678.24;9306.60
FT-2022-67474;21/12/2022;4965.99;1092.52;6058.51
FT-2022-67513;09/12/2022;648.23;142.61;790.84
FT-2022-67533;17/06/2022;1913.50;420.97;2334.47
FT-2022-67542;16/09/2022;13748.73;3024.72;16773.45
FT-2022-67550;06/03/2022;4956.96;1090.53;6047.49
FT-2022-67564;23/02/2022;4984.39;1096.57;6080.96
FT-2022-67576;10/08/2022;7843.50;1725.57;9569.07
FT-2022-67599;07/06/2022;9706.40;2135.41;11841.81
FT-2022-67616;17/03/2022;2062.77;453.81;2516.58
FT-2022-67636;26/04/2022;7690.46;1691.90;9382.36
FT-2022-67648;17/05/2022;5774.09;1270.30;7044.39
FT-2022-67649;19/01/2022;1131.94;249.03;1380.97
FT-2022-67653;20/09/2022;8495.68;1869.05;10364.73
FT-2022-67660;23/06/2022;5143.38;1131.54;6274.92
FT-2022-67663;09/08/2022;6168.75;1357.12;7525.87
FT-2022-67666;26/09/2022;4552.74;1001.60;5554.34
FT-2022-67669;29/05/2022;2537.21;558.19;3095.40
FT-2022-67688;16/08/2022;6868.15;1510.99;8379.14
FT-2022-67715;15/10/2022;1335.91;293.90;1629.81
FT-2022-67742;11/07/2022;5876.89;1292.92;7169.81
FT-2022-67752;29/01/2022;5208.03;1145.77;6353.80
FT-2022-67795;03/02/2022;11420.11;2512.42;13932.53
FT-2022-67807;08/08/2022;3615.81;795.48;4411.29
FT-2022-67819;06/11/2022;4343.94;955.67;5299.61
FT-2022-67840;29/10/2022;6908.38;1519.84;8428.22
FT-2022-67858;07/05/2022;8521.98;1874.84;10396.82
FT-2022-67868;24/05/2022;14771.69;3249.77;18021.46
FT-2022-67880;14/12/2022;13964.66;3072.23;17036.89
FT-2022-67893;04/12/2022;4095.36;900.98;4996.34
FT-2022-67903;04/02/2022;555.29;122.16;677.45
FT-2022-67925;08/04/2022;6012.89;1322.84;7335.73
FT-2022-67947;04/03/2022;10982.73;2416.20;13398.93
FT-2022-68108;10/06/2022;10271.39;2259.71;12531.10
FT-2022-68130;24/04/2022;3669.80;807.36;4477.16
FT-2022-68137;01/10/2022;1218.53;268.08;1486.61
FT-2022-68146;07/07/2022;4271.43;939.71;5211.14
FT-2022-68151;26/03/2022;10306.29;2267.38;12573.67
FT-2022-68199;21/12/2022;2505.22;551.15;3056.37
FT-2022-68212;20/03/2022;6142.36;1351.32;7493.68
FT-2022-68214;12/09/2022;8851.50;1947.33;10798.83
FT-2022-68266;21/01/2022;3160.57;695.33;3855.90
FT-2022-68275;06/07/2022;4720.01;1038.40;5758.41
FT-2022-68276;18/06/2022;1257.80;276.72;1534.52
FT-2022-68286;21/05/2022;2273.24;500.11;2773.35
FT-2022-68301;10/04/2022;8495.53;1869.02;10364.55
FT-2022-68341;30/03/2022;6419.88;1412.37;7832.25
FT-2022-68386;19/08/2022;5065.55;1114.42;6179.97
FT-2022-68388;05/06/2022;3010.65;662.34;3672.99
FT-2022-68389;06/03/2022;5492.86;1208.43;6701.29
FT-2022-68410;16/04/2022;2446.78;538.29;2985.07
FT-2022-68411;06/07/2022;2355.89;518.30;2874.19
FT-2022-68452;12/02/2022;7207.45;1585.64;8793.09
FT-2022-68483;25/03/2022;2176.85;478.91;2655.76
FT-2022-68541;01/05/2022;5952.96;1309.65;7262.61
FT-2022-68543;13/02/2022;7547.67;1660.49;9208.16
FT-2022-68567;31/03/2022;8007.17;1761.58;9768.75
FT-2022-68583;15/10/2022;6154.31;1353.95;7508.26
FT-2022-68618;10/10/2022;1232.60;271.17;1503.77
FT-2022-68619;30/08/2022;12741.45;2803.12;15544.57
FT-2022-68664;15/03/2022;6993.52;1538.57;8532.09
FT-2022-68682;05/07/2022;6014.55;1323.20;7337.75
FT-2022-68693;17/07/2022;6914.88;1521.27;8436.15
FT-2022-68699;31/05/2022;6259.75;1377.14;7636.89
FT-2022-68700;12/11/2022;4650.84;1023.18;5674.02
FT-2022-68732;27/10/2022;17789.12;3913.61;21702.73
FT-2022-68783;06/03/2022;4419.55;972.30;5391.85
FT-2022-68827;08/09/2022;5501.86;1210.41;6712.27
FT-2022-68835;29/11/2022;1977.45;435.04;2412.49
FT-2022-68854;16/11/2022;3482.51;766.15;4248.66
FT-2022-68873;08/06/2022;1653.79;363.83;2017.62
FT-2022-68874;25/02/2022;10072.92;2216.04;12288.96
FT-2022-68901;28/09/2022;4088.06;899.37;4987.43
FT-2022-68948;12/12/2022;9737.55;2142.26;11879.81
FT-2022-68982;01/08/2022;6988.00;1537.36;8525.36
FT-2022-69008;27/12/2022;4311.24;948.47;5259.71
FT-2022-69037;29/09/2022;3651.15;803.25;4454.40
FT-2022-69071;30/01/2022;7962.97;1751.85;9714.82
FT-2022-69188;23/05/2022;10857.21;2388.59;13245.80
FT-2022-69200;27/03/2022;12612.08;2774.66;15386.74
FT-2022-69211;28/04/2022;13300.62;2926.14;16226.76
FT-2022-69219;12/06/2022;7156.31;1574.39;8730.70
FT-2022-69241;21/12/2022;12803.14;2816.69;15619.83
FT-2022-69252;03/12/2022;11127.53;2448.06;13575.59
FT-2022-69289;23/09/2022;7913.26;1740.92;9654.18
FT-2022-69315;29/09/2022;4584.62;1008.62;5593.24
FT-2022-69343;15/11/2022;7844.53;1725.80;9570.33
FT-2022-69346;10/06/2022;7109.51;1564.09;8673.60
FT-2022-69371;03/08/2022;9319.17;2050.22;11369.39
FT-2022-69397;16/03/2022;14075.41;3096.59;17172.00
FT-2022-69422;20/03/2022;6091.23;1340.07;7431.30
FT-2022-69423;09/11/2022;707.59;155.67;863.26
FT-2022-69431;06/04/2022;7258.32;1596.83;8855.15
FT-2022-69541;12/11/2022;7923.59;1743.19;9666.78
FT-2022-69546;17/05/2022;8440.77;1856.97;10297.74
FT-2022-69571;09/09/2022;1568.37;345.04;1913.41
FT-2022-69586;11/10/2022;5193.48;1142.57;6336.05
FT-2022-69599;16/11/2022;2839.31;624.65;3463.96
FT-2022-69606;21/04/2022;2622.95;577.05;3200.00
FT-2022-69641;28/02/2022;6980.23;1535.65;8515.88
FT-2022-69729;11/08/2022;797.90;175.54;973.44
FT-2022-69750;05/07/2022;5332.68;1173.19;6505.87
FT-2022-69765;24/08/2022;3788.22;833.41;4621.63
FT-2022-69771;04/02/2022;3941.65;867.16;4808.81
FT-2022-69794;24/05/2022;6640.63;1460.94;8101.57
FT-2022-69810;08/10/2022;14214.09;3127.10;17341.19
FT-2022-69824;22/06/2022;2115.71;465.46;2581.17
FT-2022-69830;19/02/2022;3049.93;670.98;3720.91
FT-2022-69902;27/10/2022;8873.59;1952.19;10825.78
FT-2022-69987;19/03/2022;1058.12;232.79;1290.91
FT-2022-70035;17/10/2022;5427.83;1194.12;6621.95
FT-2022-70045;24/06/2022;6388.90;1405.56;7794.46
FT-2022-70086;24/05/2022;5491.45;1208.12;6699.57
FT-2022-70087;29/09/2022;3745.80;824.08;4569.88
FT-2022-70090;21/12/2022;3375.95;742.71;4118.66
FT-2022-70175;22/06/2022;7983.88;1756.45;9740.33
FT-2022-70192;12/07/2022;5135.66;1129.85;6265.51
FT-2022-70195;23/09/2022;4281.37;941.90;5223.27
FT-2022-70215;25/10/2022;12077.15;2656.97;14734.12
FT-2022-70235;12/04/2022;6481.63;1425.96;7907.59
FT-2022-70276;26/03/2022;6091.22;1340.07;7431.29
FT-2022-70319;14/05/2022;9150.01;2013.00;11163.01
FT-2022-70363;29/03/2022;2346.91;516.32;2863.23
FT-2022-70381;18/12/2022;7557.71;1662.70;9220.41
FT-2022-70437;24/01/2022;7153.14;1573.69;8726.83
FT-2022-70445;03/06/2022;2926.16;643.76;3569.92
FT-2022-70453;30/12/2022;5535.27;1217.76;6753.03
FT-2022-70464;03/07/2022;6335.66;1393.85;7729.51
FT-2022-70495;18/06/2022;6902.63;1518.58;8421.21
FT-2022-70517;27/09/2022;8544.71;1879.84;10424.55
FT-2022-70586;19/02/2022;9506.69;2091.47;11598.16
FT-2022-70589;13/07/2022;11269.24;2479.23;13748.47
FT-2022-70618;17/03/2022;14825.95;3261.71;18087.66
FT-2022-70628;10/08/2022;2765.73;608.46;3374.19
FT-2022-70663;16/06/2022;1403.35;308.74;1712.09
FT-2022-70712;24/07/2022;6442.39;1417.33;7859.72
FT-2022-70723;13/01/2022;12544.47;2759.78;15304.25
FT-2022-70731;23/10/2022;9862.01;2169.64;12031.65
FT-2022-70742;27/11/2022;3090.70;679.95;3770.65
FT-2022-70766;06/05/2022;12432.86;2735.23;15168.09
FT-2022-70806;11/03/2022;9578.85;2107.35;11686.20
FT-2022-70810;02/08/2022;5766.48;1268.63;7035.11
FT-2022-70811;09/08/2022;3678.67;809.31;4487.98
FT-2022-70813;28/04/2022;3199.94;703.99;3903.93
FT-2022-70828;22/07/2022;4175.69;918.65;5094.34
FT-2022-70835;20/03/2022;2539.64;558.72;3098.36
FT-2022-70884;12/12/2022;7028.56;1546.28;8574.84
FT-2022-70903;28/06/2022;5479.76;1205.55;6685.31
FT-2022-70904;19/07/2022;9720.48;2138.51;11858.99
FT-2022-70957;21/10/2022;2872.71;632.00;3504.71
FT-2022-70985;23/05/2022;4930.11;1084.62;6014.73
FT-2022-71017;21/01/2022;4145.81;912.08;5057.89
FT-2022-71058;05/04/2022;2602.00;572.44;3174.44
FT-2022-71076;02/03/2022;4275.04;940.51;5215.55
FT-2022-71081;09/12/2022;6447.73;1418.50;7866.23
FT-2022-71196;11/12/2022;12554.92;2762.08;15317.00
FT-2022-71200;20/05/2022;11829.81;2602.56;14432.37
FT-2022-71296;11/06/2022;5133.87;1129.45;6263.32
FT-2022-71305;29/06/2022;11173.28;2458.12;13631.40
FT-2022-71315;29/08/2022;10024.43;2205.37;12229.80
FT-2022-71340;05/07/2022;6550.66;1441.15;7991.81
FT-2022-71368;30/06/2022;7299.09;1605.80;8904.89
FT-2022-71370;27/06/2022;6284.76;1382.65;7667.41
FT-2022-71379;20/09/2022;14458.23;3180.81;17639.04
FT-2022-71385;28/08/2022;10573.57;2326.19;12899.76
FT-2022-71477;27/03/2022;11782.29;2592.10;14374.39
FT-2022-71512;22/08/2022;2387.70;525.29;2912.99
FT-2022-71516;12/03/2022;11715.41;2577.39;14292.80
FT-2022-71533;09/10/2022;9929.64;2184.52;12114.16
FT-2022-71594;22/03/2022;861.13;189.45;1050.58
FT-2022-71610;28/08/2022;12896.96;2837.33;15734.29
FT-2022-71632;20/04/2022;8866.38;1950.60;10816.98
FT-2022-71640;09/04/2022;12878.94;2833.37;15712.31
FT-2022-71723;17/05/2022;7395.16;1626.94;9022.10
FT-2022-71731;12/04/2022;2684.69;590.63;3275.32
FT-2022-71813;10/06/2022;1442.76;317.41;1760.17
FT-2022-71928;10/12/2022;9016.20;1983.56;10999.76
FT-2022-71972;16/09/2022;5721.66;1258.77;6980.43
FT-2022-72054;16/05/2022;7094.27;1560.74;8655.01
FT-2022-72067;05/03/2022;7341.69;1615.17;8956.86
FT-2022-72078;31/08/2022;9254.11;2035.90;11290.01
FT-2022-72087;25/12/2022;6484.06;1426.49;7910.55
FT-2022-72115;05/06/2022;10566.05;2324.53;12890.58
FT-2022-72143;01/04/2022;6743.12;1483.49;8226.61
FT-2022-72171;23/06/2022;7666.57;1686.65;9353.22
FT-2022-72182;10/09/2022;2897.28;637.40;3534.68
FT-2022-72193;25/05/2022;1454.42;319.97;1774.39
FT-2022-72199;20/05/2022;4127.03;907.95;5034.98
FT-2022-72213;19/09/2022;8562.01;1883.64;10445.65
FT-2022-72216;24/06/2022;3791.08;834.04;4625.12
FT-2022-72285;10/11/2022;9997.52;2199.45;12196.97
FT-2022-72312;16/08/2022;7941.98;1747.24;9689.22
FT-2022-72347;02/02/2022;4674.16;1028.32;5702.48
FT-2022-72355;01/12/2022;1535.94;337.91;1873.85
FT-2022-72357;06/09/2022;3350.62;737.14;4087.76
FT-2022-72397;28/04/2022;16447.09;3618.36;20065.45
FT-2022-72410;28/01/2022;5874.31;1292.35;7166.66
FT-2022-72498;06/07/2022;785.64;172.84;958.48
FT-2022-72502;10/11/2022;5076.55;1116.84;6193.39
FT-2022-72542;18/05/2022;3061.41;673.51;3734.92
FT-2022-72553;18/03/2022;8963.99;1972.08;10936.07
FT-2022-72584;18/05/2022;645.03;141.91;786.94
FT-2022-72694;13/01/2022;11334.36;2493.56;13827.92
FT-2022-72733;09/07/2022;769.47;169.28;938.75
FT-2022-72741;21/04/2022;5346.66;1176.27;6522.93
FT-2022-72752;14/12/2022;8852.59;1947.57;10800.16
FT-2022-72785;29/11/2022;6132.42;1349.13;7481.55
FT-2022-72787;31/08/2022;5816.79;1279.69;7096.48
FT-2022-72809;06/12/2022;9260.68;2037.35;11298.03
FT-2022-72840;12/10/2022;7791.31;1714.09;9505.40
FT-2022-72867;22/08/2022;2436.89;536.12;2973.01
FT-2022-72944;02/05/2022;6578.49;1447.27;8025.76
FT-2022-72994;02/07/2022;7180.02;1579.60;8759.62
FT-2022-73041;06/12/2022;10181.73;2239.98;12421.71
FT-2022-73042;13/04/2022;12972.03;2853.85;15825.88
FT-2022-73067;29/08/2022;10065.77;2214.47;12280.24
FT-2022-73147;21/05/2022;13819.20;3040.22;16859.42
FT-2022-73166;22/07/2022;5004.02;1100.88;6104.90
FT-2022-73201;27/08/2022;6580.35;1447.68;8028.03
FT-2022-73206;02/09/2022;4622.81;1017.02;5639.83
FT-2022-73286;27/03/2022;3923.83;863.24;4787.07
FT-2022-73321;27/01/2022;6310.93;1388.40;7699.33
FT-2022-73334;10/03/2022;8445.00;1857.90;10302.90
FT-2022-73337;20/04/2022;5539.46;1218.68;6758.14
FT-2022-73343;21/01/2022;2223.87;489.25;2713.12
FT-2022-73352;02/07/2022;8465.07;1862.32;10327.39
FT-2022-73366;11/07/2022;3761.93;827.62;4589.55
FT-2022-73460;25/12/2022;3144.47;691.78;3836.25
FT-2022-73479;28/11/2022;5975.16;1314.54;7289.70
FT-2022-73494;15/02/2022;1973.38;434.14;2407.52
FT-2022-73508;25/06/2022;12714.34;2797.15;15511.49
FT-2022-73512;19/02/2022;10756.46;2366.42;13122.88
FT-2022-73513;02/12/2022;1520.39;334.49;1854.88
FT-2022-73552;21/07/2022;12061.73;2653.58;14715.31
FT-2022-73565;11/02/2022;2278.21;501.21;2779.42
FT-2022-73578;30/06/2022;1833.81;403.44;2237.25
FT-2022-73597;18/06/2022;2259.80;497.16;2756.96
FT-2022-73600;01/07/2022;14800.27;3256.06;18056.33
FT-2022-73637;01/04/2022;3671.73;807.78;4479.51
FT-2022-73654;31/08/2022;5698.36;1253.64;6952.00
FT-2022-73698;13/03/2022;3594.41;790.77;4385.18
FT-2022-73703;30/11/2022;3608.15;793.79;4401.94
FT-2022-73772;23/04/2022;8396.84;1847.30;10244.14
FT-2022-73794;03/09/2022;16846.20;3706.16;20552.36
FT-2022-73800;07/11/2022;8254.56;1816.00;10070.56
FT-2022-73802;03/04/2022;901.67;198.37;1100.04
FT-2022-73852;04/09/2022;11972.07;2633.86;14605.93
FT-2022-73901;10/05/2022;8631.65;1898.96;10530.61
FT-2022-73916;19/09/2022;3039.47;668.68;3708.15
FT-2022-73931;30/11/2022;15252.10;3355.46;18607.56
FT-2022-73932;03/07/2022;1532.48;337.15;1869.63
FT-2022-73949;28/06/2022;13287.05;2923.15;16210.20
FT-2022-73953;26/07/2022;4478.06;985.17;5463.23
FT-2022-73962;02/03/2022;6609.49;1454.09;8063.58
FT-2022-73973;15/03/2022;11093.54;2440.58;13534.12
FT-2022-73998;14/12/2022;13368.51;2941.07;16309.58
FT-2022-74006;31/03/2022;2515.93;553.50;3069.43
FT-2022-74071;21/03/2022;8843.53;1945.58;10789.11
FT-2022-74105;28/12/2022;3483.95;766.47;4250.42
FT-2022-74192;21/02/2022;7398.71;1627.72;9026.43
FT-2022-74219;01/06/2022;2971.11;653.64;3624.75
FT-2022-74252;06/01/2022;3588.37;789.44;4377.81
FT-2022-74277;27/06/2022;6224.13;1369.31;7593.44
FT-2022-74318;22/11/2022;8994.77;1978.85;10973.62
FT-2022-74347;11/04/2022;13417.89;2951.94;16369.83
FT-2022-74358;11/12/2022;7427.24;1633.99;9061.23
FT-2022-74368;12/05/2022;6998.58;1539.69;8538.27
FT-2022-74406;12/12/2022;2322.44;510.94;2833.38
FT-2022-74545;22/11/2022;2845.11;625.92;3471.03
FT-2022-74579;22/02/2022;8023.42;1765.15;9788.57
FT-2022-74599;31/03/2022;1811.34;398.49;2209.83
FT-2022-74612;15/07/2022;3874.65;852.42;4727.07
FT-2022-74642;13/09/2022;13502.75;2970.61;16473.36
FT-2022-74660;22/07/2022;9799.93;2155.98;11955.91
FT-2022-74673;21/02/2022;13262.40;2917.73;16180.13
FT-2022-74700;03/05/2022;2571.83;565.80;3137.63
FT-2022-74712;25/07/2022;5798.70;1275.71;7074.41
FT-2022-74741;13/04/2022;5343.04;1175.47;6518.51
FT-2022-74751;14/09/2022;13910.82;3060.38;16971.20
FT-2022-74758;14/02/2022;5209.07;1146.00;6355.07
FT-2022-74786;30/11/2022;3776.50;830.83;4607.33
FT-2022-74812;02/01/2023;3927.95;864.15;4792.10
FT-2022-74827;03/05/2022;6901.32;1518.29;8419.61
FT-2022-74828;16/12/2022;6731.27;1480.88;8212.15
FT-2022-74829;02/06/2022;3741.45;823.12;4564.57
FT-2022-74839;07/09/2022;9424.40;2073.37;11497.77
FT-2022-74848;25/02/2022;6194.50;1362.79;7557.29
FT-2022-74851;07/03/2022;5027.67;1106.09;6133.76
FT-2022-74883;03/05/2022;4579.52;1007.49;5587.01
FT-2022-74900;06/01/2023;11747.20;2584.38;14331.58
FT-2022-74932;18/07/2022;9152.19;2013.48;11165.67
FT-2022-74952;04/04/2022;7315.33;1609.37;8924.70
FT-2022-74959;01/10/2022;10273.22;2260.11;12533.33
FT-2022-74992;25/12/2022;13950.29;3069.06;17019.35
FT-2022-75008;30/03/2022;5540.53;1218.92;6759.45
FT-2022-75029;15/10/2022;4297.35;945.42;5242.77
FT-2022-75063;30/05/2022;5490.81;1207.98;6698.79
FT-2022-75078;05/10/2022;12102.35;2662.52;14764.87
FT-2022-75093;31/10/2022;3428.35;754.24;4182.59
FT-2022-75117;16/11/2022;3853.87;847.85;4701.72
FT-2022-75150;27/09/2022;2872.79;632.01;3504.80
FT-2022-75156;12/10/2022;9215.86;2027.49;11243.35
FT-2022-75161;04/12/2022;8097.82;1781.52;9879.34
FT-2022-75166;04/02/2022;4482.64;986.18;5468.82
FT-2022-75167;16/10/2022;9622.95;2117.05;11740.00
FT-2022-75179;07/07/2022;1875.42;412.59;2288.01
FT-2022-75198;24/07/2022;1206.09;265.34;1471.43
FT-2022-75253;19/07/2022;12746.88;2804.31;15551.19
FT-2022-75302;28/03/2022;6521.59;1434.75;7956.34
FT-2022-75303;10/04/2022;1036.83;228.10;1264.93
FT-2022-75308;05/01/2023;11572.83;2546.02;14118.85
FT-2022-75387;28/10/2022;2291.14;504.05;2795.19
FT-2022-75448;27/04/2022;11152.55;2453.56;13606.11
FT-2022-75462;09/04/2022;4139.43;910.67;5050.10
FT-2022-75475;08/03/2022;9087.48;1999.25;11086.73
FT-2022-75518;21/07/2022;1806.60;397.45;2204.05
FT-2022-75532;29/01/2022;13008.50;2861.87;15870.37
FT-2022-75564;12/02/2022;4456.93;980.52;5437.45
FT-2022-75589;31/05/2022;2587.87;569.33;3157.20
FT-2022-75593;14/01/2022;10162.34;2235.71;12398.05
FT-2022-75614;09/06/2022;815.36;179.38;994.74
FT-2022-75616;25/03/2022;348.89;76.76;425.65
FT-2022-75683;11/07/2022;4539.76;998.75;5538.51
FT-2022-75714;19/05/2022;6869.40;1511.27;8380.67
FT-2022-75723;09/07/2022;2373.09;522.08;2895.17
FT-2022-75739;19/07/2022;8594.80;1890.86;10485.66
FT-2022-75764;15/02/2022;8660.97;1905.41;10566.38
FT-2022-75775;04/03/2022;13169.31;2897.25;16066.56
FT-2022-75778;07/02/2022;5705.72;1255.26;6960.98
FT-2022-75845;10/10/2022;2044.35;449.76;2494.11
FT-2022-75869;04/06/2022;8626.38;1897.80;10524.18
FT-2022-75876;27/11/2022;2196.65;483.26;2679.91
FT-2022-75908;13/02/2022;3062.04;673.65;3735.69
FT-2022-76010;01/12/2022;10021.22;2204.67;12225.89
FT-2022-76057;22/07/2022;3053.56;671.78;3725.34
FT-2022-76119;21/06/2022;3958.02;870.76;4828.78
FT-2022-76179;15/02/2022;8430.83;1854.78;10285.61
FT-2022-76191;14/12/2022;7383.79;1624.43;9008.22
FT-2022-76204;21/07/2022;6832.21;1503.09;8335.30
FT-2022-76255;11/09/2022;4158.76;914.93;5073.69
FT-2022-76261;30/07/2022;6921.07;1522.64;8443.71
FT-2022-76297;24/06/2022;7351.91;1617.42;8969.33
FT-2022-76347;18/02/2022;1812.85;398.83;2211.68
FT-2022-76408;13/03/2022;7784.96;1712.69;9497.65
FT-2022-76409;09/10/2022;8745.12;1923.93;10669.05
FT-2022-76441;27/09/2022;6226.56;1369.84;7596.40
FT-2022-76487;31/05/2022;3789.94;833.79;4623.73
FT-2022-76514;03/12/2022;4745.54;1044.02;5789.56
FT-2022-76552;21/11/2022;5326.26;1171.78;6498.04
FT-2022-76563;25/03/2022;4251.15;935.25;5186.40
FT-2022-76642;09/06/2022;5872.86;1292.03;7164.89
FT-2022-76643;12/01/2022;573.11;126.08;699.19
FT-2022-76664;18/07/2022;8700.23;1914.05;10614.28
FT-2022-76667;16/01/2022;9201.72;2024.38;11226.10
FT-2022-76697;16/11/2022;4699.91;1033.98;5733.89
FT-2022-76705;20/08/2022;9814.98;2159.30;11974.28
FT-2022-76728;26/01/2022;1803.87;396.85;2200.72
FT-2022-76735;12/08/2022;5640.38;1240.88;6881.26
FT-2022-76748;08/11/2022;7081.24;1557.87;8639.11
FT-2022-76766;18/05/2022;5215.59;1147.43;6363.02
FT-2022-76797;19/08/2022;12033.61;2647.39;14681.00
FT-2022-76839;08/02/2022;5264.43;1158.17;6422.60
FT-2022-76861;04/07/2022;3791.56;834.14;4625.70
FT-2022-76866;23/09/2022;9393.77;2066.63;11460.40
FT-2022-76881;25/09/2022;2368.41;521.05;2889.46
FT-2022-76894;22/05/2022;4556.81;1002.50;5559.31
FT-2022-76919;21/06/2022;2568.64;565.10;3133.74
FT-2022-76952;19/07/2022;9752.87;2145.63;11898.50
FT-2022-76957;29/07/2022;1821.94;400.83;2222.77
FT-2022-76963;21/08/2022;1378.58;303.29;1681.87
FT-2022-76973;14/11/2022;13271.74;2919.78;16191.52
FT-2022-76979;04/08/2022;9108.38;2003.84;11112.22
FT-2022-77004;20/04/2022;6657.57;1464.67;8122.24
FT-2022-77033;12/11/2022;1434.42;315.57;1749.99
FT-2022-77110;13/06/2022;13245.18;2913.94;16159.12
FT-2022-77190;17/04/2022;4176.28;918.78;5095.06
FT-2022-77195;19/03/2022;11867.44;2610.84;14478.28
FT-2022-77217;12/06/2022;7062.82;1553.82;8616.64
FT-2022-77225;25/10/2022;2894.61;636.81;3531.42
FT-2022-77239;29/10/2022;8341.08;1835.04;10176.12
FT-2022-77245;28/08/2022;3151.27;693.28;3844.55
FT-2022-77290;06/06/2022;5527.74;1216.10;6743.84
FT-2022-77324;04/03/2022;7991.72;1758.18;9749.90
FT-2022-77353;02/03/2022;9902.47;2178.54;12081.01
FT-2022-77360;07/08/2022;1023.12;225.09;1248.21
FT-2022-77374;24/05/2022;2742.87;603.43;3346.30
FT-2022-77387;09/01/2022;12244.70;2693.83;14938.53
FT-2022-77428;02/02/2022;5604.81;1233.06;6837.87
FT-2022-77566;03/10/2022;3918.22;862.01;4780.23
FT-2022-77568;29/11/2022;8319.17;1830.22;10149.39
FT-2022-77773;18/08/2022;6120.02;1346.40;7466.42
FT-2022-77775;05/04/2022;11308.19;2487.80;13795.99
FT-2022-77793;21/05/2022;7245.69;1594.05;8839.74
FT-2022-77817;26/07/2022;7373.66;1622.21;8995.87
FT-2022-77837;24/11/2022;10868.70;2391.11;13259.81
FT-2022-77842;09/10/2022;6551.16;1441.26;7992.42
FT-2022-77847;02/07/2022;6087.22;1339.19;7426.41
FT-2022-77850;03/08/2022;14121.49;3106.73;17228.22
FT-2022-77851;01/10/2022;7792.37;1714.32;9506.69
FT-2022-77866;02/08/2022;5894.03;1296.69;7190.72
FT-2022-77909;11/02/2022;5715.57;1257.43;6973.00
FT-2022-77969;21/04/2022;11471.52;2523.73;13995.25
FT-2022-77984;13/08/2022;7194.94;1582.89;8777.83
FT-2022-78142;05/06/2022;6399.80;1407.96;7807.76
FT-2022-78158;29/08/2022;2305.68;507.25;2812.93
FT-2022-78180;10/05/2022;3116.49;685.63;3802.12
FT-2022-78193;04/10/2022;1478.99;325.38;1804.37
FT-2022-78242;26/07/2022;10356.34;2278.39;12634.73
FT-2022-78256;22/11/2022;6360.44;1399.30;7759.74
FT-2022-78267;02/09/2022;2475.14;544.53;3019.67
FT-2022-78301;25/09/2022;13458.42;2960.85;16419.27
FT-2022-78388;01/07/2022;5079.50;1117.49;6196.99
FT-2022-78409;31/10/2022;1920.63;422.54;2343.17
FT-2022-78410;13/06/2022;13189.54;2901.70;16091.24
FT-2022-78441;22/11/2022;4388.01;965.36;5353.37
FT-2022-78451;22/07/2022;9247.82;2034.52;11282.34
FT-2022-78461;16/02/2022;4358.02;958.76;5316.78
FT-2022-78471;23/04/2022;2441.86;537.21;2979.07
FT-2022-78474;16/06/2022;6792.47;1494.34;8286.81
FT-2022-78481;29/10/2022;9926.68;2183.87;12110.55
FT-2022-78482;17/02/2022;5114.70;1125.23;6239.93
FT-2022-78483;04/03/2022;824.61;181.41;1006.02
FT-2022-78489;06/07/2022;6425.19;1413.54;7838.73
FT-2022-78520;03/06/2022;6690.58;1471.93;8162.51
FT-2022-78521;18/03/2022;11390.58;2505.93;13896.51
FT-2022-78574;20/11/2022;11570.52;2545.51;14116.03
FT-2022-78610;15/09/2022;5323.72;1171.22;6494.94
FT-2022-78673;25/06/2022;4472.75;984.00;5456.75
FT-2022-78811;19/04/2022;4740.37;1042.88;5783.25
FT-2022-78815;20/05/2022;6090.30;1339.87;7430.17
FT-2022-78822;28/07/2022;1274.72;280.44;1555.16
FT-2022-78910;22/06/2022;3460.48;761.31;4221.79
FT-2022-78913;13/05/2022;4574.28;1006.34;5580.62
FT-2022-78914;28/08/2022;2717.83;597.92;3315.75
FT-2022-78933;22/04/2022;3644.93;801.88;4446.81
FT-2022-78944;01/04/2022;1452.87;319.63;1772.50
FT-2022-79025;31/07/2022;3828.00;842.16;4670.16
FT-2022-79030;20/06/2022;2647.27;582.40;3229.67
FT-2022-79073;07/02/2022;7646.28;1682.18;9328.46
FT-2022-79144;13/12/2022;8258.76;1816.93;10075.69
FT-2022-79162;14/06/2022;5502.59;1210.57;6713.16
FT-2022-79181;19/01/2022;12053.35;2651.74;14705.09
FT-2022-79182;04/07/2022;2840.47;624.90;3465.37
FT-2022-79232;08/01/2023;5809.98;1278.20;7088.18
FT-2022-79251;11/01/2022;5018.23;1104.01;6122.24
FT-2022-79260;30/10/2022;1103.95;242.87;1346.82
FT-2022-79263;31/08/2022;9288.27;2043.42;11331.69
FT-2022-79311;04/11/2022;4462.12;981.67;5443.79
FT-2022-79320;25/01/2022;1791.35;394.10;2185.45
FT-2022-79329;23/12/2022;1986.89;437.12;2424.01
FT-2022-79355;03/12/2022;5723.65;1259.20;6982.85
FT-2022-79435;01/04/2022;8210.41;1806.29;10016.70
FT-2022-79458;07/09/2022;11685.11;2570.72;14255.83
FT-2022-79549;12/06/2022;2848.16;626.60;3474.76
FT-2022-79554;01/11/2022;13266.17;2918.56;16184.73
FT-2022-79589;23/07/2022;8987.96;1977.35;10965.31
FT-2022-79623;22/05/2022;5221.08;1148.64;6369.72
FT-2022-79643;10/06/2022;8082.44;1778.14;9860.58
FT-2022-79663;28/02/2022;2478.33;545.23;3023.56
FT-2022-79675;14/11/2022;5113.40;1124.95;6238.35
FT-2022-79697;16/07/2022;8803.63;1936.80;10740.43
FT-2022-79698;26/09/2022;5264.70;1158.23;6422.93
FT-2022-79724;06/10/2022;1034.50;227.59;1262.09
FT-2022-79767;08/05/2022;874.93;192.48;1067.41
FT-2022-79794;25/10/2022;2988.05;657.37;3645.42
FT-2022-79816;24/12/2022;4318.43;950.05;5268.48
FT-2022-79829;12/12/2022;4476.83;984.90;5461.73
FT-2022-79862;09/03/2022;5222.39;1148.93;6371.32
FT-2022-79888;17/10/2022;773.45;170.16;943.61
FT-2022-79891;16/10/2022;2566.57;564.65;3131.22
FT-2022-79916;03/06/2022;8979.26;1975.44;10954.70
FT-2022-79928;23/06/2022;5409.30;1190.05;6599.35
FT-2022-79942;29/10/2022;10959.16;2411.02;13370.18
FT-2022-79957;26/02/2022;10936.82;2406.10;13342.92
FT-2022-80052;24/05/2022;1546.94;340.33;1887.27
FT-2022-80062;14/10/2022;11984.04;2636.49;14620.53
FT-2022-80076;28/11/2022;6446.41;1418.21;7864.62
FT-2022-80084;20/11/2022;3023.36;665.14;3688.50
FT-2022-80086;03/07/2022;3492.93;768.44;4261.37
FT-2022-80104;23/07/2022;9377.77;2063.11;11440.88
FT-2022-80172;16/10/2022;18523.10;4075.08;22598.18
FT-2022-80187;06/04/2022;9132.04;2009.05;11141.09
FT-2022-80212;22/04/2022;9709.52;2136.09;11845.61
FT-2022-80220;25/02/2022;10770.26;2369.46;13139.72
FT-2022-80221;13/07/2022;4111.65;904.56;5016.21
FT-2022-80227;04/10/2022;2152.94;473.65;2626.59
FT-2022-80368;07/03/2022;5513.67;1213.01;6726.68
FT-2022-80426;04/11/2022;3254.97;716.09;3971.06
FT-2022-80511;27/11/2022;580.57;127.73;708.30
FT-2022-80532;03/11/2022;7698.40;1693.65;9392.05
FT-2022-80543;21/09/2022;5864.08;1290.10;7154.18
FT-2022-80568;05/03/2022;10743.03;2363.47;13106.50
FT-2022-80600;06/07/2022;1290.63;283.94;1574.57
FT-2022-80617;26/01/2022;3517.39;773.83;4291.22
FT-2022-80653;24/08/2022;4094.20;900.72;4994.92
FT-2022-80664;29/04/2022;2981.49;655.93;3637.42
FT-2022-80669;11/09/2022;5912.39;1300.73;7213.12
FT-2022-80672;01/06/2022;10922.93;2403.04;13325.97
FT-2022-80740;03/07/2022;6821.81;1500.80;8322.61
FT-2022-80753;26/12/2022;3787.84;833.32;4621.16
FT-2022-80775;23/04/2022;3638.19;800.40;4438.59
FT-2022-80779;10/01/2022;8968.42;1973.05;10941.47
FT-2022-80806;30/10/2022;4170.10;917.42;5087.52
FT-2022-80873;04/06/2022;8627.33;1898.01;10525.34
FT-2022-80874;04/06/2022;7193.22;1582.51;8775.73
FT-2022-80888;31/08/2022;5764.25;1268.13;7032.38
FT-2022-80911;04/01/2022;10025.96;2205.71;12231.67
FT-2022-80932;14/02/2022;5083.75;1118.42;6202.17
FT-2022-80940;17/04/2022;5254.28;1155.94;6410.22
FT-2022-80963;24/12/2022;5054.09;1111.90;6165.99
FT-2022-81005;21/03/2022;2131.99;469.04;2601.03
FT-2022-81042;11/12/2022;10346.36;2276.20;12622.56
FT-2022-81043;19/03/2022;11946.40;2628.21;14574.61
FT-2022-81076;17/03/2022;8562.01;1883.64;10445.65
FT-2022-81109;22/02/2022;12999.60;2859.91;15859.51
FT-2022-81110;10/04/2022;9617.65;2115.88;11733.53
FT-2022-81111;24/01/2022;9358.73;2058.92;11417.65
FT-2022-81130;18/05/2022;2883.59;634.39;3517.98
FT-2022-81186;21/04/2022;8865.18;1950.34;10815.52
FT-2022-81207;25/03/2022;3513.18;772.90;4286.08
FT-2022-81212;09/04/2022;5127.99;1128.16;6256.15
FT-2022-81233;08/01/2023;13302.65;2926.58;16229.23
FT-2022-81234;22/02/2022;10971.82;2413.80;13385.62
FT-2022-81297;24/05/2022;2412.06;530.65;2942.71
FT-2022-81374;06/08/2022;1065.48;234.41;1299.89
FT-2022-81398;09/01/2022;1994.63;438.82;2433.45
FT-2022-81401;14/08/2022;1210.69;266.35;1477.04
FT-2022-81408;04/06/2022;3343.65;735.60;4079.25
FT-2022-81415;02/07/2022;9048.64;1990.70;11039.34
FT-2022-81416;16/06/2022;11576.92;2546.92;14123.84
FT-2022-81452;30/10/2022;1958.80;430.94;2389.74
FT-2022-81481;26/02/2022;7596.43;1671.21;9267.64
FT-2022-81530;23/12/2022;6319.63;1390.32;7709.95
FT-2022-81547;13/10/2022;9080.14;1997.63;11077.77
FT-2022-81566;13/10/2022;3901.36;858.30;4759.66
FT-2022-81574;18/03/2022;6005.09;1321.12;7326.21
FT-2022-81584;06/02/2022;12470.13;2743.43;15213.56
FT-2022-81611;01/12/2022;2224.18;489.32;2713.50
FT-2022-81616;24/06/2022;8516.22;1873.57;10389.79
FT-2022-81621;09/06/2022;5394.72;1186.84;6581.56
FT-2022-81664;13/12/2022;1465.26;322.36;1787.62
FT-2022-81665;15/02/2022;1626.84;357.90;1984.74
FT-2022-81684;03/02/2022;12873.05;2832.07;15705.12
FT-2022-81720;16/08/2022;10879.02;2393.38;13272.40
FT-2022-81837;15/12/2022;3332.84;733.22;4066.06
FT-2022-81853;31/01/2022;5071.43;1115.71;6187.14
FT-2022-81869;03/09/2022;11662.74;2565.80;14228.54
FT-2022-81891;05/04/2022;6935.16;1525.74;8460.90
FT-2022-81909;21/07/2022;12675.32;2788.57;15463.89
FT-2022-81954;24/04/2022;5768.91;1269.16;7038.07
FT-2022-81970;05/02/2022;6096.19;1341.16;7437.35
FT-2022-81983;30/11/2022;8021.64;1764.76;9786.40
FT-2022-81988;12/01/2022;5288.83;1163.54;6452.37
FT-2022-81997;13/12/2022;3573.53;786.18;4359.71
FT-2022-82041;14/03/2022;3145.19;691.94;3837.13
FT-2022-82087;25/05/2022;10953.05;2409.67;13362.72
FT-2022-82109;08/04/2022;210.56;46.32;256.88
FT-2022-82122;16/06/2022;6333.54;1393.38;7726.92
FT-2022-82137;03/07/2022;6058.22;1332.81;7391.03
FT-2022-82149;25/06/2022;12990.05;2857.81;15847.86
FT-2022-82168;25/12/2022;6477.33;1425.01;7902.34
FT-2022-82170;05/04/2022;8633.84;1899.44;10533.28
FT-2022-82183;22/05/2022;10929.45;2404.48;13333.93
FT-2022-82193;29/05/2022;4644.29;1021.74;5666.03
FT-2022-82248;10/10/2022;5549.43;1220.87;6770.30
FT-2022-82290;03/03/2022;13074.11;2876.30;15950.41
FT-2022-82310;23/11/2022;4946.39;1088.21;6034.60
FT-2022-82431;15/02/2022;6720.79;1478.57;8199.36
FT-2022-82463;19/06/2022;5673.25;1248.12;6921.37
FT-2022-82467;17/04/2022;7193.88;1582.65;8776.53
FT-2022-82534;27/07/2022;12604.33;2772.95;15377.28
FT-2022-82548;01/09/2022;2734.32;601.55;3335.87
FT-2022-82554;28/04/2022;1091.52;240.13;1331.65
FT-2022-82555;06/04/2022;3710.90;816.40;4527.30
FT-2022-82586;08/11/2022;13375.10;2942.52;16317.62
FT-2022-82611;20/04/2022;5896.33;1297.19;7193.52
FT-2022-82629;18/04/2022;2038.37;448.44;2486.81
FT-2022-82707;01/07/2022;5541.35;1219.10;6760.45
FT-2022-82729;06/04/2022;7300.10;1606.02;8906.12
FT-2022-82791;10/05/2022;4837.58;1064.27;5901.85
FT-2022-82857;02/07/2022;5181.39;1139.91;6321.30
FT-2022-82876;20/12/2022;7771.86;1709.81;9481.67
FT-2022-82890;23/09/2022;9141.23;2011.07;11152.30
FT-2022-82893;28/12/2022;12402.54;2728.56;15131.10
FT-2022-82948;13/12/2022;6242.17;1373.28;7615.45
FT-2022-82964;29/08/2022;4235.70;931.85;5167.55
FT-2022-83005;23/10/2022;13917.17;3061.78;16978.95
FT-2022-83061;04/10/2022;2468.83;543.14;3011.97
FT-2022-83066;08/12/2022;8384.92;1844.68;10229.60
FT-2022-83132;28/06/2022;9220.80;2028.58;11249.38
FT-2022-83188;03/02/2022;8113.58;1784.99;9898.57
FT-2022-83218;04/12/2022;8401.96;1848.43;10250.39
FT-2022-83281;04/02/2022;14586.20;3208.96;17795.16
FT-2022-83290;24/05/2022;3113.24;684.91;3798.15
FT-2022-83307;20/08/2022;4566.90;1004.72;5571.62
FT-2022-83345;15/08/2022;2582.76;568.21;3150.97
FT-2022-83385;26/11/2022;6115.89;1345.50;7461.39
FT-2022-83397;21/12/2022;4482.94;986.25;5469.19
FT-2022-83441;27/04/2022;8299.78;1825.95;10125.73
FT-2022-83445;03/11/2022;3610.53;794.32;4404.85
FT-2022-83461;06/02/2022;3701.16;814.26;4515.42
FT-2022-83465;14/02/2022;2597.02;571.34;3168.36
FT-2022-83469;27/03/2022;8485.60;1866.83;10352.43
FT-2022-83475;01/08/2022;730.23;160.65;890.88
FT-2022-83504;07/10/2022;5278.90;1161.36;6440.26
FT-2022-83505;22/09/2022;6099.54;1341.90;7441.44
FT-2022-83507;15/01/2022;8119.90;1786.38;9906.28
FT-2022-83594;18/07/2022;6757.56;1486.66;8244.22
FT-2022-83596;11/12/2022;7267.58;1598.87;8866.45
FT-2022-83602;19/08/2022;12199.09;2683.80;14882.89
FT-2022-83617;12/07/2022;1794.84;394.86;2189.70
FT-2022-83654;24/09/2022;7507.26;1651.60;9158.86
FT-2022-83696;13/01/2022;2751.04;605.23;3356.27
FT-2022-83717;23/02/2022;6752.15;1485.47;8237.62
FT-2022-83774;07/03/2022;6984.31;1536.55;8520.86
FT-2022-83784;11/07/2022;6689.74;1471.74;8161.48
FT-2022-83824;05/01/2023;9188.42;2021.45;11209.87
FT-2022-83880;25/02/2022;10742.43;2363.33;13105.76
FT-2022-83881;26/03/2022;6943.41;1527.55;8470.96
FT-2022-83888;20/06/2022;5014.35;1103.16;6117.51
FT-2022-83896;26/09/2022;2616.19;575.56;3191.75
FT-2022-83943;27/02/2022;3661.83;805.60;4467.43
FT-2022-83965;16/07/2022;2164.39;476.17;2640.56
FT-2022-83983;30/07/2022;6035.72;1327.86;7363.58
FT-2022-83988;29/12/2022;6196.32;1363.19;7559.51
FT-2022-83994;24/09/2022;1753.14;385.69;2138.83
FT-2022-84026;30/09/2022;6085.95;1338.91;7424.86
FT-2022-84059;24/11/2022;8200.51;1804.11;10004.62
FT-2022-84078;05/08/2022;3165.93;696.50;3862.43
FT-2022-84136;26/10/2022;2805.49;617.21;3422.70
FT-2022-84151;10/09/2022;3134.53;689.60;3824.13
FT-2022-84179;08/07/2022;1324.79;291.45;1616.24
FT-2022-84182;14/04/2022;1858.02;408.76;2266.78
FT-2022-84187;23/05/2022;1497.46;329.44;1826.90
FT-2022-84190;05/10/2022;1149.33;252.85;1402.18
FT-2022-84262;28/01/2022;17528.83;3856.34;21385.17
FT-2022-84279;23/07/2022;711.73;156.58;868.31
FT-2022-84308;04/11/2022;12404.93;2729.08;15134.01
FT-2022-84313;22/10/2022;6805.74;1497.26;8303.00
FT-2022-84343;25/01/2022;4236.70;932.07;5168.77
FT-2022-84360;12/10/2022;4749.83;1044.96;5794.79
FT-2022-84379;17/02/2022;1258.30;276.83;1535.13
FT-2022-84391;09/09/2022;4355.07;958.12;5313.19
FT-2022-84444;09/06/2022;13967.06;3072.75;17039.81
FT-2022-84464;29/06/2022;11377.05;2502.95;13880.00
FT-2022-84466;07/01/2022;6068.82;1335.14;7403.96
FT-2022-84524;17/10/2022;10610.17;2334.24;12944.41
FT-2022-84555;24/01/2022;8165.83;1796.48;9962.31
FT-2022-84580;14/12/2022;11919.49;2622.29;14541.78
FT-2022-84620;03/09/2022;2001.56;440.34;2441.90
FT-2022-84675;17/11/2022;3358.78;738.93;4097.71
FT-2022-84702;20/06/2022;5598.85;1231.75;6830.60
FT-2022-84753;22/04/2022;2439.22;536.63;2975.85
FT-2022-84760;03/06/2022;10503.24;2310.71;12813.95
FT-2022-84766;20/03/2022;7612.90;1674.84;9287.74
FT-2022-84772;29/11/2022;799.44;175.88;975.32
FT-2022-84837;04/03/2022;14371.80;3161.80;17533.60
FT-2022-84847;02/01/2023;3934.19;865.52;4799.71
FT-2022-84855;21/05/2022;7080.36;1557.68;8638.04
FT-2022-84858;21/09/2022;7013.65;1543.00;8556.65
FT-2022-84876;13/04/2022;5814.85;1279.27;7094.12
FT-2022-84929;08/01/2022;12773.05;2810.07;15583.12
FT-2022-84948;24/02/2022;4333.92;953.46;5287.38
FT-2022-84971;28/08/2022;3948.25;868.62;4816.87
FT-2022-84995;20/12/2022;10184.03;2240.49;12424.52
FT-2022-85019;30/07/2022;2267.45;498.84;2766.29
FT-2022-85043;14/12/2022;4393.22;966.51;5359.73
FT-2022-85071;08/03/2022;10066.41;2214.61;12281.02
FT-2022-85116;24/05/2022;10840.64;2384.94;13225.58
FT-2022-85164;29/11/2022;6843.57;1505.59;8349.16
FT-2022-85176;06/10/2022;3069.24;675.23;3744.47
FT-2022-85177;03/05/2022;5024.05;1105.29;6129.34
FT-2022-85227;19/12/2022;1247.48;274.45;1521.93
FT-2022-85245;09/05/2022;4970.56;1093.52;6064.08
FT-2022-85318;31/01/2022;9747.80;2144.52;11892.32
FT-2022-85325;20/02/2022;1500.25;330.06;1830.31
FT-2022-85355;14/07/2022;8973.82;1974.24;10948.06
FT-2022-85363;30/05/2022;2974.29;654.34;3628.63
FT-2022-85384;31/10/2022;3955.95;870.31;4826.26
FT-2022-85452;11/03/2022;7000.39;1540.09;8540.48
FT-2022-85455;26/12/2022;1644.72;361.84;2006.56
FT-2022-85470;16/04/2022;4051.16;891.26;4942.42
FT-2022-85491;10/10/2022;8798.32;1935.63;10733.95
FT-2022-85493;29/09/2022;3394.05;746.69;4140.74
FT-2022-85498;20/05/2022;13191.46;2902.12;16093.58
FT-2022-85586;13/07/2022;3150.92;693.20;3844.12
FT-2022-85690;14/05/2022;2962.67;651.79;3614.46
FT-2022-85705;26/01/2022;15651.75;3443.39;19095.14
FT-2022-85772;27/03/2022;15101.97;3322.43;18424.40
FT-2022-85786;21/09/2022;3365.35;740.38;4105.73
FT-2022-85875;03/06/2022;3530.14;776.63;4306.77
FT-2022-85933;06/12/2022;10389.66;2285.73;12675.39
FT-2022-85938;18/07/2022;3710.86;816.39;4527.25
FT-2022-85950;15/07/2022;7766.60;1708.65;9475.25
FT-2022-85965;19/09/2022;2494.23;548.73;3042.96
FT-2022-85985;13/12/2022;8660.78;1905.37;10566.15
FT-2022-86032;10/12/2022;8876.44;1952.82;10829.26
FT-2022-86135;05/07/2022;2353.79;517.83;2871.62
FT-2022-86157;01/10/2022;11298.58;2485.69;13784.27
FT-2022-86162;21/12/2022;1422.05;312.85;1734.90
FT-2022-86177;20/08/2022;7736.50;1702.03;9438.53
FT-2022-86211;13/06/2022;7596.22;1671.17;9267.39
FT-2022-86244;17/12/2022;2933.52;645.37;3578.89
FT-2022-86260;11/12/2022;13054.55;2872.00;15926.55
FT-2022-86286;20/04/2022;1735.23;381.75;2116.98
FT-2022-86297;13/03/2022;510.43;112.29;622.72
FT-2022-86306;12/04/2022;6251.09;1375.24;7626.33
FT-2022-86313;09/06/2022;3040.88;668.99;3709.87
FT-2022-86402;06/01/2023;7127.55;1568.06;8695.61
FT-2022-86465;18/09/2022;8323.05;1831.07;10154.12
FT-2022-86500;19/12/2022;8469.35;1863.26;10332.61
FT-2022-86545;16/05/2022;6525.47;1435.60;7961.07
FT-2022-86561;04/11/2022;479.90;105.58;585.48
FT-2022-86638;25/06/2022;1619.56;356.30;1975.86
FT-2022-86696;14/11/2022;15746.97;3464.33;19211.30
FT-2022-86709;09/08/2022;5023.39;1105.15;6128.54
FT-2022-86731;15/10/2022;6363.75;1400.03;7763.78
FT-2022-86745;12/02/2022;7962.34;1751.71;9714.05
FT-2022-86752;14/04/2022;15708.92;3455.96;19164.88
FT-2022-86786;14/02/2022;1600.65;352.14;1952.79
FT-2022-86799;13/10/2022;7081.13;1557.85;8638.98
FT-2022-86811;16/10/2022;14149.55;3112.90;17262.45
FT-2022-86831;01/10/2022;13060.37;2873.28;15933.65
FT-2022-86848;15/10/2022;2411.66;530.57;2942.23
FT-2022-86865;27/01/2022;2226.14;489.75;2715.89
FT-2022-86882;01/08/2022;7309.05;1607.99;8917.04
FT-2022-86940;18/07/2022;5502.49;1210.55;6713.04
FT-2022-86957;14/07/2022;4945.23;1087.95;6033.18
FT-2022-86998;09/08/2022;4340.10;954.82;5294.92
FT-2022-87076;12/10/2022;6996.63;1539.26;8535.89
FT-2022-87085;30/12/2022;3363.92;740.06;4103.98
FT-2022-87086;07/08/2022;7023.19;1545.10;8568.29
FT-2022-87106;13/01/2022;3232.92;711.24;3944.16
FT-2022-87232;21/09/2022;2011.45;442.52;2453.97
FT-2022-87236;21/05/2022;8149.23;1792.83;9942.06
FT-2022-87289;08/10/2022;3799.06;835.79;4634.85
FT-2022-87318;07/07/2022;1289.61;283.71;1573.32
FT-2022-87372;01/02/2022;3624.00;797.28;4421.28
FT-2022-87375;30/08/2022;8394.43;1846.77;10241.20
FT-2022-87386;04/08/2022;7567.08;1664.76;9231.84
FT-2022-87392;19/02/2022;1170.23;257.45;1427.68
FT-2022-87400;29/11/2022;4003.99;880.88;4884.87
FT-2022-87508;24/05/2022;8656.74;1904.48;10561.22
FT-2022-87529;23/11/2022;6310.71;1388.36;7699.07
FT-2022-87567;13/02/2022;1653.32;363.73;2017.05
FT-2022-87575;26/07/2022;10122.30;2226.91;12349.21
FT-2022-87576;04/09/2022;8142.23;1791.29;9933.52
FT-2022-87592;17/06/2022;796.77;175.29;972.06
FT-2022-87685;07/11/2022;4980.63;1095.74;6076.37
FT-2022-87721;15/04/2022;3443.08;757.48;4200.56
FT-2022-87733;07/07/2022;8829.84;1942.56;10772.40
FT-2022-87785;29/12/2022;4612.94;1014.85;5627.79
FT-2022-87786;03/03/2022;3372.63;741.98;4114.61
FT-2022-87804;19/05/2022;7380.15;1623.63;9003.78
FT-2022-87806;23/07/2022;9029.67;1986.53;11016.20
FT-2022-87858;03/05/2022;3911.74;860.58;4772.32
FT-2022-87862;30/06/2022;1923.31;423.13;2346.44
FT-2022-87866;14/07/2022;7248.89;1594.76;8843.65
FT-2022-87889;04/09/2022;8781.02;1931.82;10712.84
FT-2022-87919;19/04/2022;2118.78;466.13;2584.91
FT-2022-87977;13/05/2022;13457.41;2960.63;16418.04
FT-2022-87990;11/04/2022;5875.74;1292.66;7168.40
FT-2022-87998;06/08/2022;9820.39;2160.49;11980.88
FT-2022-88011;03/09/2022;6191.75;1362.18;7553.93
FT-2022-88065;19/11/2022;3757.66;826.69;4584.35
FT-2022-88075;14/04/2022;9631.80;2119.00;11750.80
FT-2022-88104;27/06/2022;2651.44;583.32;3234.76
FT-2022-88143;28/01/2022;2585.16;568.74;3153.90
FT-2022-88157;11/02/2022;5492.01;1208.24;6700.25
FT-2022-88191;21/03/2022;11732.93;2581.24;14314.17
FT-2022-88214;27/11/2022;2406.75;529.49;2936.24
FT-2022-88228;14/07/2022;9039.43;1988.67;11028.10
FT-2022-88236;08/01/2022;11255.71;2476.26;13731.97
FT-2022-88280;21/09/2022;3663.04;805.87;4468.91
FT-2022-88323;09/07/2022;15057.42;3312.63;18370.05
FT-2022-88380;06/04/2022;720.59;158.53;879.12
FT-2022-88396;05/07/2022;3267.23;718.79;3986.02
FT-2022-88413;02/09/2022;3831.95;843.03;4674.98
FT-2022-88415;09/02/2022;2959.19;651.02;3610.21
FT-2022-88455;14/02/2022;4545.84;1000.08;5545.92
FT-2022-88477;25/04/2022;9604.23;2112.93;11717.16
FT-2022-88494;06/12/2022;4730.82;1040.78;5771.60
FT-2022-88501;12/02/2022;7678.83;1689.34;9368.17
FT-2022-88509;03/09/2022;6107.74;1343.70;7451.44
FT-2022-88515;05/11/2022;12192.74;2682.40;14875.14
FT-2022-88530;04/12/2022;3465.39;762.39;4227.78
FT-2022-88549;25/05/2022;5254.13;1155.91;6410.04
FT-2022-88564;09/02/2022;3376.35;742.80;4119.15
FT-2022-88627;16/11/2022;10446.23;2298.17;12744.40
FT-2022-88630;08/02/2022;10354.28;2277.94;12632.22
FT-2022-88722;23/06/2022;7219.84;1588.36;8808.20
FT-2022-88732;08/09/2022;4161.54;915.54;5077.08
FT-2022-88749;13/01/2022;11305.04;2487.11;13792.15
FT-2022-88752;02/01/2023;9532.40;2097.13;11629.53
FT-2022-88791;08/06/2022;1812.34;398.71;2211.05
FT-2022-88843;31/10/2022;3173.16;698.10;3871.26
FT-2022-88845;18/06/2022;2101.10;462.24;2563.34
FT-2022-88867;11/06/2022;7125.32;1567.57;8692.89
FT-2022-88956;04/09/2022;1274.63;280.42;1555.05
FT-2022-88958;13/03/2022;6885.38;1514.78;8400.16
FT-2022-88997;01/06/2022;5500.98;1210.22;6711.20
FT-2022-89027;27/01/2022;14067.50;3094.85;17162.35
FT-2022-89032;04/04/2022;5969.81;1313.36;7283.17
FT-2022-89046;06/03/2022;3836.07;843.94;4680.01
FT-2022-89131;21/08/2022;9457.05;2080.55;11537.60
FT-2022-89241;25/01/2022;7139.66;1570.73;8710.39
FT-2022-89250;08/12/2022;6509.58;1432.11;7941.69
FT-2022-89255;08/05/2022;3093.46;680.56;3774.02
FT-2022-89340;13/05/2022;12995.49;2859.01;15854.50
FT-2022-89344;03/04/2022;11036.42;2428.01;13464.43
FT-2022-89354;05/02/2022;4594.17;1010.72;5604.89
FT-2022-89356;29/12/2022;1273.70;280.21;1553.91
FT-2022-89357;22/08/2022;7145.75;1572.07;8717.82
FT-2022-89390;05/05/2022;4274.60;940.41;5215.01
FT-2022-89413;10/02/2022;4070.06;895.41;4965.47
FT-2022-89448;25/05/2022;10406.18;2289.36;12695.54
FT-2022-89466;11/10/2022;3426.90;753.92;4180.82
FT-2022-89475;05/07/2022;5459.82;1201.16;6660.98
FT-2022-89535;12/06/2022;2500.18;550.04;3050.22
FT-2022-89618;07/04/2022;13957.29;3070.60;17027.89
FT-2022-89658;09/05/2022;9714.41;2137.17;11851.58
FT-2022-89662;13/04/2022;1244.31;273.75;1518.06
FT-2022-89720;10/01/2022;10996.12;2419.15;13415.27
FT-2022-89770;08/05/2022;3418.62;752.10;4170.72
FT-2022-89773;22/10/2022;6437.76;1416.31;7854.07
FT-2022-89775;10/09/2022;4301.95;946.43;5248.38
FT-2022-89776;30/01/2022;6217.75;1367.90;7585.65
FT-2022-89791;05/08/2022;4910.89;1080.40;5991.29
FT-2022-89808;08/05/2022;1261.99;277.64;1539.63
FT-2022-89816;26/07/2022;1417.62;311.88;1729.50
FT-2022-89826;12/09/2022;3585.00;788.70;4373.70
FT-2022-89863;11/08/2022;2127.50;468.05;2595.55
FT-2022-89931;26/07/2022;9526.28;2095.78;11622.06
FT-2022-89963;18/06/2022;8975.79;1974.67;10950.46
FT-2022-89964;17/01/2022;4660.58;1025.33;5685.91
FT-2022-89971;14/10/2022;7861.08;1729.44;9590.52
FT-2022-89973;15/02/2022;1044.15;229.71;1273.86
FT-2022-89996;15/11/2022;7970.73;1753.56;9724.29
FT-2022-90023;14/05/2022;5865.75;1290.46;7156.21
FT-2022-90032;14/10/2022;2138.12;470.39;2608.51
FT-2022-90045;06/06/2022;4932.38;1085.12;6017.50
FT-2022-90065;19/01/2022;9093.63;2000.60;11094.23
FT-2022-90076;14/02/2022;3506.30;771.39;4277.69
FT-2022-90116;11/11/2022;1187.08;261.16;1448.24
FT-2022-90159;26/04/2022;5038.20;1108.40;6146.60
FT-2022-90187;01/05/2022;14171.42;3117.71;17289.13
FT-2022-90200;06/04/2022;11772.57;2589.97;14362.54
FT-2022-90209;24/09/2022;3435.21;755.75;4190.96
FT-2022-90260;21/03/2022;1442.35;317.32;1759.67
FT-2022-90271;22/11/2022;7899.37;1737.86;9637.23
FT-2022-90287;04/06/2022;1800.84;396.18;2197.02
FT-2022-90296;12/07/2022;4373.55;962.18;5335.73
FT-2022-90328;28/03/2022;2324.50;511.39;2835.89
FT-2022-90385;24/10/2022;3133.71;689.42;3823.13
FT-2022-90386;13/12/2022;1780.03;391.61;2171.64
FT-2022-90418;29/07/2022;5481.74;1205.98;6687.72
FT-2022-90472;28/08/2022;9508.06;2091.77;11599.83
FT-2022-90491;30/11/2022;5823.52;1281.17;7104.69
FT-2022-90579;28/03/2022;10350.78;2277.17;12627.95
FT-2022-90638;16/02/2022;1144.07;251.70;1395.77
FT-2022-90732;26/03/2022;8834.24;1943.53;10777.77
FT-2022-90753;27/09/2022;7176.32;1578.79;8755.11
FT-2022-90766;29/10/2022;6548.91;1440.76;7989.67
FT-2022-90811;10/02/2022;8190.32;1801.87;9992.19
FT-2022-90845;10/05/2022;3664.64;806.22;4470.86
FT-2022-90876;23/05/2022;6436.46;1416.02;7852.48
FT-2022-90884;03/07/2022;2872.60;631.97;3504.57
FT-2022-91073;11/05/2022;2628.30;578.23;3206.53
FT-2022-91119;08/01/2022;9339.57;2054.71;11394.28
FT-2022-91163;18/10/2022;1833.79;403.43;2237.22
FT-2022-91167;02/08/2022;4997.29;1099.40;6096.69
FT-2022-91195;28/08/2022;6951.56;1529.34;8480.90
FT-2022-91218;03/03/2022;1467.35;322.82;1790.17
FT-2022-91220;23/08/2022;2462.31;541.71;3004.02
FT-2022-91222;18/10/2022;1249.33;274.85;1524.18
FT-2022-91231;12/10/2022;5522.13;1214.87;6737.00
FT-2022-91266;19/08/2022;12366.79;2720.69;15087.48
FT-2022-91302;21/09/2022;10009.25;2202.03;12211.28
FT-2022-91319;15/01/2022;12836.31;2823.99;15660.30
FT-2022-91324;13/05/2022;5805.31;1277.17;7082.48
FT-2022-91399;28/04/2022;4689.68;1031.73;5721.41
FT-2022-91405;30/08/2022;9466.83;2082.70;11549.53
FT-2022-91413;18/06/2022;8897.02;1957.34;10854.36
FT-2022-91437;20/09/2022;9283.50;2042.37;11325.87
FT-2022-91455;31/03/2022;2406.87;529.51;2936.38
FT-2022-91525;23/07/2022;4688.03;1031.37;5719.40
FT-2022-91536;13/06/2022;16372.95;3602.05;19975.00
FT-2022-91563;02/12/2022;12974.94;2854.49;15829.43
FT-2022-91577;19/01/2022;2939.00;646.58;3585.58
FT-2022-91580;18/12/2022;11961.00;2631.42;14592.42
FT-2022-91592;19/04/2022;485.57;106.83;592.40
FT-2022-91611;04/12/2022;8274.87;1820.47;10095.34
FT-2022-91618;23/04/2022;4349.81;956.96;5306.77
FT-2022-91629;05/01/2023;9008.55;1981.88;10990.43
FT-2022-91669;18/06/2022;19142.00;4211.24;23353.24
FT-2022-91722;22/05/2022;3480.34;765.67;4246.01
FT-2022-91736;05/01/2023;7419.65;1632.32;9051.97
FT-2022-91842;25/11/2022;9926.83;2183.90;12110.73
FT-2022-91875;18/03/2022;7010.24;1542.25;8552.49
FT-2022-91877;05/10/2022;11274.56;2480.40;13754.96
FT-2022-91900;26/09/2022;6145.26;1351.96;7497.22
FT-2022-91904;30/11/2022;1850.41;407.09;2257.50
FT-2022-91952;28/11/2022;4331.49;952.93;5284.42
FT-2022-91967;13/08/2022;7354.94;1618.09;8973.03
FT-2022-91987;17/11/2022;11552.66;2541.59;14094.25
FT-2022-91989;07/10/2022;6416.57;1411.65;7828.22
FT-2022-92014;16/01/2022;6330.42;1392.69;7723.11
FT-2022-92032;04/11/2022;6423.67;1413.21;7836.88
FT-2022-92035;17/10/2022;9600.75;2112.16;11712.91
FT-2022-92090;06/12/2022;8159.34;1795.05;9954.39
FT-2022-92108;07/06/2022;6407.93;1409.74;7817.67
FT-2022-92134;13/02/2022;2050.10;451.02;2501.12
FT-2022-92137;05/06/2022;764.98;168.30;933.28
FT-2022-92223;05/10/2022;4133.74;909.42;5043.16
FT-2022-92253;09/09/2022;2731.93;601.02;3332.95
FT-2022-92280;08/01/2022;2151.02;473.22;2624.24
FT-2022-92341;04/08/2022;11280.74;2481.76;13762.50
FT-2022-92345;31/01/2022;10825.86;2381.69;13207.55
FT-2022-92346;08/02/2022;10866.09;2390.54;13256.63
FT-2022-92348;05/02/2022;3880.29;853.66;4733.95
FT-2022-92349;31/01/2022;5859.60;1289.11;7148.71
FT-2022-92396;14/06/2022;4693.63;1032.60;5726.23
FT-2022-92397;18/10/2022;3822.38;840.92;4663.30
FT-2022-92410;03/10/2022;8292.52;1824.35;10116.87
FT-2022-92414;24/07/2022;13769.90;3029.38;16799.28
FT-2022-92448;04/04/2022;5023.81;1105.24;6129.05
FT-2022-92470;08/06/2022;1592.77;350.41;1943.18
FT-2022-92513;04/10/2022;9323.53;2051.18;11374.71
FT-2022-92526;22/06/2022;527.05;115.95;643.00
FT-2022-92530;13/03/2022;9303.26;2046.72;11349.98
FT-2022-92538;16/02/2022;8450.10;1859.02;10309.12
FT-2022-92558;12/10/2022;13614.40;2995.17;16609.57
FT-2022-92591;01/09/2022;5805.66;1277.25;7082.91
FT-2022-92635;21/09/2022;2712.89;596.84;3309.73
FT-2022-92638;05/05/2022;1483.23;326.31;1809.54
FT-2022-92655;16/05/2022;13685.20;3010.74;16695.94
FT-2022-92668;07/05/2022;6156.25;1354.38;7510.63
FT-2022-92682;28/03/2022;6538.95;1438.57;7977.52
FT-2022-92715;24/05/2022;2619.42;576.27;3195.69
FT-2022-92721;19/01/2022;7305.52;1607.21;8912.73
FT-2022-92748;08/04/2022;12612.35;2774.72;15387.07
FT-2022-92799;01/02/2022;14592.55;3210.36;17802.91
FT-2022-92853;12/04/2022;13155.47;2894.20;16049.67
FT-2022-92872;18/04/2022;3475.31;764.57;4239.88
FT-2022-92908;09/04/2022;9342.77;2055.41;11398.18
FT-2022-92936;24/06/2022;13583.41;2988.35;16571.76
FT-2022-92944;07/10/2022;7356.92;1618.52;8975.44
FT-2022-92951;04/06/2022;3283.93;722.46;4006.39
FT-2022-92965;30/03/2022;13372.76;2942.01;16314.77
FT-2022-92983;25/12/2022;1884.43;414.57;2299.00
FT-2022-93015;05/01/2022;1104.32;242.95;1347.27
FT-2022-93029;15/12/2022;3448.34;758.63;4206.97
FT-2022-93034;25/10/2022;3556.71;782.48;4339.19
FT-2022-93039;06/05/2022;9793.98;2154.68;11948.66
FT-2022-93057;11/12/2022;2751.06;605.23;3356.29
FT-2022-93060;14/04/2022;1740.07;382.82;2122.89
FT-2022-93110;16/01/2022;14048.28;3090.62;17138.90
FT-2022-93111;21/10/2022;7040.38;1548.88;8589.26
FT-2022-93135;01/03/2022;10395.52;2287.01;12682.53
FT-2022-93138;02/11/2022;2130.36;468.68;2599.04
FT-2022-93159;22/06/2022;9430.89;2074.80;11505.69
FT-2022-93202;08/07/2022;10927.74;2404.10;13331.84
FT-2022-93215;07/04/2022;4383.17;964.30;5347.47
FT-2022-93233;24/11/2022;2037.71;448.30;2486.01
FT-2022-93238;20/07/2022;4132.71;909.20;5041.91
FT-2022-93271;27/09/2022;6065.58;1334.43;7400.01
FT-2022-93279;31/01/2022;1943.68;427.61;2371.29
FT-2022-93289;25/11/2022;10180.36;2239.68;12420.04
FT-2022-93298;27/07/2022;3361.83;739.60;4101.43
FT-2022-93351;20/02/2022;8601.88;1892.41;10494.29
FT-2022-93354;04/04/2022;3383.52;744.37;4127.89
FT-2022-93381;17/11/2022;4782.14;1052.07;5834.21
FT-2022-93403;13/07/2022;4847.81;1066.52;5914.33
FT-2022-93444;28/05/2022;7902.62;1738.58;9641.20
FT-2022-93447;25/11/2022;1955.38;430.18;2385.56
FT-2022-93495;04/03/2022;7814.08;1719.10;9533.18
FT-2022-93528;19/06/2022;2113.33;464.93;2578.26
FT-2022-93530;10/05/2022;5109.31;1124.05;6233.36
FT-2022-93543;11/06/2022;2970.50;653.51;3624.01
FT-2022-93555;25/07/2022;8106.89;1783.52;9890.41
FT-2022-93669;05/02/2022;5802.92;1276.64;7079.56
FT-2022-93728;07/07/2022;6113.68;1345.01;7458.69
FT-2022-93734;23/06/2022;5945.93;1308.10;7254.03
FT-2022-93744;05/06/2022;3904.03;858.89;4762.92
FT-2022-93758;27/06/2022;9486.72;2087.08;11573.80
FT-2022-93766;15/08/2022;7197.76;1583.51;8781.27
FT-2022-93811;13/09/2022;635.73;139.86;775.59
FT-2022-93844;20/02/2022;4285.02;942.70;5227.72
FT-2022-93845;08/08/2022;15874.67;3492.43;19367.10
FT-2022-93852;21/11/2022;4449.74;978.94;5428.68
FT-2022-93867;13/10/2022;2283.38;502.34;2785.72
FT-2022-93880;27/05/2022;4968.28;1093.02;6061.30
FT-2022-93885;07/08/2022;7343.24;1615.51;8958.75
FT-2022-93898;01/07/2022;5189.10;1141.60;6330.70
FT-2022-93903;05/04/2022;1506.96;331.53;1838.49
FT-2022-93939;23/06/2022;6036.19;1327.96;7364.15
FT-2022-93961;19/03/2022;6299.92;1385.98;7685.90
FT-2022-93969;24/04/2022;7022.84;1545.02;8567.86
FT-2022-93972;09/12/2022;3847.79;846.51;4694.30
FT-2022-93975;30/08/2022;2771.18;609.66;3380.84
FT-2022-94016;19/11/2022;8812.85;1938.83;10751.68
FT-2022-94054;23/04/2022;11106.65;2443.46;13550.11
FT-2022-94071;29/06/2022;1780.24;391.65;2171.89
FT-2022-94076;26/01/2022;8689.39;1911.67;10601.06
FT-2022-94110;02/12/2022;5238.05;1152.37;6390.42
FT-2022-94146;24/08/2022;3045.41;669.99;3715.40
FT-2022-94166;11/11/2022;7845.48;1726.01;9571.49
FT-2022-94169;04/12/2022;4021.34;884.69;4906.03
FT-2022-94193;23/10/2022;1900.62;418.14;2318.76
FT-2022-94229;10/12/2022;2946.58;648.25;3594.83
FT-2022-94250;30/01/2022;9091.57;2000.15;11091.72
FT-2022-94251;24/08/2022;6098.72;1341.72;7440.44
FT-2022-94277;11/07/2022;8208.57;1805.89;10014.46
FT-2022-94289;14/09/2022;2691.05;592.03;3283.08
FT-2022-94307;08/12/2022;9404.09;2068.90;11472.99
FT-2022-94358;12/03/2022;9811.79;2158.59;11970.38
FT-2022-94361;04/11/2022;1224.45;269.38;1493.83
FT-2022-94444;23/07/2022;8895.89;1957.10;10852.99
FT-2022-94456;22/09/2022;5544.25;1219.73;6763.98
FT-2022-94480;19/08/2022;5798.72;1275.72;7074.44
FT-2022-94529;11/09/2022;10921.89;2402.82;13324.71
FT-2022-94551;10/01/2022;1602.64;352.58;1955.22
FT-2022-94556;04/09/2022;927.49;204.05;1131.54
FT-2022-94575;30/01/2022;2464.84;542.26;3007.10
FT-2022-94577;08/03/2022;6138.59;1350.49;7489.08
FT-2022-94598;10/03/2022;3266.50;718.63;3985.13
FT-2022-94614;28/05/2022;5906.24;1299.37;7205.61
FT-2022-94636;04/02/2022;4819.32;1060.25;5879.57
FT-2022-94657;24/11/2022;10668.84;2347.14;13015.98
FT-2022-94658;05/11/2022;8879.86;1953.57;10833.43
FT-2022-94675;21/01/2022;7516.44;1653.62;9170.06
FT-2022-94678;30/11/2022;14279.13;3141.41;17420.54
FT-2022-94691;08/06/2022;6156.60;1354.45;7511.05
FT-2022-94696;23/11/2022;13695.33;3012.97;16708.30
FT-2022-94723;12/09/2022;3143.38;691.54;3834.92
FT-2022-94774;16/01/2022;7450.34;1639.07;9089.41
FT-2022-94821;28/08/2022;6392.13;1406.27;7798.40
FT-2022-94842;22/02/2022;16795.00;3694.90;20489.90
FT-2022-94865;17/12/2022;1096.04;241.13;1337.17
FT-2022-94870;18/05/2022;10914.56;2401.20;13315.76
FT-2022-94879;09/05/2022;2015.13;443.33;2458.46
FT-2022-94889;12/04/2022;5092.65;1120.38;6213.03
FT-2022-94915;23/01/2022;2444.12;537.71;2981.83
FT-2022-94922;31/05/2022;8146.06;1792.13;9938.19
FT-2022-94936;21/05/2022;7658.23;1684.81;9343.04
FT-2022-94939;16/12/2022;1621.76;356.79;1978.55
FT-2022-94958;27/01/2022;2500.30;550.07;3050.37
FT-2022-94970;06/07/2022;10796.00;2375.12;13171.12
FT-2022-95003;16/07/2022;9951.73;2189.38;12141.11
FT-2022-95032;24/01/2022;4907.63;1079.68;5987.31
FT-2022-95051;29/06/2022;750.99;165.22;916.21
FT-2022-95115;29/09/2022;376.96;82.93;459.89
FT-2022-95129;21/12/2022;7440.77;1636.97;9077.74
FT-2022-95142;10/07/2022;5586.05;1228.93;6814.98
FT-2022-95147;26/09/2022;5637.72;1240.30;6878.02
FT-2022-95211;16/08/2022;10494.58;2308.81;12803.39
FT-2022-95220;29/05/2022;5440.32;1196.87;6637.19
FT-2022-95285;05/12/2022;6421.86;1412.81;7834.67
FT-2022-95287;09/05/2022;7620.25;1676.45;9296.70
FT-2022-95311;26/09/2022;6669.45;1467.28;8136.73
FT-2022-95325;09/11/2022;5655.47;1244.20;6899.67
FT-2022-95334;02/03/2022;2484.70;546.63;3031.33
FT-2022-95430;26/11/2022;5813.45;1278.96;7092.41
FT-2022-95434;25/03/2022;8184.52;1800.59;9985.11
FT-2022-95442;11/07/2022;7674.49;1688.39;9362.88
FT-2022-95479;07/01/2023;13120.15;2886.43;16006.58
FT-2022-95490;08/01/2022;9525.10;2095.52;11620.62
FT-2022-95496;12/09/2022;3570.45;785.50;4355.95
FT-2022-95628;08/11/2022;2507.22;551.59;3058.81
FT-2022-95658;16/10/2022;2486.74;547.08;3033.82
FT-2022-95824;25/08/2022;6256.68;1376.47;7633.15
FT-2022-95845;19/01/2022;2315.68;509.45;2825.13
FT-2022-95850;31/01/2022;6038.46;1328.46;7366.92
FT-2022-95888;13/11/2022;11356.93;2498.52;13855.45
FT-2022-95926;16/09/2022;10323.96;2271.27;12595.23
FT-2022-95936;29/08/2022;5993.35;1318.54;7311.89
FT-2022-95964;25/11/2022;6898.80;1517.74;8416.54
FT-2022-96014;03/05/2022;7397.92;1627.54;9025.46
FT-2022-96031;19/08/2022;965.75;212.47;1178.22
FT-2022-96036;18/08/2022;11253.46;2475.76;13729.22
FT-2022-96045;24/02/2022;6027.10;1325.96;7353.06
FT-2022-96052;03/12/2022;1050.08;231.02;1281.10
FT-2022-96090;07/02/2022;1554.50;341.99;1896.49
FT-2022-96096;25/12/2022;7493.97;1648.67;9142.64
FT-2022-96135;18/02/2022;890.68;195.95;1086.63
FT-2022-96166;15/01/2022;3596.37;791.20;4387.57
FT-2022-96171;27/08/2022;4202.52;924.55;5127.07
FT-2022-96173;03/07/2022;4930.46;1084.70;6015.16
FT-2022-96181;20/05/2022;8658.22;1904.81;10563.03
FT-2022-96194;09/11/2022;14487.42;3187.23;17674.65
FT-2022-96293;24/07/2022;2086.64;459.06;2545.70
FT-2022-96330;24/05/2022;16715.24;3677.35;20392.59
FT-2022-96332;21/11/2022;13488.21;2967.41;16455.62
FT-2022-96340;20/04/2022;388.62;85.50;474.12
FT-2022-96345;23/08/2022;7412.89;1630.84;9043.73
FT-2022-96367;10/11/2022;2982.45;656.14;3638.59
FT-2022-96370;10/06/2022;1013.04;222.87;1235.91
FT-2022-96393;04/03/2022;6793.29;1494.52;8287.81
FT-2022-96399;27/01/2022;1097.38;241.42;1338.80
FT-2022-96422;29/06/2022;2528.60;556.29;3084.89
FT-2022-96431;17/09/2022;1189.82;261.76;1451.58
FT-2022-96445;14/03/2022;3988.18;877.40;4865.58
FT-2022-96451;13/05/2022;3863.73;850.02;4713.75
FT-2022-96494;06/02/2022;11108.54;2443.88;13552.42
FT-2022-96542;27/12/2022;3435.52;755.81;4191.33
FT-2022-96609;02/11/2022;8218.27;1808.02;10026.29
FT-2022-96685;24/12/2022;433.80;95.44;529.24
FT-2022-96704;07/05/2022;2720.32;598.47;3318.79
FT-2022-96715;18/07/2022;4209.27;926.04;5135.31
FT-2022-96717;26/02/2022;1289.68;283.73;1573.41
FT-2022-96730;01/12/2022;719.12;158.21;877.33
FT-2022-96768;26/09/2022;2570.90;565.60;3136.50
FT-2022-96780;16/04/2022;3850.11;847.02;4697.13
FT-2022-96805;08/03/2022;474.66;104.43;579.09
FT-2022-96946;13/09/2022;5907.92;1299.74;7207.66
FT-2022-96948;06/07/2022;3173.94;698.27;3872.21
FT-2022-96956;06/08/2022;7327.58;1612.07;8939.65
FT-2022-96967;12/03/2022;4931.94;1085.03;6016.97
FT-2022-96969;24/07/2022;3634.99;799.70;4434.69
FT-2022-96991;14/08/2022;4449.43;978.87;5428.30
FT-2022-97010;11/10/2022;2659.67;585.13;3244.80
FT-2022-97036;24/07/2022;5388.72;1185.52;6574.24
FT-2022-97037;12/11/2022;12500.20;2750.04;15250.24
FT-2022-97043;06/06/2022;6654.44;1463.98;8118.42
FT-2022-97056;29/03/2022;1195.82;263.08;1458.90
FT-2022-97058;15/07/2022;4025.28;885.56;4910.84
FT-2022-97067;11/02/2022;10841.26;2385.08;13226.34
FT-2022-97069;23/06/2022;7949.93;1748.98;9698.91
FT-2022-97096;24/11/2022;7834.95;1723.69;9558.64
FT-2022-97137;30/08/2022;6464.30;1422.15;7886.45
FT-2022-97152;07/09/2022;2429.93;534.58;2964.51
FT-2022-97155;24/05/2022;7408.82;1629.94;9038.76
FT-2022-97187;23/02/2022;6672.71;1468.00;8140.71
FT-2022-97193;21/05/2022;7835.05;1723.71;9558.76
FT-2022-97200;29/01/2022;5573.73;1226.22;6799.95
FT-2022-97210;11/09/2022;7536.07;1657.94;9194.01
FT-2022-97231;23/07/2022;1770.10;389.42;2159.52
FT-2022-97251;07/02/2022;3330.29;732.66;4062.95
FT-2022-97273;10/03/2022;12666.63;2786.66;15453.29
FT-2022-97309;06/04/2022;588.02;129.36;717.38
FT-2022-97360;12/06/2022;936.59;206.05;1142.64
FT-2022-97387;01/01/2023;7199.14;1583.81;8782.95
FT-2022-97395;26/10/2022;6532.61;1437.17;7969.78
FT-2022-97488;23/09/2022;9495.60;2089.03;11584.63
FT-2022-97492;26/06/2022;1236.99;272.14;1509.13
FT-2022-97501;11/06/2022;3966.02;872.52;4838.54
FT-2022-97548;10/12/2022;1023.71;225.22;1248.93
FT-2022-97575;26/09/2022;10886.09;2394.94;13281.03
FT-2022-97597;12/05/2022;8628.88;1898.35;10527.23
FT-2022-97604;24/04/2022;4756.76;1046.49;5803.25
FT-2022-97606;15/04/2022;4179.11;919.40;5098.51
FT-2022-97611;17/06/2022;5052.07;1111.46;6163.53
FT-2022-97619;17/04/2022;7097.78;1561.51;8659.29
FT-2022-97634;15/09/2022;13060.86;2873.39;15934.25
FT-2022-97655;01/09/2022;6431.23;1414.87;7846.10
FT-2022-97659;13/06/2022;4223.84;929.24;5153.08
FT-2022-97684;20/12/2022;5222.62;1148.98;6371.60
FT-2022-97718;06/12/2022;3725.91;819.70;4545.61
FT-2022-97739;03/06/2022;2889.89;635.78;3525.67
FT-2022-97744;12/04/2022;5194.40;1142.77;6337.17
FT-2022-97783;10/09/2022;13659.72;3005.14;16664.86
FT-2022-97786;21/09/2022;3619.66;796.33;4415.99
FT-2022-97803;17/06/2022;7800.71;1716.16;9516.87
FT-2022-97863;23/10/2022;10687.38;2351.22;13038.60
FT-2022-97873;24/09/2022;2131.17;468.86;2600.03
FT-2022-97949;13/04/2022;5126.41;1127.81;6254.22
FT-2022-97952;03/05/2022;3717.01;817.74;4534.75
FT-2022-97961;27/08/2022;2295.69;505.05;2800.74
FT-2022-97970;27/08/2022;2416.88;531.71;2948.59
FT-2022-97972;29/12/2022;4358.49;958.87;5317.36
FT-2022-97979;11/04/2022;4168.33;917.03;5085.36
FT-2022-97980;02/10/2022;840.86;184.99;1025.85
FT-2022-97986;21/11/2022;11507.88;2531.73;14039.61
FT-2022-97992;19/06/2022;2288.92;503.56;2792.48
FT-2022-98010;09/03/2022;13568.31;2985.03;16553.34
FT-2022-98060;24/10/2022;2605.37;573.18;3178.55
FT-2022-98094;03/10/2022;581.56;127.94;709.50
FT-2022-98133;04/04/2022;9138.38;2010.44;11148.82
FT-2022-98240;31/03/2022;5423.70;1193.21;6616.91
FT-2022-98245;14/10/2022;12307.59;2707.67;15015.26
FT-2022-98249;15/12/2022;12779.02;2811.38;15590.40
FT-2022-98267;15/02/2022;3945.20;867.94;4813.14
FT-2022-98319;24/09/2022;9727.41;2140.03;11867.44
FT-2022-98323;20/03/2022;2733.24;601.31;3334.55
FT-2022-98370;01/08/2022;14887.76;3275.31;18163.07
FT-2022-98394;10/11/2022;13611.18;2994.46;16605.64
FT-2022-98418;05/03/2022;3604.76;793.05;4397.81
FT-2022-98442;06/11/2022;6814.44;1499.18;8313.62
FT-2022-98444;04/10/2022;2466.38;542.60;3008.98
FT-2022-98445;07/05/2022;11776.04;2590.73;14366.77
FT-2022-98452;16/09/2022;3063.04;673.87;3736.91
FT-2022-98465;04/09/2022;2845.22;625.95;3471.17
FT-2022-98468;08/02/2022;7113.20;1564.90;8678.10
FT-2022-98477;13/08/2022;11320.93;2490.60;13811.53
FT-2022-98479;01/01/2023;3342.33;735.31;4077.64
FT-2022-98483;25/03/2022;10028.46;2206.26;12234.72
FT-2022-98510;16/08/2022;12320.79;2710.57;15031.36
FT-2022-98511;12/11/2022;13568.54;2985.08;16553.62
FT-2022-98622;01/01/2023;3491.31;768.09;4259.40
FT-2022-98631;09/08/2022;1127.09;247.96;1375.05
FT-2022-98632;01/02/2022;11979.37;2635.46;14614.83
FT-2022-98680;19/07/2022;5526.93;1215.92;6742.85
FT-2022-98722;17/11/2022;6480.24;1425.65;7905.89
FT-2022-98734;30/03/2022;12881.96;2834.03;15715.99
FT-2022-98747;15/12/2022;9314.24;2049.13;11363.37
FT-2022-98756;23/08/2022;8764.62;1928.22;10692.84
FT-2022-98808;03/04/2022;6032.45;1327.14;7359.59
FT-2022-98820;12/12/2022;2808.42;617.85;3426.27
FT-2022-98832;03/08/2022;2989.23;657.63;3646.86
FT-2022-98856;05/09/2022;3967.65;872.88;4840.53
FT-2022-98876;19/08/2022;11679.98;2569.60;14249.58
FT-2022-98882;04/01/2023;3246.71;714.28;3960.99
FT-2022-98898;08/04/2022;1491.89;328.22;1820.11
FT-2022-98932;23/08/2022;5074.72;1116.44;6191.16
FT-2022-98999;16/09/2022;5273.90;1160.26;6434.16
FT-2022-99005;19/05/2022;1455.96;320.31;1776.27
FT-2022-99032;09/09/2022;5045.74;1110.06;6155.80
FT-2022-99037;02/06/2022;6840.00;1504.80;8344.80
FT-2022-99066;21/09/2022;8632.25;1899.10;10531.35
FT-2022-99076;22/08/2022;5713.72;1257.02;6970.74
FT-2022-99110;07/06/2022;7253.59;1595.79;8849.38
FT-2022-99116;17/08/2022;5165.14;1136.33;6301.47
FT-2022-99125;04/08/2022;4400.24;968.05;5368.29
FT-2022-99195;16/04/2022;11326.42;2491.81;13818.23
FT-2022-99222;18/04/2022;1654.81;364.06;2018.87
FT-2022-99257;10/07/2022;10389.12;2285.61;12674.73
FT-2022-99308;19/01/2022;9149.40;2012.87;11162.27
FT-2022-99341;15/03/2022;1451.27;319.28;1770.55
FT-2022-99343;22/03/2022;6132.22;1349.09;7481.31
FT-2022-99372;13/12/2022;2352.98;517.66;2870.64
FT-2022-99474;22/09/2022;1637.46;360.24;1997.70
FT-2022-99510;20/05/2022;12538.05;2758.37;15296.42
FT-2022-99522;25/12/2022;10430.31;2294.67;12724.98
FT-2022-99541;29/07/2022;4099.69;901.93;5001.62
FT-2022-99571;29/07/2022;5056.33;1112.39;6168.72
FT-2022-99576;26/02/2022;11737.64;2582.28;14319.92
FT-2022-99585;25/11/2022;7684.82;1690.66;9375.48
FT-2022-99605;17/08/2022;2179.80;479.56;2659.36
FT-2022-99650;24/01/2022;2898.04;637.57;3535.61
FT-2022-99681;04/08/2022;5084.22;1118.53;6202.75
FT-2022-99694;11/02/2022;1987.39;437.23;2424.62
FT-2022-99727;28/02/2022;783.82;172.44;956.26
FT-2022-99745;15/11/2022;2748.87;604.75;3353.62
FT-2022-99775;21/07/2022;5779.67;1271.53;7051.20
FT-2022-99824;13/04/2022;5441.55;1197.14;6638.69
FT-2022-99856;28/09/2022;5485.39;1206.79;6692.18
FT-2022-99864;17/03/2022;2251.97;495.43;2747.40
FT-2022-99885;01/05/2022;4964.22;1092.13;6056.35
FT-2022-99891;14/11/2022;7897.94;1737.55;9635.49
FT-2022-99916;06/11/2022;16784.83;3692.66;20477.49
FT-2023-00046;15/02/2023;5177.60;1139.07;6316.67
FT-2023-00068;07/05/2023;9252.13;2035.47;11287.60
FT-2023-00079;09/07/2023;5599.79;1231.95;6831.74
FT-2023-00114;03/09/2023;12189.99;2681.80;14871.79
FT-2023-00133;21/04/2023;5115.62;1125.44;6241.06
FT-2023-00136;05/06/2023;3930.86;864.79;4795.65
FT-2023-00210;23/04/2023;6321.15;1390.65;7711.80
FT-2023-00213;27/05/2023;3098.38;681.64;3780.02
FT-2023-00290;11/06/2023;6678.91;1469.36;8148.27
FT-2023-00295;01/11/2023;7321.27;1610.68;8931.95
FT-2023-00306;24/04/2023;7772.40;1709.93;9482.33
FT-2023-00339;06/09/2023;1775.34;390.57;2165.91
FT-2023-00357;23/07/2023;1896.21;417.17;2313.38
FT-2023-00382;20/11/2023;10802.66;2376.59;13179.25
FT-2023-00424;12/02/2023;4719.16;1038.22;5757.38
FT-2023-00470;20/11/2023;2047.14;450.37;2497.51
FT-2023-00481;03/06/2023;3698.57;813.69;4512.26
FT-2023-00494;17/06/2023;7069.78;1555.35;8625.13
FT-2023-00526;30/05/2023;715.88;157.49;873.37
FT-2023-00561;13/01/2023;5866.77;1290.69;7157.46
FT-2023-00573;26/09/2023;12328.08;2712.18;15040.26
FT-2023-00586;10/12/2023;12834.48;2823.59;15658.07
FT-2023-00595;25/11/2023;7032.65;1547.18;8579.83
FT-2023-00616;21/10/2023;5227.84;1150.12;6377.96
FT-2023-00665;27/10/2023;11757.04;2586.55;14343.59
FT-2023-00671;01/02/2023;8217.28;1807.80;10025.08
FT-2023-00682;30/04/2023;16661.51;3665.53;20327.04
FT-2023-00719;12/06/2023;541.22;119.07;660.29
FT-2023-00728;28/08/2023;9032.18;1987.08;11019.26
FT-2023-00768;19/07/2023;2800.42;616.09;3416.51
FT-2023-00817;29/08/2023;299.26;65.84;365.10
FT-2023-00844;16/07/2023;6788.14;1493.39;8281.53
FT-2023-00851;22/10/2023;6325.60;1391.63;7717.23
FT-2023-00872;23/11/2023;5104.42;1122.97;6227.39
FT-2023-00875;13/11/2023;5451.47;1199.32;6650.79
FT-2023-00885;05/11/2023;11666.56;2566.64;14233.20
FT-2023-00931;20/05/2023;5394.06;1186.69;6580.75
FT-2023-00977;25/02/2023;1756.65;386.46;2143.11
FT-2023-01035;05/05/2023;4870.87;1071.59;5942.46
FT-2023-01071;25/06/2023;6412.72;1410.80;7823.52
FT-2023-01086;04/02/2023;7638.57;1680.49;9319.06
FT-2023-01088;13/02/2023;13426.18;2953.76;16379.94
FT-2023-01107;30/05/2023;9093.10;2000.48;11093.58
FT-2023-01118;29/10/2023;10283.31;2262.33;12545.64
FT-2023-01124;20/12/2023;4673.03;1028.07;5701.10
FT-2023-01131;24/01/2023;5898.44;1297.66;7196.10
FT-2023-01145;05/07/2023;7092.68;1560.39;8653.07
FT-2023-01152;09/09/2023;4768.65;1049.10;5817.75
FT-2023-01153;08/08/2023;8291.58;1824.15;10115.73
FT-2023-01154;26/02/2023;12169.12;2677.21;14846.33
FT-2023-01170;01/04/2023;9085.16;1998.74;11083.90
FT-2023-01187;22/09/2023;5642.45;1241.34;6883.79
FT-2023-01237;16/12/2023;4970.33;1093.47;6063.80
FT-2023-01245;16/04/2023;10933.55;2405.38;13338.93
FT-2023-01327;01/06/2023;6658.38;1464.84;8123.22
FT-2023-01396;07/04/2023;9230.96;2030.81;11261.77
FT-2023-01399;21/12/2023;5662.44;1245.74;6908.18
FT-2023-01420;11/09/2023;1419.08;312.20;1731.28
FT-2023-01539;26/05/2023;6261.52;1377.53;7639.05
FT-2023-01546;02/01/2024;5334.17;1173.52;6507.69
FT-2023-01563;14/02/2023;6855.53;1508.22;8363.75
FT-2023-01570;23/08/2023;9140.40;2010.89;11151.29
FT-2023-01643;11/08/2023;12690.58;2791.93;15482.51
FT-2023-01656;03/01/2024;2442.05;537.25;2979.30
FT-2023-01701;03/05/2023;1374.64;302.42;1677.06
FT-2023-01720;20/05/2023;1258.19;276.80;1534.99
FT-2023-01731;18/04/2023;4984.49;1096.59;6081.08
FT-2023-01746;09/02/2023;11410.91;2510.40;13921.31
FT-2023-01791;20/05/2023;2732.17;601.08;3333.25
FT-2023-01799;01/06/2023;3014.29;663.14;3677.43
FT-2023-01800;24/11/2023;2750.53;605.12;3355.65
FT-2023-01801;07/06/2023;17629.97;3878.59;21508.56
FT-2023-01967;11/05/2023;4367.85;960.93;5328.78
FT-2023-02009;25/06/2023;1403.00;308.66;1711.66
FT-2023-02032;02/02/2023;1639.15;360.61;1999.76
FT-2023-02085;21/02/2023;4878.32;1073.23;5951.55
FT-2023-02093;18/12/2023;4125.94;907.71;5033.65
FT-2023-02095;25/12/2023;8873.73;1952.22;10825.95
FT-2023-02096;28/01/2023;4670.02;1027.40;5697.42
FT-2023-02143;23/12/2023;4314.08;949.10;5263.18
FT-2023-02153;19/05/2023;7055.09;1552.12;8607.21
FT-2023-02236;27/04/2023;4998.72;1099.72;6098.44
FT-2023-02237;18/03/2023;4489.48;987.69;5477.17
FT-2023-02255;11/11/2023;12164.63;2676.22;14840.85
FT-2023-02265;24/01/2023;6020.00;1324.40;7344.40
FT-2023-02295;24/09/2023;6173.75;1358.22;7531.97
FT-2023-02331;03/07/2023;1078.37;237.24;1315.61
FT-2023-02333;23/10/2023;6268.20;1379.00;7647.20
FT-2023-02359;24/10/2023;4278.83;941.34;5220.17
FT-2023-02404;26/04/2023;8285.32;1822.77;10108.09
FT-2023-02408;11/08/2023;2991.36;658.10;3649.46
FT-2023-02409;30/10/2023;3013.46;662.96;3676.42
FT-2023-02414;06/10/2023;606.58;133.45;740.03
FT-2023-02498;16/08/2023;3822.30;840.91;4663.21
FT-2023-02550;18/01/2023;7279.62;1601.52;8881.14
FT-2023-02589;20/06/2023;4632.28;1019.10;5651.38
FT-2023-02619;20/04/2023;12223.40;2689.15;14912.55
FT-2023-02626;17/04/2023;2436.13;535.95;2972.08
FT-2023-02661;17/11/2023;5991.27;1318.08;7309.35
FT-2023-02692;15/09/2023;5171.39;1137.71;6309.10
FT-2023-02721;01/03/2023;15987.28;3517.20;19504.48
FT-2023-02804;23/11/2023;647.25;142.40;789.65
FT-2023-02808;15/01/2023;9367.81;2060.92;11428.73
FT-2023-02837;24/05/2023;5736.18;1261.96;6998.14
FT-2023-02843;17/11/2023;6334.93;1393.68;7728.61
FT-2023-02847;15/03/2023;5646.09;1242.14;6888.23
FT-2023-02852;27/07/2023;6025.28;1325.56;7350.84
FT-2023-02855;26/01/2023;12659.60;2785.11;15444.71
FT-2023-02933;24/02/2023;531.30;116.89;648.19
FT-2023-02936;10/10/2023;14400.09;3168.02;17568.11
FT-2023-02956;06/05/2023;1372.96;302.05;1675.01
FT-2023-03036;07/11/2023;4492.42;988.33;5480.75
FT-2023-03048;20/08/2023;623.30;137.13;760.43
FT-2023-03065;07/01/2024;3597.13;791.37;4388.50
FT-2023-03087;01/11/2023;11505.54;2531.22;14036.76
FT-2023-03101;13/12/2023;11210.31;2466.27;13676.58
FT-2023-03102;09/01/2023;1083.77;238.43;1322.20
FT-2023-03123;15/03/2023;5886.35;1295.00;7181.35
FT-2023-03138;25/10/2023;2113.91;465.06;2578.97
FT-2023-03180;14/04/2023;13884.85;3054.67;16939.52
FT-2023-03197;17/02/2023;620.08;136.42;756.50
FT-2023-03229;22/03/2023;4457.80;980.72;5438.52
FT-2023-03240;13/01/2023;8989.26;1977.64;10966.90
FT-2023-03256;09/01/2023;9431.44;2074.92;11506.36
FT-2023-03257;30/08/2023;15797.50;3475.45;19272.95
FT-2023-03261;19/07/2023;490.53;107.92;598.45
FT-2023-03359;11/01/2023;5309.44;1168.08;6477.52
FT-2023-03376;23/12/2023;6100.27;1342.06;7442.33
FT-2023-03432;09/06/2023;5829.59;1282.51;7112.10
FT-2023-03480;03/12/2023;3969.65;873.32;4842.97
FT-2023-03495;25/09/2023;2267.12;498.77;2765.89
FT-2023-03551;14/11/2023;2547.07;560.36;3107.43
FT-2023-03556;25/07/2023;10406.41;2289.41;12695.82
FT-2023-03562;18/10/2023;4579.16;1007.42;5586.58
FT-2023-03572;20/08/2023;6848.81;1506.74;8355.55
FT-2023-03577;01/05/2023;6067.89;1334.94;7402.83
FT-2023-03581;29/09/2023;1895.40;416.99;2312.39
FT-2023-03589;18/04/2023;6725.62;1479.64;8205.26
FT-2023-03595;23/04/2023;12461.41;2741.51;15202.92
FT-2023-03733;25/09/2023;5796.96;1275.33;7072.29
FT-2023-03737;20/12/2023;6159.64;1355.12;7514.76
FT-2023-03778;30/09/2023;1853.15;407.69;2260.84
FT-2023-03821;02/03/2023;6224.41;1369.37;7593.78
FT-2023-03826;26/04/2023;1943.93;427.66;2371.59
FT-2023-03832;30/08/2023;8151.50;1793.33;9944.83
FT-2023-03837;14/09/2023;5956.15;1310.35;7266.50
FT-2023-03863;03/07/2023;9786.90;2153.12;11940.02
FT-2023-03899;29/03/2023;5311.21;1168.47;6479.68
FT-2023-03922;04/11/2023;7179.74;1579.54;8759.28
FT-2023-03952;10/03/2023;2723.40;599.15;3322.55
FT-2023-03970;06/01/2024;3092.94;680.45;3773.39
FT-2023-04083;20/06/2023;15055.41;3312.19;18367.60
FT-2023-04117;19/09/2023;999.04;219.79;1218.83
FT-2023-04120;24/01/2023;6246.79;1374.29;7621.08
FT-2023-04132;04/04/2023;3364.66;740.23;4104.89
FT-2023-04161;25/06/2023;2617.23;575.79;3193.02
FT-2023-04201;25/02/2023;2475.49;544.61;3020.10
FT-2023-04253;07/12/2023;12858.30;2828.83;15687.13
FT-2023-04268;17/07/2023;5934.21;1305.53;7239.74
FT-2023-04272;11/01/2023;8677.08;1908.96;10586.04
FT-2023-04326;24/01/2023;669.64;147.32;816.96
FT-2023-04362;21/01/2023;1195.04;262.91;1457.95
FT-2023-04376;21/08/2023;2518.82;554.14;3072.96
FT-2023-04378;07/04/2023;597.75;131.50;729.25
FT-2023-04431;30/11/2023;7560.76;1663.37;9224.13
FT-2023-04558;26/06/2023;1693.16;372.50;2065.66
FT-2023-04568;19/11/2023;7790.39;1713.89;9504.28
FT-2023-04590;24/03/2023;16340.77;3594.97;19935.74
FT-2023-04657;06/04/2023;5106.28;1123.38;6229.66
FT-2023-04676;14/07/2023;5525.37;1215.58;6740.95
FT-2023-04691;27/01/2023;3917.93;861.94;4779.87
FT-2023-04777;05/08/2023;6582.61;1448.17;8030.78
FT-2023-04819;05/07/2023;2072.99;456.06;2529.05
FT-2023-04835;14/04/2023;6990.99;1538.02;8529.01
FT-2023-04844;15/10/2023;10093.57;2220.59;12314.16
FT-2023-04849;22/05/2023;7399.97;1627.99;9027.96
FT-2023-04899;30/07/2023;11592.38;2550.32;14142.70
FT-2023-04967;21/06/2023;3691.04;812.03;4503.07
FT-2023-04987;11/04/2023;5757.85;1266.73;7024.58
FT-2023-04993;14/03/2023;9908.48;2179.87;12088.35
FT-2023-04994;26/10/2023;1161.21;255.47;1416.68
FT-2023-05030;22/10/2023;2600.29;572.06;3172.35
FT-2023-05056;17/05/2023;5101.86;1122.41;6224.27
FT-2023-05091;04/07/2023;4416.99;971.74;5388.73
FT-2023-05099;27/02/2023;14164.76;3116.25;17281.01
FT-2023-05103;27/11/2023;1299.10;285.80;1584.90
FT-2023-05127;26/11/2023;3286.92;723.12;4010.04
FT-2023-05139;26/03/2023;3493.03;768.47;4261.50
FT-2023-05179;25/05/2023;2706.38;595.40;3301.78
FT-2023-05199;01/01/2024;8769.37;1929.26;10698.63
FT-2023-05210;17/04/2023;773.40;170.15;943.55
FT-2023-05214;20/02/2023;6651.65;1463.36;8115.01
FT-2023-05249;04/03/2023;6239.00;1372.58;7611.58
FT-2023-05270;24/09/2023;4903.49;1078.77;5982.26
FT-2023-05356;28/05/2023;2297.52;505.45;2802.97
FT-2023-05371;08/06/2023;4080.50;897.71;4978.21
FT-2023-05373;12/11/2023;3742.19;823.28;4565.47
FT-2023-05393;26/04/2023;14712.66;3236.79;17949.45
FT-2023-05396;07/09/2023;2359.70;519.13;2878.83
FT-2023-05417;01/08/2023;3749.22;824.83;4574.05
FT-2023-05418;19/08/2023;1902.89;418.64;2321.53
FT-2023-05462;23/09/2023;15497.49;3409.45;18906.94
FT-2023-05468;05/04/2023;10000.27;2200.06;12200.33
FT-2023-05475;29/12/2023;4564.98;1004.30;5569.28
FT-2023-05480;04/01/2024;10822.37;2380.92;13203.29
FT-2023-05527;26/05/2023;4569.83;1005.36;5575.19
FT-2023-05529;01/06/2023;5752.57;1265.57;7018.14
FT-2023-05536;20/01/2023;10353.63;2277.80;12631.43
FT-2023-05558;02/06/2023;13517.78;2973.91;16491.69
FT-2023-05562;09/02/2023;8130.57;1788.73;9919.30
FT-2023-05563;20/10/2023;9727.33;2140.01;11867.34
FT-2023-05578;27/03/2023;9820.91;2160.60;11981.51
FT-2023-05605;27/05/2023;1066.23;234.57;1300.80
FT-2023-05607;23/10/2023;3673.93;808.26;4482.19
FT-2023-05643;24/05/2023;3295.24;724.95;4020.19
FT-2023-05659;05/06/2023;12185.37;2680.78;14866.15
FT-2023-05704;29/07/2023;4971.10;1093.64;6064.74
FT-2023-05765;09/02/2023;2862.49;629.75;3492.24
FT-2023-05767;26/07/2023;576.14;126.75;702.89
FT-2023-05769;24/05/2023;677.01;148.94;825.95
FT-2023-05803;07/09/2023;7025.32;1545.57;8570.89
FT-2023-05826;12/12/2023;2125.77;467.67;2593.44
FT-2023-05891;27/04/2023;2015.27;443.36;2458.63
FT-2023-05927;07/12/2023;2889.97;635.79;3525.76
FT-2023-05956;07/08/2023;1616.03;355.53;1971.56
FT-2023-05964;11/10/2023;3879.38;853.46;4732.84
FT-2023-05981;10/04/2023;1656.66;364.47;2021.13
FT-2023-05993;01/08/2023;4212.81;926.82;5139.63
FT-2023-06068;02/02/2023;7241.51;1593.13;8834.64
FT-2023-06069;10/01/2024;6889.22;1515.63;8404.85
FT-2023-06075;11/08/2023;10320.36;2270.48;12590.84
FT-2023-06100;26/12/2023;12378.00;2723.16;15101.16
FT-2023-06107;20/09/2023;8606.14;1893.35;10499.49
FT-2023-06112;22/10/2023;7712.53;1696.76;9409.29
FT-2023-06117;26/11/2023;10621.95;2336.83;12958.78
FT-2023-06180;10/06/2023;9815.88;2159.49;11975.37
FT-2023-06208;11/10/2023;10707.10;2355.56;13062.66
FT-2023-06210;12/07/2023;5935.09;1305.72;7240.81
FT-2023-06227;05/06/2023;9266.10;2038.54;11304.64
FT-2023-06272;17/04/2023;8148.92;1792.76;9941.68
FT-2023-06300;04/04/2023;7254.23;1595.93;8850.16
FT-2023-06323;08/08/2023;13114.15;2885.11;15999.26
FT-2023-06330;12/10/2023;8127.21;1787.99;9915.20
FT-2023-06354;07/10/2023;183.84;40.44;224.28
FT-2023-06425;22/03/2023;4235.65;931.84;5167.49
FT-2023-06440;16/05/2023;5457.49;1200.65;6658.14
FT-2023-06474;15/10/2023;3438.76;756.53;4195.29
FT-2023-06477;08/01/2024;3791.41;834.11;4625.52
FT-2023-06514;16/12/2023;10616.80;2335.70;12952.50
FT-2023-06516;17/05/2023;6870.35;1511.48;8381.83
FT-2023-06554;30/07/2023;1412.38;310.72;1723.10
FT-2023-06593;17/07/2023;8494.84;1868.86;10363.70
FT-2023-06606;05/01/2023;7914.74;1741.24;9655.98
FT-2023-06679;07/05/2023;988.99;217.58;1206.57
FT-2023-06719;29/07/2023;4535.96;997.91;5533.87
FT-2023-06744;01/08/2023;3271.88;719.81;3991.69
FT-2023-06752;20/10/2023;13955.30;3070.17;17025.47
FT-2023-06753;25/11/2023;5605.53;1233.22;6838.75
FT-2023-06808;12/01/2023;1808.96;397.97;2206.93
FT-2023-06902;21/09/2023;3768.24;829.01;4597.25
FT-2023-06915;04/03/2023;1664.14;366.11;2030.25
FT-2023-06925;04/07/2023;6699.09;1473.80;8172.89
FT-2023-06968;04/08/2023;5428.67;1194.31;6622.98
FT-2023-06975;08/02/2023;2876.53;632.84;3509.37
FT-2023-06977;15/10/2023;5315.67;1169.45;6485.12
FT-2023-06982;01/01/2024;12286.42;2703.01;14989.43
FT-2023-07033;14/11/2023;2218.66;488.11;2706.77
FT-2023-07061;13/12/2023;6419.16;1412.22;7831.38
FT-2023-07085;15/06/2023;1276.52;280.83;1557.35
FT-2023-07171;29/01/2023;4046.88;890.31;4937.19
FT-2023-07179;24/02/2023;1765.84;388.48;2154.32
FT-2023-07195;10/05/2023;2207.98;485.76;2693.74
FT-2023-07203;19/10/2023;1063.70;234.01;1297.71
FT-2023-07211;08/12/2023;11191.16;2462.06;13653.22
FT-2023-07223;13/09/2023;5181.51;1139.93;6321.44
FT-2023-07224;03/07/2023;10118.90;2226.16;12345.06
FT-2023-07231;23/06/2023;6453.29;1419.72;7873.01
FT-2023-07250;21/07/2023;11029.79;2426.55;13456.34
FT-2023-07294;19/11/2023;4955.42;1090.19;6045.61
FT-2023-07326;24/12/2023;820.65;180.54;1001.19
FT-2023-07341;04/10/2023;2635.99;579.92;3215.91
FT-2023-07348;08/04/2023;10129.43;2228.47;12357.90
FT-2023-07433;23/09/2023;12272.33;2699.91;14972.24
FT-2023-07465;25/04/2023;1896.59;417.25;2313.84
FT-2023-07494;12/01/2023;3361.37;739.50;4100.87
FT-2023-07503;03/11/2023;2895.14;636.93;3532.07
FT-2023-07581;30/09/2023;5015.18;1103.34;6118.52
FT-2023-07582;23/08/2023;6174.72;1358.44;7533.16
FT-2023-07625;24/09/2023;13474.88;2964.47;16439.35
FT-2023-07629;27/06/2023;2476.78;544.89;3021.67
FT-2023-07634;03/11/2023;5501.92;1210.42;6712.34
FT-2023-07635;20/02/2023;2998.96;659.77;3658.73
FT-2023-07651;03/04/2023;5195.97;1143.11;6339.08
FT-2023-07661;27/07/2023;1824.47;401.38;2225.85
FT-2023-07679;24/03/2023;5490.30;1207.87;6698.17
FT-2023-07689;02/09/2023;3234.15;711.51;3945.66
FT-2023-07690;08/10/2023;1822.91;401.04;2223.95
FT-2023-07776;23/07/2023;1065.30;234.37;1299.67
FT-2023-07781;05/04/2023;3703.88;814.85;4518.73
FT-2023-07871;06/05/2023;3704.30;814.95;4519.25
FT-2023-07884;10/12/2023;5335.47;1173.80;6509.27
FT-2023-07922;09/02/2023;2861.93;629.62;3491.55
FT-2023-07938;29/09/2023;5557.91;1222.74;6780.65
FT-2023-07946;09/04/2023;5998.55;1319.68;7318.23
FT-2023-07955;11/08/2023;2546.05;560.13;3106.18
FT-2023-08035;15/11/2023;15753.99;3465.88;19219.87
FT-2023-08039;27/06/2023;1692.83;372.42;2065.25
FT-2023-08104;07/05/2023;10482.59;2306.17;12788.76
FT-2023-08154;25/09/2023;6462.97;1421.85;7884.82
FT-2023-08177;20/02/2023;1842.09;405.26;2247.35
FT-2023-08186;21/03/2023;5701.34;1254.29;6955.63
FT-2023-08240;15/12/2023;3083.57;678.39;3761.96
FT-2023-08378;11/08/2023;13065.98;2874.52;15940.50
FT-2023-08380;18/08/2023;8671.16;1907.66;10578.82
FT-2023-08414;21/04/2023;1652.71;363.60;2016.31
FT-2023-08425;08/05/2023;4455.33;980.17;5435.50
FT-2023-08502;14/07/2023;6836.77;1504.09;8340.86
FT-2023-08542;16/01/2023;2737.54;602.26;3339.80
FT-2023-08559;11/04/2023;6632.74;1459.20;8091.94
FT-2023-08569;08/08/2023;4580.81;1007.78;5588.59
FT-2023-08592;08/12/2023;10943.38;2407.54;13350.92
FT-2023-08610;22/05/2023;1487.68;327.29;1814.97
FT-2023-08639;19/01/2023;2650.35;583.08;3233.43
FT-2023-08667;26/11/2023;3865.85;850.49;4716.34
FT-2023-08679;18/10/2023;7630.26;1678.66;9308.92
FT-2023-08727;08/03/2023;5831.09;1282.84;7113.93
FT-2023-08789;07/05/2023;2930.91;644.80;3575.71
FT-2023-08803;04/01/2024;7721.54;1698.74;9420.28
FT-2023-08826;03/09/2023;2168.19;477.00;2645.19
FT-2023-08836;28/04/2023;6291.25;1384.08;7675.33
FT-2023-08870;09/05/2023;4333.86;953.45;5287.31
FT-2023-08874;11/03/2023;1777.80;391.12;2168.92
FT-2023-08887;28/03/2023;10439.65;2296.72;12736.37
FT-2023-08943;23/01/2023;3967.02;872.74;4839.76
FT-2023-08944;19/07/2023;6866.23;1510.57;8376.80
FT-2023-08945;17/03/2023;5455.87;1200.29;6656.16
FT-2023-08956;03/09/2023;690.70;151.95;842.65
FT-2023-08962;15/02/2023;2496.02;549.12;3045.14
FT-2023-08964;01/05/2023;1941.57;427.15;2368.72
FT-2023-08984;07/07/2023;7540.71;1658.96;9199.67
FT-2023-09125;12/09/2023;4885.92;1074.90;5960.82
FT-2023-09157;02/12/2023;6336.62;1394.06;7730.68
FT-2023-09159;13/02/2023;12610.38;2774.28;15384.66
FT-2023-09165;21/04/2023;15872.24;3491.89;19364.13
FT-2023-09190;03/07/2023;10861.72;2389.58;13251.30
FT-2023-09202;27/07/2023;4207.75;925.71;5133.46
FT-2023-09246;31/01/2023;12619.06;2776.19;15395.25
FT-2023-09326;03/05/2023;11155.82;2454.28;13610.10
FT-2023-09344;20/06/2023;2904.47;638.98;3543.45
FT-2023-09399;10/03/2023;7178.15;1579.19;8757.34
FT-2023-09401;21/02/2023;10576.69;2326.87;12903.56
FT-2023-09422;11/05/2023;1009.55;222.10;1231.65
FT-2023-09441;31/03/2023;3863.42;849.95;4713.37
FT-2023-09473;07/12/2023;6995.68;1539.05;8534.73
FT-2023-09528;16/12/2023;1076.26;236.78;1313.04
FT-2023-09581;15/05/2023;1271.87;279.81;1551.68
FT-2023-09583;13/02/2023;1091.22;240.07;1331.29
FT-2023-09613;15/01/2023;6426.10;1413.74;7839.84
FT-2023-09616;17/05/2023;6283.70;1382.41;7666.11
FT-2023-09650;01/10/2023;4318.92;950.16;5269.08
FT-2023-09664;30/04/2023;6083.30;1338.33;7421.63
FT-2023-09684;15/01/2023;12564.53;2764.20;15328.73
FT-2023-09769;07/11/2023;12888.51;2835.47;15723.98
FT-2023-09801;02/03/2023;3308.08;727.78;4035.86
FT-2023-09823;11/09/2023;8730.78;1920.77;10651.55
FT-2023-09877;05/08/2023;1710.99;376.42;2087.41
FT-2023-09899;17/07/2023;2782.73;612.20;3394.93
FT-2023-09968;04/03/2023;3418.95;752.17;4171.12
FT-2023-09982;10/08/2023;11013.73;2423.02;13436.75
FT-2023-10045;09/08/2023;14334.52;3153.59;17488.11
FT-2023-10063;10/05/2023;6748.87;1484.75;8233.62
FT-2023-10107;30/10/2023;11838.91;2604.56;14443.47
FT-2023-10174;22/04/2023;5375.63;1182.64;6558.27
FT-2023-10191;25/11/2023;7627.57;1678.07;9305.64
FT-2023-10217;14/06/2023;2031.15;446.85;2478.00
FT-2023-10240;30/11/2023;5309.90;1168.18;6478.08
FT-2023-10319;24/08/2023;1679.66;369.53;2049.19
FT-2023-10372;20/04/2023;6353.99;1397.88;7751.87
FT-2023-10418;28/03/2023;8462.52;1861.75;10324.27
FT-2023-10425;24/07/2023;2114.97;465.29;2580.26
FT-2023-10444;07/07/2023;13180.77;2899.77;16080.54
FT-2023-10479;17/02/2023;3393.50;746.57;4140.07
FT-2023-10484;03/02/2023;325.57;71.63;397.20
FT-2023-10494;20/10/2023;4677.62;1029.08;5706.70
FT-2023-10496;20/05/2023;6405.29;1409.16;7814.45
FT-2023-10520;31/08/2023;9152.27;2013.50;11165.77
FT-2023-10526;16/06/2023;3196.62;703.26;3899.88
FT-2023-10545;08/02/2023;10837.37;2384.22;13221.59
FT-2023-10558;06/11/2023;10235.51;2251.81;12487.32
FT-2023-10594;25/05/2023;2685.59;590.83;3276.42
FT-2023-10649;28/04/2023;2870.04;631.41;3501.45
FT-2023-10661;12/03/2023;3996.50;879.23;4875.73
FT-2023-10708;29/09/2023;3809.95;838.19;4648.14
FT-2023-10724;13/05/2023;5650.15;1243.03;6893.18
FT-2023-10725;07/01/2023;2329.09;512.40;2841.49
FT-2023-10746;22/07/2023;1876.62;412.86;2289.48
FT-2023-10749;22/09/2023;792.70;174.39;967.09
FT-2023-10764;11/02/2023;5498.01;1209.56;6707.57
FT-2023-10818;15/03/2023;2945.90;648.10;3594.00
FT-2023-10819;15/07/2023;9981.77;2195.99;12177.76
FT-2023-10885;26/05/2023;1658.69;364.91;2023.60
FT-2023-10930;25/03/2023;9292.76;2044.41;11337.17
FT-2023-10936;13/09/2023;5691.06;1252.03;6943.09
FT-2023-10953;09/08/2023;9729.71;2140.54;11870.25
FT-2023-11013;27/07/2023;15137.53;3330.26;18467.79
FT-2023-11024;21/01/2023;4974.63;1094.42;6069.05
FT-2023-11102;13/11/2023;2174.58;478.41;2652.99
FT-2023-11157;13/10/2023;5006.37;1101.40;6107.77
FT-2023-11160;17/08/2023;16172.40;3557.93;19730.33
FT-2023-11161;03/03/2023;1471.56;323.74;1795.30
FT-2023-11167;17/10/2023;12302.78;2706.61;15009.39
FT-2023-11187;19/10/2023;5070.86;1115.59;6186.45
FT-2023-11208;16/10/2023;9963.94;2192.07;12156.01
FT-2023-11227;11/04/2023;8741.45;1923.12;10664.57
FT-2023-11246;23/07/2023;6579.95;1447.59;8027.54
FT-2023-11249;01/03/2023;6035.68;1327.85;7363.53
FT-2023-11278;19/10/2023;13276.66;2920.87;16197.53
FT-2023-11288;02/08/2023;6469.62;1423.32;7892.94
FT-2023-11304;18/11/2023;2686.93;591.12;3278.05
FT-2023-11323;28/02/2023;5915.64;1301.44;7217.08
FT-2023-11338;29/01/2023;7728.02;1700.16;9428.18
FT-2023-11351;16/07/2023;7085.23;1558.75;8643.98
FT-2023-11378;04/10/2023;8186.07;1800.94;9987.01
FT-2023-11384;08/11/2023;9893.50;2176.57;12070.07
FT-2023-11439;30/09/2023;2342.56;515.36;2857.92
FT-2023-11442;22/07/2023;2328.03;512.17;2840.20
FT-2023-11450;10/01/2023;10623.48;2337.17;12960.65
FT-2023-11527;27/07/2023;3901.44;858.32;4759.76
FT-2023-11554;13/06/2023;10594.05;2330.69;12924.74
FT-2023-11615;10/07/2023;3257.44;716.64;3974.08
FT-2023-11653;19/09/2023;5647.49;1242.45;6889.94
FT-2023-11687;05/03/2023;4759.25;1047.04;5806.29
FT-2023-11691;28/06/2023;13776.29;3030.78;16807.07
FT-2023-11703;11/03/2023;11802.30;2596.51;14398.81
FT-2023-11706;15/01/2023;5626.71;1237.88;6864.59
FT-2023-11797;23/03/2023;8601.79;1892.39;10494.18
FT-2023-11809;06/04/2023;2372.58;521.97;2894.55
FT-2023-11848;27/06/2023;5083.08;1118.28;6201.36
FT-2023-11914;05/07/2023;18136.66;3990.07;22126.73
FT-2023-11939;20/06/2023;12023.08;2645.08;14668.16
FT-2023-11944;29/12/2023;9267.00;2038.74;11305.74
FT-2023-11988;15/10/2023;9945.54;2188.02;12133.56
FT-2023-12054;07/11/2023;2233.63;491.40;2725.03
FT-2023-12078;29/06/2023;3725.65;819.64;4545.29
FT-2023-12100;21/04/2023;2352.36;517.52;2869.88
FT-2023-12104;17/05/2023;6926.92;1523.92;8450.84
FT-2023-12105;10/12/2023;6388.66;1405.51;7794.17
FT-2023-12143;02/03/2023;12255.92;2696.30;14952.22
FT-2023-12164;01/09/2023;5276.89;1160.92;6437.81
FT-2023-12220;27/10/2023;9980.92;2195.80;12176.72
FT-2023-12227;06/04/2023;2282.17;502.08;2784.25
FT-2023-12249;06/07/2023;15792.60;3474.37;19266.97
FT-2023-12326;28/07/2023;10188.32;2241.43;12429.75
FT-2023-12339;27/01/2023;3609.22;794.03;4403.25
FT-2023-12360;16/03/2023;10606.33;2333.39;12939.72
FT-2023-12451;19/06/2023;5764.12;1268.11;7032.23
FT-2023-12487;16/04/2023;13861.83;3049.60;16911.43
FT-2023-12517;28/07/2023;548.62;120.70;669.32
FT-2023-12527;06/03/2023;2758.65;606.90;3365.55
FT-2023-12528;12/03/2023;6063.54;1333.98;7397.52
FT-2023-12586;26/05/2023;9166.44;2016.62;11183.06
FT-2023-12597;21/01/2023;3436.48;756.03;4192.51
FT-2023-12648;09/02/2023;6743.59;1483.59;8227.18
FT-2023-12657;11/08/2023;808.62;177.90;986.52
FT-2023-12708;11/04/2023;675.50;148.61;824.11
FT-2023-12753;20/06/2023;936.64;206.06;1142.70
FT-2023-12829;17/03/2023;5229.24;1150.43;6379.67
FT-2023-12873;31/12/2023;5397.28;1187.40;6584.68
FT-2023-12890;22/07/2023;1406.29;309.38;1715.67
FT-2023-12898;29/08/2023;13409.01;2949.98;16358.99
FT-2023-12915;30/08/2023;3319.88;730.37;4050.25
FT-2023-12928;06/12/2023;5749.67;1264.93;7014.60
FT-2023-12940;26/11/2023;7256.04;1596.33;8852.37
FT-2023-12941;04/03/2023;10281.48;2261.93;12543.41
FT-2023-12951;06/06/2023;11352.16;2497.48;13849.64
FT-2023-12981;08/12/2023;8138.58;1790.49;9929.07
FT-2023-13031;14/06/2023;1521.86;334.81;1856.67
FT-2023-13048;05/02/2023;7713.68;1697.01;9410.69
FT-2023-13116;09/07/2023;8141.71;1791.18;9932.89
FT-2023-13156;15/07/2023;6476.64;1424.86;7901.50
FT-2023-13258;02/05/2023;6825.38;1501.58;8326.96
FT-2023-13270;23/07/2023;3283.45;722.36;4005.81
FT-2023-13317;03/06/2023;621.08;136.64;757.72
FT-2023-13323;04/12/2023;10680.23;2349.65;13029.88
FT-2023-13339;26/02/2023;1903.48;418.77;2322.25
FT-2023-13405;12/09/2023;4966.00;1092.52;6058.52
FT-2023-13427;25/11/2023;8514.20;1873.12;10387.32
FT-2023-13438;25/11/2023;1564.71;344.24;1908.95
FT-2023-13544;09/04/2023;2183.15;480.29;2663.44
FT-2023-13578;26/09/2023;3035.27;667.76;3703.03
FT-2023-13590;06/06/2023;6342.56;1395.36;7737.92
FT-2023-13595;03/02/2023;4850.27;1067.06;5917.33
FT-2023-13604;29/12/2023;6255.34;1376.17;7631.51
FT-2023-13624;12/06/2023;6910.63;1520.34;8430.97
FT-2023-13633;21/09/2023;3605.74;793.26;4399.00
FT-2023-13640;04/08/2023;1254.56;276.00;1530.56
FT-2023-13661;17/05/2023;4637.04;1020.15;5657.19
FT-2023-13662;03/06/2023;8360.26;1839.26;10199.52
FT-2023-13669;12/12/2023;4314.65;949.22;5263.87
FT-2023-13684;04/08/2023;4579.70;1007.53;5587.23
FT-2023-13688;09/04/2023;9986.34;2196.99;12183.33
FT-2023-13722;16/02/2023;3335.36;733.78;4069.14
FT-2023-13774;09/11/2023;7988.67;1757.51;9746.18
FT-2023-13779;12/09/2023;1405.17;309.14;1714.31
FT-2023-13843;10/03/2023;6977.32;1535.01;8512.33
FT-2023-13858;04/09/2023;8029.45;1766.48;9795.93
FT-2023-13880;06/10/2023;3885.88;854.89;4740.77
FT-2023-13898;04/03/2023;3680.06;809.61;4489.67
FT-2023-13984;24/07/2023;3801.97;836.43;4638.40
FT-2023-13998;18/02/2023;8249.38;1814.86;10064.24
FT-2023-14001;09/05/2023;1502.58;330.57;1833.15
FT-2023-14077;02/04/2023;13702.31;3014.51;16716.82
FT-2023-14081;09/02/2023;2475.22;544.55;3019.77
FT-2023-14082;06/11/2023;10498.96;2309.77;12808.73
FT-2023-14084;02/11/2023;10107.65;2223.68;12331.33
FT-2023-14116;30/07/2023;6378.12;1403.19;7781.31
FT-2023-14138;01/09/2023;1308.75;287.93;1596.68
FT-2023-14172;28/08/2023;4654.50;1023.99;5678.49
FT-2023-14181;28/07/2023;10543.32;2319.53;12862.85
FT-2023-14187;07/09/2023;6485.80;1426.88;7912.68
FT-2023-14190;28/01/2023;4301.12;946.25;5247.37
FT-2023-14200;05/06/2023;4269.73;939.34;5209.07
FT-2023-14225;05/06/2023;10815.20;2379.34;13194.54
FT-2023-14226;16/06/2023;10896.09;2397.14;13293.23
FT-2023-14227;06/06/2023;2128.50;468.27;2596.77
FT-2023-14233;17/11/2023;9903.66;2178.81;12082.47
FT-2023-14260;01/11/2023;8961.69;1971.57;10933.26
FT-2023-14270;28/04/2023;6496.15;1429.15;7925.30
FT-2023-14325;15/11/2023;3655.17;804.14;4459.31
FT-2023-14333;14/09/2023;4179.38;919.46;5098.84
FT-2023-14351;04/03/2023;14868.32;3271.03;18139.35
FT-2023-14384;17/02/2023;2112.56;464.76;2577.32
FT-2023-14392;13/03/2023;4205.33;925.17;5130.50
FT-2023-14398;17/09/2023;3942.63;867.38;4810.01
FT-2023-14410;09/12/2023;7301.36;1606.30;8907.66
FT-2023-14415;25/05/2023;5564.35;1224.16;6788.51
FT-2023-14511;17/09/2023;10103.88;2222.85;12326.73
FT-2023-14542;06/05/2023;10289.17;2263.62;12552.79
FT-2023-14546;28/12/2023;4980.88;1095.79;6076.67
FT-2023-14589;30/06/2023;6444.75;1417.85;7862.60
FT-2023-14597;17/08/2023;11206.03;2465.33;13671.36
FT-2023-14651;10/06/2023;2178.05;479.17;2657.22
FT-2023-14668;09/02/2023;6934.49;1525.59;8460.08
FT-2023-14687;13/09/2023;11008.29;2421.82;13430.11
FT-2023-14714;20/06/2023;3382.49;744.15;4126.64
FT-2023-14836;20/02/2023;6340.70;1394.95;7735.65
FT-2023-14924;03/03/2023;6784.34;1492.55;8276.89
FT-2023-14944;01/08/2023;8185.62;1800.84;9986.46
FT-2023-14974;26/09/2023;7898.00;1737.56;9635.56
FT-2023-14998;18/01/2023;5211.22;1146.47;6357.69
FT-2023-15014;31/05/2023;4570.96;1005.61;5576.57
FT-2023-15069;07/07/2023;2101.04;462.23;2563.27
FT-2023-15142;10/09/2023;3361.63;739.56;4101.19
FT-2023-15193;21/01/2023;5656.14;1244.35;6900.49
FT-2023-15214;29/11/2023;6005.33;1321.17;7326.50
FT-2023-15229;05/09/2023;10015.29;2203.36;12218.65
FT-2023-15257;22/05/2023;8665.69;1906.45;10572.14
FT-2023-15260;21/08/2023;2892.61;636.37;3528.98
FT-2023-15272;22/04/2023;4930.90;1084.80;6015.70
FT-2023-15289;14/07/2023;2135.21;469.75;2604.96
FT-2023-15292;10/04/2023;12461.86;2741.61;15203.47
FT-2023-15296;12/08/2023;2347.51;516.45;2863.96
FT-2023-15301;14/09/2023;9085.71;1998.86;11084.57
FT-2023-15314;26/11/2023;872.18;191.88;1064.06
FT-2023-15335;01/09/2023;7591.70;1670.17;9261.87
FT-2023-15343;14/04/2023;3660.34;805.27;4465.61
FT-2023-15428;26/04/2023;1582.73;348.20;1930.93
FT-2023-15430;31/05/2023;5808.67;1277.91;7086.58
FT-2023-15448;19/03/2023;1003.80;220.84;1224.64
FT-2023-15472;22/05/2023;2824.33;621.35;3445.68
FT-2023-15475;11/09/2023;11796.26;2595.18;14391.44
FT-2023-15521;30/01/2023;1418.65;312.10;1730.75
FT-2023-15605;10/10/2023;9739.38;2142.66;11882.04
FT-2023-15613;23/02/2023;2343.74;515.62;2859.36
FT-2023-15622;15/01/2023;3383.33;744.33;4127.66
FT-2023-15665;12/03/2023;4916.21;1081.57;5997.78
FT-2023-15694;13/03/2023;13668.78;3007.13;16675.91
FT-2023-15697;13/02/2023;8640.41;1900.89;10541.30
FT-2023-15782;22/09/2023;7434.83;1635.66;9070.49
FT-2023-15811;16/05/2023;11846.17;2606.16;14452.33
FT-2023-15832;25/04/2023;1687.80;371.32;2059.12
FT-2023-15842;06/08/2023;4303.03;946.67;5249.70
FT-2023-15879;22/05/2023;2577.11;566.96;3144.07
FT-2023-15900;13/07/2023;5662.19;1245.68;6907.87
FT-2023-15902;19/12/2023;4115.02;905.30;5020.32
FT-2023-15908;09/03/2023;8430.13;1854.63;10284.76
FT-2023-16106;27/09/2023;1907.21;419.59;2326.80
FT-2023-16110;09/01/2023;6662.72;1465.80;8128.52
FT-2023-16134;11/12/2023;5809.06;1277.99;7087.05
FT-2023-16155;04/04/2023;1942.74;427.40;2370.14
FT-2023-16184;02/07/2023;4208.80;925.94;5134.74
FT-2023-16199;09/09/2023;10398.10;2287.58;12685.68
FT-2023-16255;28/05/2023;855.07;188.12;1043.19
FT-2023-16274;28/06/2023;11251.33;2475.29;13726.62
FT-2023-16386;04/04/2023;1941.20;427.06;2368.26
FT-2023-16413;17/02/2023;5178.78;1139.33;6318.11
FT-2023-16432;24/12/2023;3296.72;725.28;4022.00
FT-2023-16486;24/10/2023;4989.48;1097.69;6087.17
FT-2023-16510;27/07/2023;1541.44;339.12;1880.56
FT-2023-16521;16/09/2023;2165.15;476.33;2641.48
FT-2023-16601;14/10/2023;10855.63;2388.24;13243.87
FT-2023-16619;31/05/2023;3928.16;864.20;4792.36
FT-2023-16626;27/11/2023;11087.20;2439.18;13526.38
FT-2023-16639;10/02/2023;1838.70;404.51;2243.21
FT-2023-16692;10/04/2023;661.89;145.62;807.51
FT-2023-16699;01/01/2024;7421.38;1632.70;9054.08
FT-2023-16716;06/09/2023;5140.78;1130.97;6271.75
FT-2023-16718;26/05/2023;1219.34;268.25;1487.59
FT-2023-16738;21/08/2023;5658.26;1244.82;6903.08
FT-2023-16768;17/05/2023;2358.70;518.91;2877.61
FT-2023-16785;24/06/2023;3722.73;819.00;4541.73
FT-2023-16816;18/09/2023;12054.61;2652.01;14706.62
FT-2023-16817;17/07/2023;7707.71;1695.70;9403.41
FT-2023-16874;30/01/2023;12467.39;2742.83;15210.22
FT-2023-16954;14/04/2023;8972.23;1973.89;10946.12
FT-2023-16964;19/09/2023;6669.47;1467.28;8136.75
FT-2023-16989;17/06/2023;3976.84;874.90;4851.74
FT-2023-17003;23/01/2023;589.25;129.63;718.88
FT-2023-17050;18/12/2023;10415.13;2291.33;12706.46
FT-2023-17062;17/06/2023;5180.84;1139.78;6320.62
FT-2023-17067;29/10/2023;1534.71;337.64;1872.35
FT-2023-17092;30/07/2023;8156.22;1794.37;9950.59
FT-2023-17107;21/05/2023;4158.70;914.91;5073.61
FT-2023-17131;07/01/2024;4529.45;996.48;5525.93
FT-2023-17261;29/09/2023;3679.10;809.40;4488.50
FT-2023-17267;29/05/2023;5061.53;1113.54;6175.07
FT-2023-17347;22/04/2023;992.25;218.29;1210.54
FT-2023-17354;08/12/2023;5442.02;1197.24;6639.26
FT-2023-17391;27/09/2023;3089.63;679.72;3769.35
FT-2023-17418;02/12/2023;3517.32;773.81;4291.13
FT-2023-17434;26/10/2023;1431.88;315.01;1746.89
FT-2023-17452;25/08/2023;1222.63;268.98;1491.61
FT-2023-17467;11/04/2023;10816.57;2379.65;13196.22
FT-2023-17474;01/05/2023;9070.80;1995.58;11066.38
FT-2023-17503;09/04/2023;5875.96;1292.71;7168.67
FT-2023-17527;29/08/2023;2818.51;620.07;3438.58
FT-2023-17532;05/03/2023;16293.52;3584.57;19878.09
FT-2023-17564;28/07/2023;7699.50;1693.89;9393.39
FT-2023-17569;08/11/2023;4779.33;1051.45;5830.78
FT-2023-17598;04/11/2023;3114.18;685.12;3799.30
FT-2023-17643;04/02/2023;10369.79;2281.35;12651.14
FT-2023-17646;08/10/2023;6290.08;1383.82;7673.90
FT-2023-17719;04/10/2023;2142.33;471.31;2613.64
FT-2023-17739;17/11/2023;3810.23;838.25;4648.48
FT-2023-17775;08/07/2023;2152.53;473.56;2626.09
FT-2023-17833;02/01/2024;2213.26;486.92;2700.18
FT-2023-17846;06/04/2023;5727.91;1260.14;6988.05
FT-2023-17858;02/05/2023;15054.81;3312.06;18366.87
FT-2023-17878;02/08/2023;9419.09;2072.20;11491.29
FT-2023-17879;14/12/2023;5539.82;1218.76;6758.58
FT-2023-17913;17/08/2023;2100.39;462.09;2562.48
FT-2023-17922;06/05/2023;6464.77;1422.25;7887.02
FT-2023-17937;26/07/2023;3235.93;711.90;3947.83
FT-2023-17956;19/11/2023;6022.09;1324.86;7346.95
FT-2023-17958;30/08/2023;5621.84;1236.80;6858.64
FT-2023-17992;15/10/2023;1829.64;402.52;2232.16
FT-2023-18005;04/06/2023;7031.05;1546.83;8577.88
FT-2023-18025;20/02/2023;1517.04;333.75;1850.79
FT-2023-18033;14/01/2023;1359.48;299.09;1658.57
FT-2023-18067;30/08/2023;5657.81;1244.72;6902.53
FT-2023-18088;08/12/2023;3248.95;714.77;3963.72
FT-2023-18168;21/06/2023;4629.02;1018.38;5647.40
FT-2023-18229;30/10/2023;5744.50;1263.79;7008.29
FT-2023-18279;09/02/2023;12632.78;2779.21;15411.99
FT-2023-18313;17/12/2023;6830.46;1502.70;8333.16
FT-2023-18315;18/01/2023;6919.12;1522.21;8441.33
FT-2023-18385;18/06/2023;6073.60;1336.19;7409.79
FT-2023-18415;16/06/2023;5649.21;1242.83;6892.04
FT-2023-18432;01/05/2023;3840.64;844.94;4685.58
FT-2023-18444;07/04/2023;4988.69;1097.51;6086.20
FT-2023-18455;28/02/2023;8304.83;1827.06;10131.89
FT-2023-18490;20/12/2023;2168.11;476.98;2645.09
FT-2023-18535;01/04/2023;1544.87;339.87;1884.74
FT-2023-18561;19/02/2023;5666.67;1246.67;6913.34
FT-2023-18585;04/11/2023;1474.63;324.42;1799.05
FT-2023-18623;21/06/2023;10733.63;2361.40;13095.03
FT-2023-18642;04/05/2023;9750.54;2145.12;11895.66
FT-2023-18678;19/05/2023;3299.17;725.82;4024.99
FT-2023-18686;19/07/2023;1901.37;418.30;2319.67
FT-2023-18715;21/08/2023;7846.01;1726.12;9572.13
FT-2023-18736;14/12/2023;2383.84;524.44;2908.28
FT-2023-18746;09/11/2023;2343.79;515.63;2859.42
FT-2023-18747;11/07/2023;5878.38;1293.24;7171.62
FT-2023-18751;11/08/2023;10728.88;2360.35;13089.23
FT-2023-18818;13/07/2023;2252.25;495.50;2747.75
FT-2023-18837;04/07/2023;3234.73;711.64;3946.37
FT-2023-18838;25/08/2023;4864.38;1070.16;5934.54
FT-2023-18862;31/08/2023;10455.31;2300.17;12755.48
FT-2023-18900;16/03/2023;8137.27;1790.20;9927.47
FT-2023-18903;06/04/2023;3631.33;798.89;4430.22
FT-2023-18914;08/12/2023;2071.65;455.76;2527.41
FT-2023-18917;17/08/2023;7415.79;1631.47;9047.26
FT-2023-18930;19/01/2023;13854.03;3047.89;16901.92
FT-2023-18955;17/07/2023;7219.74;1588.34;8808.08
FT-2023-18968;09/09/2023;12494.53;2748.80;15243.33
FT-2023-19017;26/02/2023;8994.29;1978.74;10973.03
FT-2023-19081;18/05/2023;12036.84;2648.10;14684.94
FT-2023-19100;20/01/2023;2954.42;649.97;3604.39
FT-2023-19101;14/05/2023;11068.96;2435.17;13504.13
FT-2023-19106;28/06/2023;1746.89;384.32;2131.21
FT-2023-19132;20/05/2023;5800.34;1276.07;7076.41
FT-2023-19174;01/09/2023;6548.23;1440.61;7988.84
FT-2023-19233;25/08/2023;1721.93;378.82;2100.75
FT-2023-19302;28/04/2023;10438.72;2296.52;12735.24
FT-2023-19319;26/03/2023;3836.79;844.09;4680.88
FT-2023-19342;20/10/2023;8933.42;1965.35;10898.77
FT-2023-19347;11/04/2023;11823.80;2601.24;14425.04
FT-2023-19374;24/09/2023;4123.20;907.10;5030.30
FT-2023-19428;14/03/2023;7543.59;1659.59;9203.18
FT-2023-19451;19/02/2023;6702.60;1474.57;8177.17
FT-2023-19495;23/08/2023;2112.83;464.82;2577.65
FT-2023-19496;12/06/2023;3984.03;876.49;4860.52
FT-2023-19514;28/04/2023;3458.79;760.93;4219.72
FT-2023-19551;04/06/2023;5907.78;1299.71;7207.49
FT-2023-19592;11/08/2023;589.75;129.75;719.50
FT-2023-19595;04/09/2023;1699.40;373.87;2073.27
FT-2023-19617;19/06/2023;5266.68;1158.67;6425.35
FT-2023-19652;07/09/2023;5380.49;1183.71;6564.20
FT-2023-19725;26/03/2023;1752.97;385.65;2138.62
FT-2023-19745;02/11/2023;8242.46;1813.34;10055.80
FT-2023-19808;26/01/2023;1782.42;392.13;2174.55
FT-2023-19813;22/01/2023;10412.66;2290.79;12703.45
FT-2023-19841;19/11/2023;929.35;204.46;1133.81
FT-2023-19852;05/12/2023;3577.09;786.96;4364.05
FT-2023-19862;09/02/2023;9099.57;2001.91;11101.48
FT-2023-19881;21/11/2023;5858.10;1288.78;7146.88
FT-2023-20004;29/04/2023;1102.64;242.58;1345.22
FT-2023-20043;19/07/2023;4849.76;1066.95;5916.71
FT-2023-20060;02/08/2023;4685.26;1030.76;5716.02
FT-2023-20109;07/08/2023;7774.22;1710.33;9484.55
FT-2023-20136;18/04/2023;11165.78;2456.47;13622.25
FT-2023-20138;16/05/2023;6647.22;1462.39;8109.61
FT-2023-20175;28/01/2023;5071.76;1115.79;6187.55
FT-2023-20218;20/07/2023;6346.84;1396.30;7743.14
FT-2023-20224;15/03/2023;1115.24;245.35;1360.59
FT-2023-20230;29/06/2023;5560.74;1223.36;6784.10
FT-2023-20296;14/11/2023;2014.55;443.20;2457.75
FT-2023-20299;22/12/2023;7198.01;1583.56;8781.57
FT-2023-20327;04/04/2023;6333.20;1393.30;7726.50
FT-2023-20359;27/11/2023;2836.12;623.95;3460.07
FT-2023-20453;22/05/2023;4242.17;933.28;5175.45
FT-2023-20518;23/07/2023;7951.21;1749.27;9700.48
FT-2023-20570;13/10/2023;10573.50;2326.17;12899.67
FT-2023-20589;15/07/2023;5454.76;1200.05;6654.81
FT-2023-20612;04/03/2023;7550.19;1661.04;9211.23
FT-2023-20642;01/10/2023;11009.39;2422.07;13431.46
FT-2023-20688;01/02/2023;6601.73;1452.38;8054.11
FT-2023-20770;03/11/2023;766.73;168.68;935.41
FT-2023-20798;26/03/2023;10382.65;2284.18;12666.83
FT-2023-20800;04/11/2023;4406.28;969.38;5375.66
FT-2023-20839;25/09/2023;1485.71;326.86;1812.57
FT-2023-20892;24/10/2023;10188.07;2241.38;12429.45
FT-2023-20941;30/09/2023;5829.24;1282.43;7111.67
FT-2023-20968;06/06/2023;10005.16;2201.14;12206.30
FT-2023-20972;13/08/2023;12049.43;2650.87;14700.30
FT-2023-21105;01/05/2023;14700.57;3234.13;17934.70
FT-2023-21114;04/04/2023;4101.25;902.27;5003.52
FT-2023-21126;26/12/2023;10964.65;2412.22;13376.87
FT-2023-21172;14/05/2023;9428.60;2074.29;11502.89
FT-2023-21275;03/05/2023;5452.36;1199.52;6651.88
FT-2023-21286;18/04/2023;5369.70;1181.33;6551.03
FT-2023-21304;03/06/2023;6089.51;1339.69;7429.20
FT-2023-21332;06/09/2023;7598.95;1671.77;9270.72
FT-2023-21340;26/09/2023;10119.99;2226.40;12346.39
FT-2023-21365;03/06/2023;4841.65;1065.16;5906.81
FT-2023-21378;17/12/2023;5088.45;1119.46;6207.91
FT-2023-21385;30/07/2023;1722.59;378.97;2101.56
FT-2023-21399;17/10/2023;2242.12;493.27;2735.39
FT-2023-21407;09/03/2023;6400.53;1408.12;7808.65
FT-2023-21416;21/11/2023;11475.05;2524.51;13999.56
FT-2023-21460;26/03/2023;2610.70;574.35;3185.05
FT-2023-21464;02/09/2023;3145.22;691.95;3837.17
FT-2023-21499;04/02/2023;8908.59;1959.89;10868.48
FT-2023-21534;18/01/2023;5790.90;1274.00;7064.90
FT-2023-21563;22/10/2023;2899.51;637.89;3537.40
FT-2023-21570;10/11/2023;6558.16;1442.80;8000.96
FT-2023-21588;20/02/2023;2894.48;636.79;3531.27
FT-2023-21617;22/10/2023;6192.60;1362.37;7554.97
FT-2023-21667;10/10/2023;2642.69;581.39;3224.08
FT-2023-21676;19/12/2023;10776.80;2370.90;13147.70
FT-2023-21683;08/11/2023;10261.81;2257.60;12519.41
FT-2023-21704;09/11/2023;13502.65;2970.58;16473.23
FT-2023-21728;10/05/2023;3988.85;877.55;4866.40
FT-2023-21805;11/07/2023;2180.47;479.70;2660.17
FT-2023-21824;03/01/2024;4500.26;990.06;5490.32
FT-2023-21828;22/11/2023;3099.07;681.80;3780.87
FT-2023-21831;20/03/2023;2458.14;540.79;2998.93
FT-2023-21846;17/11/2023;4228.83;930.34;5159.17
FT-2023-21870;25/05/2023;4763.50;1047.97;5811.47
FT-2023-21927;11/08/2023;9653.89;2123.86;11777.75
FT-2023-21928;30/04/2023;10265.44;2258.40;12523.84
FT-2023-21945;20/10/2023;14123.61;3107.19;17230.80
FT-2023-21970;01/01/2024;252.86;55.63;308.49
FT-2023-21989;31/03/2023;4628.31;1018.23;5646.54
FT-2023-22001;06/02/2023;2884.29;634.54;3518.83
FT-2023-22052;13/03/2023;838.66;184.51;1023.17
FT-2023-22053;13/11/2023;2190.44;481.90;2672.34
FT-2023-22113;14/07/2023;3671.83;807.80;4479.63
FT-2023-22134;22/06/2023;6326.90;1391.92;7718.82
FT-2023-22150;21/03/2023;8414.97;1851.29;10266.26
FT-2023-22221;21/11/2023;4513.34;992.93;5506.27
FT-2023-22230;05/04/2023;5974.35;1314.36;7288.71
FT-2023-22285;11/03/2023;4351.24;957.27;5308.51
FT-2023-22289;23/10/2023;3211.26;706.48;3917.74
FT-2023-22320;02/07/2023;6975.48;1534.61;8510.09
FT-2023-22394;21/08/2023;1314.63;289.22;1603.85
FT-2023-22419;05/12/2023;6760.58;1487.33;8247.91
FT-2023-22434;22/04/2023;1910.89;420.40;2331.29
FT-2023-22449;07/02/2023;7476.04;1644.73;9120.77
FT-2023-22468;20/12/2023;6792.57;1494.37;8286.94
FT-2023-22487;05/06/2023;2474.28;544.34;3018.62
FT-2023-22522;23/09/2023;8553.97;1881.87;10435.84
FT-2023-22553;21/08/2023;6414.65;1411.22;7825.87
FT-2023-22573;18/02/2023;1998.40;439.65;2438.05
FT-2023-22603;30/05/2023;3302.61;726.57;4029.18
FT-2023-22609;26/08/2023;13834.23;3043.53;16877.76
FT-2023-22632;26/05/2023;2049.12;450.81;2499.93
FT-2023-22633;06/08/2023;957.17;210.58;1167.75
FT-2023-22646;06/11/2023;4422.95;973.05;5396.00
FT-2023-22720;17/08/2023;1958.79;430.93;2389.72
FT-2023-22742;04/08/2023;6211.31;1366.49;7577.80
FT-2023-22776;20/09/2023;12519.15;2754.21;15273.36
FT-2023-22813;24/06/2023;11430.24;2514.65;13944.89
FT-2023-22843;08/11/2023;855.45;188.20;1043.65
FT-2023-22851;16/02/2023;5181.13;1139.85;6320.98
FT-2023-22865;07/01/2023;7366.69;1620.67;8987.36
FT-2023-22896;10/02/2023;5434.50;1195.59;6630.09
FT-2023-22905;07/10/2023;10902.32;2398.51;13300.83
FT-2023-22907;28/05/2023;9990.63;2197.94;12188.57
FT-2023-22930;14/07/2023;1679.80;369.56;2049.36
FT-2023-22945;06/09/2023;840.45;184.90;1025.35
FT-2023-22985;08/10/2023;4877.75;1073.11;5950.86
FT-2023-23002;11/10/2023;4095.92;901.10;4997.02
FT-2023-23012;17/03/2023;3382.39;744.13;4126.52
FT-2023-23032;19/05/2023;4228.95;930.37;5159.32
FT-2023-23045;22/12/2023;12943.40;2847.55;15790.95
FT-2023-23048;03/09/2023;9022.37;1984.92;11007.29
FT-2023-23071;08/01/2023;4054.43;891.97;4946.40
FT-2023-23076;10/10/2023;9559.24;2103.03;11662.27
FT-2023-23089;06/06/2023;11641.43;2561.11;14202.54
FT-2023-23093;02/06/2023;901.76;198.39;1100.15
FT-2023-23152;07/07/2023;17178.70;3779.31;20958.01
FT-2023-23183;23/02/2023;4974.73;1094.44;6069.17
FT-2023-23222;14/06/2023;12119.03;2666.19;14785.22
FT-2023-23229;16/03/2023;7749.46;1704.88;9454.34
FT-2023-23266;14/03/2023;4622.98;1017.06;5640.04
FT-2023-23302;15/02/2023;11668.55;2567.08;14235.63
FT-2023-23368;14/08/2023;3283.27;722.32;4005.59
FT-2023-23372;20/05/2023;5785.64;1272.84;7058.48
FT-2023-23388;02/10/2023;9137.04;2010.15;11147.19
FT-2023-23398;29/01/2023;8171.16;1797.66;9968.82
FT-2023-23399;15/05/2023;9799.22;2155.83;11955.05
FT-2023-23403;18/02/2023;12543.14;2759.49;15302.63
FT-2023-23414;15/06/2023;1252.78;275.61;1528.39
FT-2023-23417;21/11/2023;1481.12;325.85;1806.97
FT-2023-23455;17/01/2023;10650.56;2343.12;12993.68
FT-2023-23483;02/11/2023;745.20;163.94;909.14
FT-2023-23544;01/08/2023;7162.46;1575.74;8738.20
FT-2023-23595;23/03/2023;3098.71;681.72;3780.43
FT-2023-23644;16/02/2023;13339.90;2934.78;16274.68
FT-2023-23648;13/12/2023;7300.96;1606.21;8907.17
FT-2023-23655;10/08/2023;1512.69;332.79;1845.48
FT-2023-23700;21/03/2023;742.54;163.36;905.90
FT-2023-23739;08/01/2024;3911.28;860.48;4771.76
FT-2023-23758;25/08/2023;8358.25;1838.82;10197.07
FT-2023-23800;13/10/2023;3875.17;852.54;4727.71
FT-2023-23818;08/04/2023;2809.39;618.07;3427.46
FT-2023-23843;16/11/2023;1085.51;238.81;1324.32
FT-2023-23865;25/01/2023;9928.00;2184.16;12112.16
FT-2023-23885;06/12/2023;9816.14;2159.55;11975.69
FT-2023-23897;11/01/2023;9224.30;2029.35;11253.65
FT-2023-23914;14/10/2023;11641.51;2561.13;14202.64
FT-2023-23927;10/09/2023;8264.79;1818.25;10083.04
FT-2023-23962;05/05/2023;1828.90;402.36;2231.26
FT-2023-23963;03/12/2023;5486.46;1207.02;6693.48
FT-2023-23983;25/04/2023;5747.64;1264.48;7012.12
FT-2023-23995;04/07/2023;8580.29;1887.66;10467.95
FT-2023-24019;09/11/2023;7679.41;1689.47;9368.88
FT-2023-24031;05/01/2024;9264.13;2038.11;11302.24
FT-2023-24088;17/12/2023;5249.92;1154.98;6404.90
FT-2023-24097;01/10/2023;574.26;126.34;700.60
FT-2023-24101;15/11/2023;2852.85;627.63;3480.48
FT-2023-24114;20/01/2023;7009.66;1542.13;8551.79
FT-2023-24129;03/11/2023;4255.04;936.11;5191.15
FT-2023-24195;26/04/2023;3905.70;859.25;4764.95
FT-2023-24213;18/07/2023;736.51;162.03;898.54
FT-2023-24248;22/08/2023;2066.53;454.64;2521.17
FT-2023-24262;14/12/2023;1258.90;276.96;1535.86
FT-2023-24311;25/02/2023;5850.74;1287.16;7137.90
FT-2023-24316;06/07/2023;1860.52;409.31;2269.83
FT-2023-24320;07/06/2023;5233.41;1151.35;6384.76
FT-2023-24328;25/05/2023;5527.90;1216.14;6744.04
FT-2023-24330;19/07/2023;1264.50;278.19;1542.69
FT-2023-24427;12/12/2023;2170.73;477.56;2648.29
FT-2023-24433;28/03/2023;5926.20;1303.76;7229.96
FT-2023-24437;29/03/2023;2660.14;585.23;3245.37
FT-2023-24458;05/05/2023;7175.39;1578.59;8753.98
FT-2023-24477;11/06/2023;4232.90;931.24;5164.14
FT-2023-24501;26/03/2023;9036.61;1988.05;11024.66
FT-2023-24539;06/03/2023;8628.64;1898.30;10526.94
FT-2023-24554;18/10/2023;4636.16;1019.96;5656.12
FT-2023-24597;21/03/2023;4596.01;1011.12;5607.13
FT-2023-24599;15/06/2023;2946.03;648.13;3594.16
FT-2023-24609;26/03/2023;15201.68;3344.37;18546.05
FT-2023-24624;15/09/2023;2989.24;657.63;3646.87
FT-2023-24630;11/08/2023;6715.02;1477.30;8192.32
FT-2023-24676;07/04/2023;4212.19;926.68;5138.87
FT-2023-24696;22/06/2023;2316.32;509.59;2825.91
FT-2023-24733;29/12/2023;14710.20;3236.24;17946.44
FT-2023-24739;07/01/2024;6307.36;1387.62;7694.98
FT-2023-24761;06/07/2023;6719.21;1478.23;8197.44
FT-2023-24780;28/03/2023;2337.61;514.27;2851.88
FT-2023-24786;19/09/2023;14302.53;3146.56;17449.09
FT-2023-24798;06/08/2023;9304.49;2046.99;11351.48
FT-2023-24856;21/12/2023;2392.95;526.45;2919.40
FT-2023-24903;29/04/2023;12779.75;2811.55;15591.30
FT-2023-24944;06/08/2023;643.61;141.59;785.20
FT-2023-24992;05/06/2023;7135.36;1569.78;8705.14
FT-2023-25014;15/02/2023;13288.55;2923.48;16212.03
FT-2023-25016;08/10/2023;4583.14;1008.29;5591.43
FT-2023-25047;20/04/2023;9384.81;2064.66;11449.47
FT-2023-25084;10/10/2023;5733.70;1261.41;6995.11
FT-2023-25085;19/10/2023;1460.78;321.37;1782.15
FT-2023-25088;27/03/2023;4724.35;1039.36;5763.71
FT-2023-25143;31/01/2023;5822.93;1281.04;7103.97
FT-2023-25148;16/08/2023;1792.53;394.36;2186.89
FT-2023-25207;26/06/2023;1373.03;302.07;1675.10
FT-2023-25211;02/08/2023;3953.07;869.68;4822.75
FT-2023-25247;27/06/2023;6256.23;1376.37;7632.60
FT-2023-25295;14/09/2023;3034.00;667.48;3701.48
FT-2023-25325;31/03/2023;2946.97;648.33;3595.30
FT-2023-25404;20/01/2023;8204.80;1805.06;10009.86
FT-2023-25433;23/04/2023;3260.84;717.38;3978.22
FT-2023-25449;12/05/2023;3524.11;775.30;4299.41
FT-2023-25485;13/08/2023;4648.63;1022.70;5671.33
FT-2023-25514;20/04/2023;6050.36;1331.08;7381.44
FT-2023-25547;21/03/2023;4598.02;1011.56;5609.58
FT-2023-25560;22/11/2023;9424.27;2073.34;11497.61
FT-2023-25587;20/01/2023;3191.65;702.16;3893.81
FT-2023-25592;15/10/2023;8362.81;1839.82;10202.63
FT-2023-25609;06/10/2023;8277.91;1821.14;10099.05
FT-2023-25682;02/08/2023;7209.82;1586.16;8795.98
FT-2023-25694;15/01/2023;2833.63;623.40;3457.03
FT-2023-25734;14/07/2023;4805.63;1057.24;5862.87
FT-2023-25771;17/04/2023;13326.15;2931.75;16257.90
FT-2023-25790;01/05/2023;9809.93;2158.18;11968.11
FT-2023-25858;13/11/2023;8199.22;1803.83;10003.05
FT-2023-25865;31/03/2023;3024.55;665.40;3689.95
FT-2023-25903;30/07/2023;10921.89;2402.82;13324.71
FT-2023-25904;25/12/2023;5383.37;1184.34;6567.71
FT-2023-25907;28/07/2023;3357.89;738.74;4096.63
FT-2023-25921;19/04/2023;3361.82;739.60;4101.42
FT-2023-25952;23/12/2023;14793.63;3254.60;18048.23
FT-2023-25993;25/09/2023;1560.17;343.24;1903.41
FT-2023-26088;29/03/2023;3978.80;875.34;4854.14
FT-2023-26091;29/10/2023;4419.94;972.39;5392.33
FT-2023-26100;28/05/2023;7156.55;1574.44;8730.99
FT-2023-26114;22/05/2023;8846.84;1946.30;10793.14
FT-2023-26122;09/10/2023;3349.39;736.87;4086.26
FT-2023-26189;05/02/2023;7313.88;1609.05;8922.93
FT-2023-26240;21/12/2023;937.48;206.25;1143.73
FT-2023-26241;12/12/2023;17117.10;3765.76;20882.86
FT-2023-26253;15/05/2023;5187.14;1141.17;6328.31
FT-2023-26288;25/06/2023;6651.22;1463.27;8114.49
FT-2023-26294;18/09/2023;5524.44;1215.38;6739.82
FT-2023-26326;25/06/2023;3113.62;685.00;3798.62
FT-2023-26328;15/01/2023;6286.39;1383.01;7669.40
FT-2023-26336;09/10/2023;3419.19;752.22;4171.41
FT-2023-26371;15/02/2023;3659.36;805.06;4464.42
FT-2023-26415;30/05/2023;15608.33;3433.83;19042.16
FT-2023-26444;23/11/2023;4714.28;1037.14;5751.42
FT-2023-26470;19/06/2023;2741.38;603.10;3344.48
FT-2023-26487;10/10/2023;5485.78;1206.87;6692.65
FT-2023-26489;30/04/2023;2926.48;643.83;3570.31
FT-2023-26500;09/02/2023;12171.53;2677.74;14849.27
FT-2023-26524;28/07/2023;14047.48;3090.45;17137.93
FT-2023-26538;16/07/2023;1044.12;229.71;1273.83
FT-2023-26610;21/08/2023;5103.77;1122.83;6226.60
FT-2023-26675;15/10/2023;9499.04;2089.79;11588.83
FT-2023-26677;13/05/2023;9707.55;2135.66;11843.21
FT-2023-26678;04/04/2023;9402.75;2068.61;11471.36
FT-2023-26694;07/07/2023;4451.38;979.30;5430.68
FT-2023-26708;18/09/2023;5510.34;1212.27;6722.61
FT-2023-26722;06/06/2023;10912.19;2400.68;13312.87
FT-2023-26769;15/03/2023;13836.57;3044.05;16880.62
FT-2023-26776;06/01/2024;5822.05;1280.85;7102.90
FT-2023-26782;03/09/2023;9550.08;2101.02;11651.10
FT-2023-26811;26/11/2023;1640.33;360.87;2001.20
FT-2023-26817;25/10/2023;11685.11;2570.72;14255.83
FT-2023-26821;09/04/2023;13789.46;3033.68;16823.14
FT-2023-26822;01/03/2023;5936.42;1306.01;7242.43
FT-2023-26828;15/05/2023;8430.82;1854.78;10285.60
FT-2023-26862;12/02/2023;9896.76;2177.29;12074.05
FT-2023-26914;29/09/2023;4543.19;999.50;5542.69
FT-2023-27004;31/05/2023;6124.74;1347.44;7472.18
FT-2023-27020;02/08/2023;5512.14;1212.67;6724.81
FT-2023-27026;04/02/2023;6911.95;1520.63;8432.58
FT-2023-27046;28/06/2023;8093.99;1780.68;9874.67
FT-2023-27050;20/04/2023;3260.60;717.33;3977.93
FT-2023-27108;12/03/2023;5617.43;1235.83;6853.26
FT-2023-27141;13/03/2023;7854.16;1727.92;9582.08
FT-2023-27146;22/08/2023;1176.52;258.83;1435.35
FT-2023-27160;04/02/2023;5822.65;1280.98;7103.63
FT-2023-27175;18/05/2023;4250.61;935.13;5185.74
FT-2023-27203;10/06/2023;1440.97;317.01;1757.98
FT-2023-27220;26/03/2023;3515.03;773.31;4288.34
FT-2023-27261;12/10/2023;5281.17;1161.86;6443.03
FT-2023-27279;21/04/2023;1333.11;293.28;1626.39
FT-2023-27295;02/01/2024;2757.82;606.72;3364.54
FT-2023-27308;10/07/2023;2317.37;509.82;2827.19
FT-2023-27352;29/11/2023;7366.32;1620.59;8986.91
FT-2023-27361;12/05/2023;9301.86;2046.41;11348.27
FT-2023-27364;20/01/2023;2253.73;495.82;2749.55
FT-2023-27368;20/05/2023;3151.46;693.32;3844.78
FT-2023-27380;09/05/2023;5239.07;1152.60;6391.67
FT-2023-27397;13/10/2023;3831.76;842.99;4674.75
FT-2023-27398;10/08/2023;1181.18;259.86;1441.04
FT-2023-27404;17/05/2023;7052.77;1551.61;8604.38
FT-2023-27449;22/06/2023;15429.31;3394.45;18823.76
FT-2023-27454;18/06/2023;5226.45;1149.82;6376.27
FT-2023-27500;30/04/2023;3877.13;852.97;4730.10
FT-2023-27545;11/01/2023;10228.94;2250.37;12479.31
FT-2023-27554;20/12/2023;1619.61;356.31;1975.92
FT-2023-27580;09/05/2023;7593.31;1670.53;9263.84
FT-2023-27584;15/11/2023;4188.43;921.45;5109.88
FT-2023-27664;16/02/2023;5592.69;1230.39;6823.08
FT-2023-27670;14/03/2023;3747.26;824.40;4571.66
FT-2023-27678;27/08/2023;5997.71;1319.50;7317.21
FT-2023-27692;03/10/2023;4813.57;1058.99;5872.56
FT-2023-27725;19/02/2023;8306.35;1827.40;10133.75
FT-2023-27747;28/09/2023;5419.26;1192.24;6611.50
FT-2023-27750;22/11/2023;9128.81;2008.34;11137.15
FT-2023-27789;18/12/2023;4239.88;932.77;5172.65
FT-2023-27797;07/02/2023;7831.48;1722.93;9554.41
FT-2023-27801;21/07/2023;11439.75;2516.74;13956.49
FT-2023-27802;17/09/2023;4740.33;1042.87;5783.20
FT-2023-27804;12/04/2023;3157.98;694.76;3852.74
FT-2023-27838;23/06/2023;8940.59;1966.93;10907.52
FT-2023-27876;25/08/2023;3233.96;711.47;3945.43
FT-2023-27893;05/11/2023;4815.93;1059.50;5875.43
FT-2023-27919;01/02/2023;1773.77;390.23;2164.00
FT-2023-27938;08/06/2023;2386.20;524.96;2911.16
FT-2023-27965;30/01/2023;9432.47;2075.14;11507.61
FT-2023-27972;03/12/2023;13463.83;2962.04;16425.87
FT-2023-28066;03/02/2023;13358.40;2938.85;16297.25
FT-2023-28100;25/09/2023;13414.79;2951.25;16366.04
FT-2023-28176;28/09/2023;6655.75;1464.27;8120.02
FT-2023-28181;01/12/2023;6091.32;1340.09;7431.41
FT-2023-28198;31/03/2023;3383.48;744.37;4127.85
FT-2023-28203;27/07/2023;2341.19;515.06;2856.25
FT-2023-28224;07/12/2023;6636.92;1460.12;8097.04
FT-2023-28258;27/09/2023;7705.73;1695.26;9400.99
FT-2023-28309;28/05/2023;4599.43;1011.87;5611.30
FT-2023-28335;12/05/2023;781.73;171.98;953.71
FT-2023-28339;27/05/2023;4687.71;1031.30;5719.01
FT-2023-28342;17/06/2023;4092.99;900.46;4993.45
FT-2023-28346;18/03/2023;3411.41;750.51;4161.92
FT-2023-28394;05/07/2023;5688.04;1251.37;6939.41
FT-2023-28413;25/10/2023;18461.31;4061.49;22522.80
FT-2023-28455;04/01/2024;2309.64;508.12;2817.76
FT-2023-28468;26/02/2023;4949.88;1088.97;6038.85
FT-2023-28482;16/03/2023;3961.34;871.49;4832.83
FT-2023-28499;18/10/2023;1602.47;352.54;1955.01
FT-2023-28513;09/03/2023;6134.15;1349.51;7483.66
FT-2023-28517;05/09/2023;2475.58;544.63;3020.21
FT-2023-28584;14/05/2023;9907.41;2179.63;12087.04
FT-2023-28605;06/07/2023;2491.38;548.10;3039.48
FT-2023-28631;22/01/2023;4341.85;955.21;5297.06
FT-2023-28639;21/07/2023;2977.31;655.01;3632.32
FT-2023-28671;04/12/2023;1632.43;359.13;1991.56
FT-2023-28674;03/01/2024;3192.41;702.33;3894.74
FT-2023-28677;13/11/2023;8904.80;1959.06;10863.86
FT-2023-28688;28/07/2023;3064.01;674.08;3738.09
FT-2023-28689;15/02/2023;4302.66;946.59;5249.25
FT-2023-28696;20/05/2023;765.16;168.34;933.50
FT-2023-28748;09/12/2023;5988.73;1317.52;7306.25
FT-2023-28765;17/07/2023;8699.51;1913.89;10613.40
FT-2023-28867;06/05/2023;9786.30;2152.99;11939.29
FT-2023-28936;29/04/2023;5629.50;1238.49;6867.99
FT-2023-28960;05/07/2023;5390.07;1185.82;6575.89
FT-2023-28993;20/12/2023;4080.26;897.66;4977.92
FT-2023-29022;12/12/2023;6749.95;1484.99;8234.94
FT-2023-29059;03/04/2023;7414.01;1631.08;9045.09
FT-2023-29068;11/12/2023;10266.62;2258.66;12525.28
FT-2023-29082;12/06/2023;3684.08;810.50;4494.58
FT-2023-29110;21/11/2023;7873.33;1732.13;9605.46
FT-2023-29121;24/04/2023;6333.12;1393.29;7726.41
FT-2023-29132;16/05/2023;16072.53;3535.96;19608.49
FT-2023-29145;30/09/2023;4839.41;1064.67;5904.08
FT-2023-29155;05/08/2023;4854.20;1067.92;5922.12
FT-2023-29160;21/10/2023;9548.75;2100.72;11649.47
FT-2023-29194;10/04/2023;5670.32;1247.47;6917.79
FT-2023-29218;17/10/2023;6757.59;1486.67;8244.26
FT-2023-29317;19/03/2023;637.10;140.16;777.26
FT-2023-29346;28/12/2023;8064.75;1774.25;9839.00
FT-2023-29359;06/08/2023;7661.43;1685.51;9346.94
FT-2023-29367;29/09/2023;6561.38;1443.50;8004.88
FT-2023-29369;24/02/2023;9993.65;2198.60;12192.25
FT-2023-29399;19/08/2023;8168.51;1797.07;9965.58
FT-2023-29445;17/09/2023;3044.18;669.72;3713.90
FT-2023-29458;07/12/2023;2352.90;517.64;2870.54
FT-2023-29493;13/11/2023;10802.75;2376.61;13179.36
FT-2023-29517;08/12/2023;13759.99;3027.20;16787.19
FT-2023-29523;04/01/2024;8727.84;1920.12;10647.96
FT-2023-29540;19/02/2023;8192.73;1802.40;9995.13
FT-2023-29547;02/05/2023;1386.78;305.09;1691.87
FT-2023-29584;15/07/2023;2956.16;650.36;3606.52
FT-2023-29600;04/05/2023;7667.87;1686.93;9354.80
FT-2023-29603;25/12/2023;7315.80;1609.48;8925.28
FT-2023-29613;18/01/2023;1031.67;226.97;1258.64
FT-2023-29638;09/02/2023;2180.63;479.74;2660.37
FT-2023-29676;03/08/2023;2574.71;566.44;3141.15
FT-2023-29702;06/09/2023;3241.33;713.09;3954.42
FT-2023-29711;22/04/2023;4231.37;930.90;5162.27
FT-2023-29754;12/06/2023;4256.26;936.38;5192.64
FT-2023-29756;17/01/2023;6443.00;1417.46;7860.46
FT-2023-29809;10/07/2023;2133.93;469.46;2603.39
FT-2023-29864;20/04/2023;3538.35;778.44;4316.79
FT-2023-29867;25/06/2023;3247.85;714.53;3962.38
FT-2023-29920;15/06/2023;7371.18;1621.66;8992.84
FT-2023-29924;07/07/2023;8276.99;1820.94;10097.93
FT-2023-29945;21/02/2023;6914.90;1521.28;8436.18
FT-2023-29949;29/05/2023;869.93;191.38;1061.31
FT-2023-29969;15/05/2023;1816.82;399.70;2216.52
FT-2023-29978;28/05/2023;2128.82;468.34;2597.16
FT-2023-29991;22/02/2023;4070.61;895.53;4966.14
FT-2023-30077;01/04/2023;4860.31;1069.27;5929.58
FT-2023-30104;07/02/2023;8944.71;1967.84;10912.55
FT-2023-30107;11/10/2023;5264.09;1158.10;6422.19
FT-2023-30149;04/11/2023;1474.09;324.30;1798.39
FT-2023-30165;24/01/2023;10855.31;2388.17;13243.48
FT-2023-30275;11/05/2023;6652.76;1463.61;8116.37
FT-2023-30310;01/02/2023;4551.54;1001.34;5552.88
FT-2023-30340;09/04/2023;6064.17;1334.12;7398.29
FT-2023-30399;31/03/2023;10542.89;2319.44;12862.33
FT-2023-30407;25/10/2023;2736.92;602.12;3339.04
FT-2023-30483;15/09/2023;2017.66;443.89;2461.55
FT-2023-30505;24/01/2023;13955.11;3070.12;17025.23
FT-2023-30509;29/09/2023;3906.79;859.49;4766.28
FT-2023-30588;11/01/2023;9102.99;2002.66;11105.65
FT-2023-30601;05/06/2023;5432.35;1195.12;6627.47
FT-2023-30633;18/10/2023;3607.37;793.62;4400.99
FT-2023-30684;08/03/2023;1694.72;372.84;2067.56
FT-2023-30696;18/03/2023;2466.32;542.59;3008.91
FT-2023-30784;10/12/2023;1974.27;434.34;2408.61
FT-2023-30789;29/03/2023;1565.57;344.43;1910.00
FT-2023-30815;02/02/2023;12444.99;2737.90;15182.89
FT-2023-30854;24/05/2023;13038.77;2868.53;15907.30
FT-2023-30869;11/02/2023;15300.51;3366.11;18666.62
FT-2023-30886;03/05/2023;1045.19;229.94;1275.13
FT-2023-30908;29/11/2023;9992.82;2198.42;12191.24
FT-2023-30935;12/09/2023;1544.44;339.78;1884.22
FT-2023-30949;27/09/2023;8280.17;1821.64;10101.81
FT-2023-31015;28/05/2023;3654.16;803.92;4458.08
FT-2023-31031;05/01/2023;8324.43;1831.37;10155.80
FT-2023-31038;20/07/2023;757.98;166.76;924.74
FT-2023-31050;26/03/2023;5357.11;1178.56;6535.67
FT-2023-31098;18/07/2023;2504.17;550.92;3055.09
FT-2023-31188;01/10/2023;11782.04;2592.05;14374.09
FT-2023-31213;29/05/2023;2497.98;549.56;3047.54
FT-2023-31226;26/06/2023;5495.26;1208.96;6704.22
FT-2023-31242;14/04/2023;3532.66;777.19;4309.85
FT-2023-31276;02/09/2023;5067.50;1114.85;6182.35
FT-2023-31301;22/07/2023;12359.56;2719.10;15078.66
FT-2023-31344;28/02/2023;8503.45;1870.76;10374.21
FT-2023-31345;07/04/2023;9521.40;2094.71;11616.11
FT-2023-31349;28/08/2023;11608.62;2553.90;14162.52
FT-2023-31467;07/08/2023;10845.44;2386.00;13231.44
FT-2023-31504;23/06/2023;10375.24;2282.55;12657.79
FT-2023-31524;19/05/2023;9636.87;2120.11;11756.98
FT-2023-31530;24/03/2023;1935.55;425.82;2361.37
FT-2023-31535;06/08/2023;2127.38;468.02;2595.40
FT-2023-31579;05/07/2023;7891.48;1736.13;9627.61
FT-2023-31592;14/09/2023;2092.45;460.34;2552.79
FT-2023-31612;03/07/2023;8631.74;1898.98;10530.72
FT-2023-31617;06/11/2023;2565.16;564.34;3129.50
FT-2023-31619;26/05/2023;6820.46;1500.50;8320.96
FT-2023-31620;13/06/2023;5535.18;1217.74;6752.92
FT-2023-31676;10/09/2023;3245.00;713.90;3958.90
FT-2023-31687;30/01/2023;6893.58;1516.59;8410.17
FT-2023-31707;24/11/2023;7067.36;1554.82;8622.18
FT-2023-31730;20/07/2023;5997.84;1319.52;7317.36
FT-2023-31750;29/11/2023;4632.48;1019.15;5651.63
FT-2023-31777;06/11/2023;6314.95;1389.29;7704.24
FT-2023-31803;27/06/2023;10680.24;2349.65;13029.89
FT-2023-31825;24/03/2023;7993.54;1758.58;9752.12
FT-2023-31828;28/10/2023;7530.33;1656.67;9187.00
FT-2023-31832;03/07/2023;1319.51;290.29;1609.80
FT-2023-31851;22/07/2023;2530.51;556.71;3087.22
FT-2023-31855;01/01/2024;2106.17;463.36;2569.53
FT-2023-31866;09/11/2023;7207.21;1585.59;8792.80
FT-2023-31875;17/08/2023;5034.30;1107.55;6141.85
FT-2023-31889;13/05/2023;4066.87;894.71;4961.58
FT-2023-31910;12/08/2023;1394.29;306.74;1701.03
FT-2023-31949;27/11/2023;13954.01;3069.88;17023.89
FT-2023-31952;30/08/2023;4352.54;957.56;5310.10
FT-2023-31993;13/12/2023;2296.31;505.19;2801.50
FT-2023-32039;14/12/2023;5508.85;1211.95;6720.80
FT-2023-32093;20/11/2023;6498.86;1429.75;7928.61
FT-2023-32129;24/11/2023;6394.79;1406.85;7801.64
FT-2023-32136;10/01/2023;1844.98;405.90;2250.88
FT-2023-32189;18/05/2023;4703.89;1034.86;5738.75
FT-2023-32203;20/04/2023;11329.09;2492.40;13821.49
FT-2023-32213;22/04/2023;1768.08;388.98;2157.06
FT-2023-32224;11/08/2023;5356.71;1178.48;6535.19
FT-2023-32260;24/03/2023;12158.69;2674.91;14833.60
FT-2023-32262;21/07/2023;574.37;126.36;700.73
FT-2023-32269;08/07/2023;5091.79;1120.19;6211.98
FT-2023-32282;19/10/2023;6154.14;1353.91;7508.05
FT-2023-32315;01/12/2023;1932.27;425.10;2357.37
FT-2023-32352;21/11/2023;4152.14;913.47;5065.61
FT-2023-32358;27/10/2023;5557.39;1222.63;6780.02
FT-2023-32373;13/08/2023;11687.49;2571.25;14258.74
FT-2023-32382;03/04/2023;4735.47;1041.80;5777.27
FT-2023-32405;26/10/2023;12829.11;2822.40;15651.51
FT-2023-32420;30/05/2023;4650.05;1023.01;5673.06
FT-2023-32460;01/06/2023;5168.19;1137.00;6305.19
FT-2023-32495;15/08/2023;12242.46;2693.34;14935.80
FT-2023-32538;20/11/2023;2791.29;614.08;3405.37
FT-2023-32565;21/12/2023;841.93;185.22;1027.15
FT-2023-32569;05/10/2023;8343.35;1835.54;10178.89
FT-2023-32595;17/05/2023;1191.75;262.19;1453.94
FT-2023-32599;23/04/2023;3754.55;826.00;4580.55
FT-2023-32633;04/12/2023;15431.99;3395.04;18827.03
FT-2023-32688;29/06/2023;11868.86;2611.15;14480.01
FT-2023-32703;08/11/2023;1400.57;308.13;1708.70
FT-2023-32711;05/03/2023;6795.49;1495.01;8290.50
FT-2023-32749;28/03/2023;7207.44;1585.64;8793.08
FT-2023-32782;16/02/2023;10521.03;2314.63;12835.66
FT-2023-32822;08/08/2023;2359.99;519.20;2879.19
FT-2023-32845;05/03/2023;4399.13;967.81;5366.94
FT-2023-32860;30/12/2023;2421.20;532.66;2953.86
FT-2023-32868;23/09/2023;1827.49;402.05;2229.54
FT-2023-32889;25/02/2023;9711.71;2136.58;11848.29
FT-2023-32934;06/06/2023;5647.04;1242.35;6889.39
FT-2023-32936;20/10/2023;1626.23;357.77;1984.00
FT-2023-32953;09/11/2023;2517.64;553.88;3071.52
FT-2023-32969;25/12/2023;464.88;102.27;567.15
FT-2023-32971;06/10/2023;5150.12;1133.03;6283.15
FT-2023-32997;30/07/2023;5002.58;1100.57;6103.15
FT-2023-33019;10/01/2023;4058.73;892.92;4951.65
FT-2023-33081;05/03/2023;9751.12;2145.25;11896.37
FT-2023-33088;29/08/2023;6857.80;1508.72;8366.52
FT-2023-33130;11/02/2023;4474.47;984.38;5458.85
FT-2023-33131;03/11/2023;3868.48;851.07;4719.55
FT-2023-33154;06/07/2023;5462.78;1201.81;6664.59
FT-2023-33209;14/02/2023;8460.24;1861.25;10321.49
FT-2023-33248;27/04/2023;2894.11;636.70;3530.81
FT-2023-33275;05/01/2024;4950.85;1089.19;6040.04
FT-2023-33277;26/09/2023;7011.23;1542.47;8553.70
FT-2023-33378;13/04/2023;3041.72;669.18;3710.90
FT-2023-33418;13/03/2023;3089.90;679.78;3769.68
FT-2023-33430;18/04/2023;5999.57;1319.91;7319.48
FT-2023-33467;15/03/2023;645.93;142.10;788.03
FT-2023-33480;16/11/2023;5577.29;1227.00;6804.29
FT-2023-33482;17/11/2023;4427.98;974.16;5402.14
FT-2023-33502;01/03/2023;6389.65;1405.72;7795.37
FT-2023-33519;04/05/2023;5616.49;1235.63;6852.12
FT-2023-33584;20/12/2023;7040.13;1548.83;8588.96
FT-2023-33592;10/12/2023;4064.91;894.28;4959.19
FT-2023-33652;07/08/2023;2400.80;528.18;2928.98
FT-2023-33670;26/06/2023;5832.78;1283.21;7115.99
FT-2023-33690;24/07/2023;6948.62;1528.70;8477.32
FT-2023-33693;07/07/2023;2264.71;498.24;2762.95
FT-2023-33712;08/10/2023;2446.23;538.17;2984.40
FT-2023-33740;11/03/2023;11686.39;2571.01;14257.40
FT-2023-33768;24/01/2023;5487.01;1207.14;6694.15
FT-2023-33829;02/12/2023;3836.97;844.13;4681.10
FT-2023-33867;23/03/2023;8106.15;1783.35;9889.50
FT-2023-33909;30/05/2023;13586.81;2989.10;16575.91
FT-2023-33917;29/06/2023;9545.56;2100.02;11645.58
FT-2023-33928;17/02/2023;14878.53;3273.28;18151.81
FT-2023-33932;21/12/2023;7510.51;1652.31;9162.82
FT-2023-33943;22/12/2023;6094.57;1340.81;7435.38
FT-2023-33950;28/09/2023;8700.96;1914.21;10615.17
FT-2023-33966;21/07/2023;13636.66;3000.07;16636.73
FT-2023-34052;19/01/2023;2602.72;572.60;3175.32
FT-2023-34068;29/11/2023;8578.24;1887.21;10465.45
FT-2023-34083;03/04/2023;3227.60;710.07;3937.67
FT-2023-34084;16/12/2023;2410.71;530.36;2941.07
FT-2023-34123;21/07/2023;10140.35;2230.88;12371.23
FT-2023-34144;08/12/2023;7479.76;1645.55;9125.31
FT-2023-34173;20/11/2023;15741.19;3463.06;19204.25
FT-2023-34196;30/01/2023;14993.27;3298.52;18291.79
FT-2023-34207;01/07/2023;8374.57;1842.41;10216.98
FT-2023-34242;10/03/2023;1032.79;227.21;1260.00
FT-2023-34269;28/09/2023;6057.24;1332.59;7389.83
FT-2023-34274;01/03/2023;2275.78;500.67;2776.45
FT-2023-34292;15/12/2023;11208.05;2465.77;13673.82
FT-2023-34329;18/05/2023;4986.46;1097.02;6083.48
FT-2023-34359;16/06/2023;1609.59;354.11;1963.70
FT-2023-34454;14/08/2023;1252.23;275.49;1527.72
FT-2023-34470;05/04/2023;7970.26;1753.46;9723.72
FT-2023-34492;30/06/2023;6626.63;1457.86;8084.49
FT-2023-34516;05/05/2023;1091.48;240.13;1331.61
FT-2023-34547;06/09/2023;6264.86;1378.27;7643.13
FT-2023-34557;09/06/2023;7874.71;1732.44;9607.15
FT-2023-34562;02/10/2023;10991.46;2418.12;13409.58
FT-2023-34571;12/03/2023;953.54;209.78;1163.32
FT-2023-34594;14/10/2023;5012.08;1102.66;6114.74
FT-2023-34705;14/06/2023;13458.64;2960.90;16419.54
FT-2023-34706;26/08/2023;4737.83;1042.32;5780.15
FT-2023-34723;12/03/2023;3957.71;870.70;4828.41
FT-2023-34732;11/05/2023;11755.20;2586.14;14341.34
FT-2023-34778;02/02/2023;3509.27;772.04;4281.31
FT-2023-34797;01/09/2023;2183.76;480.43;2664.19
FT-2023-34822;23/05/2023;8148.03;1792.57;9940.60
FT-2023-34830;15/12/2023;1973.68;434.21;2407.89
FT-2023-34846;06/07/2023;6515.30;1433.37;7948.67
FT-2023-34869;03/12/2023;7481.33;1645.89;9127.22
FT-2023-34909;31/05/2023;2233.95;491.47;2725.42
FT-2023-34917;25/10/2023;3232.98;711.26;3944.24
FT-2023-34930;10/03/2023;3872.39;851.93;4724.32
FT-2023-34943;11/06/2023;1008.02;221.76;1229.78
FT-2023-35103;23/11/2023;1667.97;366.95;2034.92
FT-2023-35128;04/04/2023;2768.85;609.15;3378.00
FT-2023-35186;10/09/2023;2850.68;627.15;3477.83
FT-2023-35192;04/06/2023;9833.96;2163.47;11997.43
FT-2023-35253;02/04/2023;4716.50;1037.63;5754.13
FT-2023-35270;10/07/2023;7052.88;1551.63;8604.51
FT-2023-35276;11/01/2023;4237.58;932.27;5169.85
FT-2023-35282;06/11/2023;9443.40;2077.55;11520.95
FT-2023-35300;20/05/2023;13411.98;2950.64;16362.62
FT-2023-35366;24/04/2023;6685.60;1470.83;8156.43
FT-2023-35454;01/12/2023;1647.33;362.41;2009.74
FT-2023-35480;27/11/2023;2578.11;567.18;3145.29
FT-2023-35489;03/08/2023;4667.28;1026.80;5694.08
FT-2023-35511;11/04/2023;5645.44;1242.00;6887.44
FT-2023-35544;28/08/2023;3602.19;792.48;4394.67
FT-2023-35554;01/06/2023;8719.19;1918.22;10637.41
FT-2023-35592;20/03/2023;2968.72;653.12;3621.84
FT-2023-35631;26/03/2023;1915.94;421.51;2337.45
FT-2023-35651;09/02/2023;8265.15;1818.33;10083.48
FT-2023-35668;29/09/2023;8288.39;1823.45;10111.84
FT-2023-35741;28/07/2023;9137.91;2010.34;11148.25
FT-2023-35779;24/12/2023;2977.10;654.96;3632.06
FT-2023-35782;17/06/2023;5652.24;1243.49;6895.73
FT-2023-35796;19/12/2023;4218.55;928.08;5146.63
FT-2023-35798;13/09/2023;5569.91;1225.38;6795.29
FT-2023-35821;10/02/2023;5036.70;1108.07;6144.77
FT-2023-35859;16/08/2023;11981.65;2635.96;14617.61
FT-2023-35866;31/10/2023;8578.23;1887.21;10465.44
FT-2023-35905;16/07/2023;12372.70;2721.99;15094.69
FT-2023-35943;11/01/2023;2121.09;466.64;2587.73
FT-2023-36004;31/05/2023;1592.86;350.43;1943.29
FT-2023-36044;28/10/2023;14292.66;3144.39;17437.05
FT-2023-36045;19/11/2023;5311.81;1168.60;6480.41
FT-2023-36090;22/08/2023;11175.45;2458.60;13634.05
FT-2023-36092;01/03/2023;4462.99;981.86;5444.85
FT-2023-36103;26/01/2023;11060.70;2433.35;13494.05
FT-2023-36106;29/12/2023;2507.43;551.63;3059.06
FT-2023-36114;19/10/2023;4337.93;954.34;5292.27
FT-2023-36166;24/07/2023;5884.55;1294.60;7179.15
FT-2023-36181;21/10/2023;8915.72;1961.46;10877.18
FT-2023-36187;19/10/2023;3523.75;775.23;4298.98
FT-2023-36208;19/05/2023;10595.86;2331.09;12926.95
FT-2023-36225;24/09/2023;2099.62;461.92;2561.54
FT-2023-36226;31/07/2023;1801.39;396.31;2197.70
FT-2023-36228;07/11/2023;4420.09;972.42;5392.51
FT-2023-36239;04/05/2023;4199.77;923.95;5123.72
FT-2023-36290;15/02/2023;11627.31;2558.01;14185.32
FT-2023-36335;21/03/2023;5715.67;1257.45;6973.12
FT-2023-36382;26/05/2023;2666.57;586.65;3253.22
FT-2023-36422;29/05/2023;11375.50;2502.61;13878.11
FT-2023-36455;30/01/2023;5077.82;1117.12;6194.94
FT-2023-36486;29/08/2023;3153.05;693.67;3846.72
FT-2023-36517;01/02/2023;11796.98;2595.34;14392.32
FT-2023-36519;10/02/2023;2692.57;592.37;3284.94
FT-2023-36579;07/07/2023;3770.64;829.54;4600.18
FT-2023-36595;29/09/2023;7871.15;1731.65;9602.80
FT-2023-36600;25/10/2023;7678.26;1689.22;9367.48
FT-2023-36606;07/09/2023;2660.17;585.24;3245.41
FT-2023-36631;27/07/2023;5787.00;1273.14;7060.14
FT-2023-36633;15/04/2023;7970.25;1753.45;9723.70
FT-2023-36676;07/02/2023;7453.09;1639.68;9092.77
FT-2023-36712;14/06/2023;3981.13;875.85;4856.98
FT-2023-36726;01/06/2023;6905.16;1519.14;8424.30
FT-2023-36759;23/08/2023;1215.75;267.46;1483.21
FT-2023-36763;26/04/2023;321.04;70.63;391.67
FT-2023-36784;02/06/2023;1442.89;317.44;1760.33
FT-2023-36794;25/05/2023;1709.15;376.01;2085.16
FT-2023-36815;13/01/2023;3859.55;849.10;4708.65
FT-2023-36891;27/09/2023;4890.84;1075.98;5966.82
FT-2023-36958;31/03/2023;5183.12;1140.29;6323.41
FT-2023-36988;21/10/2023;7578.33;1667.23;9245.56
FT-2023-37030;03/02/2023;1761.40;387.51;2148.91
FT-2023-37060;03/12/2023;9849.94;2166.99;12016.93
FT-2023-37111;07/10/2023;3617.06;795.75;4412.81
FT-2023-37114;07/08/2023;5764.82;1268.26;7033.08
FT-2023-37125;25/07/2023;7009.78;1542.15;8551.93
FT-2023-37255;11/07/2023;12873.53;2832.18;15705.71
FT-2023-37274;11/01/2023;2134.90;469.68;2604.58
FT-2023-37317;11/05/2023;10512.79;2312.81;12825.60
FT-2023-37320;22/11/2023;5783.54;1272.38;7055.92
FT-2023-37335;12/08/2023;6594.03;1450.69;8044.72
FT-2023-37341;24/12/2023;4696.78;1033.29;5730.07
FT-2023-37356;04/06/2023;2077.54;457.06;2534.60
FT-2023-37378;24/09/2023;8830.24;1942.65;10772.89
FT-2023-37389;17/03/2023;5030.54;1106.72;6137.26
FT-2023-37404;05/06/2023;17568.42;3865.05;21433.47
FT-2023-37426;10/03/2023;12903.11;2838.68;15741.79
FT-2023-37455;16/09/2023;2317.87;509.93;2827.80
FT-2023-37522;13/10/2023;1260.86;277.39;1538.25
FT-2023-37525;21/05/2023;3447.84;758.52;4206.36
FT-2023-37533;27/03/2023;6818.76;1500.13;8318.89
FT-2023-37554;03/04/2023;5013.79;1103.03;6116.82
FT-2023-37579;22/11/2023;6012.93;1322.84;7335.77
FT-2023-37607;23/07/2023;695.65;153.04;848.69
FT-2023-37656;02/11/2023;3764.00;828.08;4592.08
FT-2023-37666;20/01/2023;6313.94;1389.07;7703.01
FT-2023-37667;28/01/2023;2801.41;616.31;3417.72
FT-2023-37707;21/04/2023;10543.33;2319.53;12862.86
FT-2023-37779;11/07/2023;5480.56;1205.72;6686.28
FT-2023-37795;05/09/2023;5697.05;1253.35;6950.40
FT-2023-37814;26/05/2023;4623.47;1017.16;5640.63
FT-2023-37843;16/06/2023;2165.74;476.46;2642.20
FT-2023-37853;24/09/2023;4606.79;1013.49;5620.28
FT-2023-37903;05/01/2024;12105.07;2663.12;14768.19
FT-2023-37950;26/03/2023;1637.93;360.34;1998.27
FT-2023-37960;24/05/2023;3119.74;686.34;3806.08
FT-2023-37999;17/03/2023;1200.31;264.07;1464.38
FT-2023-38022;29/01/2023;8645.05;1901.91;10546.96
FT-2023-38040;04/06/2023;14620.15;3216.43;17836.58
FT-2023-38101;26/08/2023;11392.04;2506.25;13898.29
FT-2023-38120;22/03/2023;2117.13;465.77;2582.90
FT-2023-38174;08/09/2023;5731.82;1261.00;6992.82
FT-2023-38196;09/01/2023;1157.14;254.57;1411.71
FT-2023-38213;21/05/2023;1953.51;429.77;2383.28
FT-2023-38282;27/01/2023;4672.67;1027.99;5700.66
FT-2023-38319;25/07/2023;3812.91;838.84;4651.75
FT-2023-38333;20/04/2023;8520.43;1874.49;10394.92
FT-2023-38336;07/12/2023;4734.41;1041.57;5775.98
FT-2023-38345;16/12/2023;6583.84;1448.44;8032.28
FT-2023-38386;28/09/2023;3769.21;829.23;4598.44
FT-2023-38431;13/02/2023;2382.00;524.04;2906.04
FT-2023-38449;09/06/2023;2674.95;588.49;3263.44
FT-2023-38463;06/10/2023;9317.48;2049.85;11367.33
FT-2023-38472;05/12/2023;8671.05;1907.63;10578.68
FT-2023-38521;24/09/2023;1500.22;330.05;1830.27
FT-2023-38536;26/11/2023;1596.55;351.24;1947.79
FT-2023-38550;10/05/2023;5211.66;1146.57;6358.23
FT-2023-38578;14/10/2023;2861.34;629.49;3490.83
FT-2023-38613;26/04/2023;4836.75;1064.09;5900.84
FT-2023-38655;05/12/2023;15066.29;3314.58;18380.87
FT-2023-38691;29/10/2023;1427.09;313.96;1741.05
FT-2023-38823;07/10/2023;1645.97;362.11;2008.08
FT-2023-38874;03/06/2023;7165.64;1576.44;8742.08
FT-2023-38889;22/08/2023;5442.54;1197.36;6639.90
FT-2023-38890;17/04/2023;8502.10;1870.46;10372.56
FT-2023-38913;14/06/2023;3849.65;846.92;4696.57
FT-2023-38937;23/07/2023;2898.56;637.68;3536.24
FT-2023-39024;01/04/2023;1357.52;298.65;1656.17
FT-2023-39028;13/06/2023;5142.78;1131.41;6274.19
FT-2023-39039;09/10/2023;2869.13;631.21;3500.34
FT-2023-39053;15/02/2023;9817.95;2159.95;11977.90
FT-2023-39055;31/03/2023;1121.24;246.67;1367.91
FT-2023-39100;31/12/2023;9339.22;2054.63;11393.85
FT-2023-39127;19/05/2023;5467.59;1202.87;6670.46
FT-2023-39130;11/11/2023;7269.28;1599.24;8868.52
FT-2023-39216;22/09/2023;6951.78;1529.39;8481.17
FT-2023-39264;28/11/2023;13283.90;2922.46;16206.36
FT-2023-39276;17/03/2023;4164.13;916.11;5080.24
FT-2023-39287;11/02/2023;6995.62;1539.04;8534.66
FT-2023-39290;09/04/2023;6181.40;1359.91;7541.31
FT-2023-39304;30/04/2023;803.95;176.87;980.82
FT-2023-39365;04/12/2023;1142.87;251.43;1394.30
FT-2023-39415;18/04/2023;9093.18;2000.50;11093.68
FT-2023-39552;02/06/2023;1681.20;369.86;2051.06
FT-2023-39562;13/10/2023;5167.57;1136.87;6304.44
FT-2023-39572;09/10/2023;11813.11;2598.88;14411.99
FT-2023-39598;22/02/2023;8285.58;1822.83;10108.41
FT-2023-39639;11/09/2023;3662.38;805.72;4468.10
FT-2023-39643;11/04/2023;4503.61;990.79;5494.40
FT-2023-39654;19/01/2023;5481.78;1205.99;6687.77
FT-2023-39678;18/11/2023;8011.42;1762.51;9773.93
FT-2023-39680;19/09/2023;2066.34;454.59;2520.93
FT-2023-39699;08/05/2023;1626.39;357.81;1984.20
FT-2023-39734;28/03/2023;7688.28;1691.42;9379.70
FT-2023-39752;04/01/2023;2292.50;504.35;2796.85
FT-2023-39753;18/11/2023;840.75;184.97;1025.72
FT-2023-39768;04/05/2023;1588.75;349.52;1938.27
FT-2023-39803;01/07/2023;1735.35;381.78;2117.13
FT-2023-39804;02/08/2023;13323.67;2931.21;16254.88
FT-2023-39889;26/01/2023;4421.80;972.80;5394.60
FT-2023-39904;27/07/2023;543.49;119.57;663.06
FT-2023-39947;31/08/2023;9433.05;2075.27;11508.32
FT-2023-39971;18/10/2023;893.78;196.63;1090.41
FT-2023-40010;19/07/2023;7248.54;1594.68;8843.22
FT-2023-40063;07/11/2023;4548.80;1000.74;5549.54
FT-2023-40102;19/07/2023;2244.94;493.89;2738.83
FT-2023-40104;03/06/2023;10497.86;2309.53;12807.39
FT-2023-40148;14/06/2023;10345.24;2275.95;12621.19
FT-2023-40169;08/09/2023;15533.20;3417.30;18950.50
FT-2023-40172;22/07/2023;3885.92;854.90;4740.82
FT-2023-40233;17/02/2023;5712.94;1256.85;6969.79
FT-2023-40253;12/11/2023;2446.26;538.18;2984.44
FT-2023-40353;12/08/2023;5927.23;1303.99;7231.22
FT-2023-40359;09/11/2023;2477.03;544.95;3021.98
FT-2023-40446;28/03/2023;6686.58;1471.05;8157.63
FT-2023-40467;03/09/2023;3734.46;821.58;4556.04
FT-2023-40468;26/01/2023;5655.26;1244.16;6899.42
FT-2023-40546;13/02/2023;3085.85;678.89;3764.74
FT-2023-40572;01/03/2023;7780.53;1711.72;9492.25
FT-2023-40585;05/11/2023;12923.46;2843.16;15766.62
FT-2023-40622;22/03/2023;9679.76;2129.55;11809.31
FT-2023-40661;28/05/2023;5135.31;1129.77;6265.08
FT-2023-40705;28/04/2023;2486.71;547.08;3033.79
FT-2023-40739;02/07/2023;5056.80;1112.50;6169.30
FT-2023-40746;07/05/2023;11587.65;2549.28;14136.93
FT-2023-40760;14/05/2023;1367.74;300.90;1668.64
FT-2023-40765;22/08/2023;4628.83;1018.34;5647.17
FT-2023-40805;26/08/2023;7749.16;1704.82;9453.98
FT-2023-40825;09/06/2023;8196.53;1803.24;9999.77
FT-2023-40839;23/12/2023;607.92;133.74;741.66
FT-2023-40854;27/06/2023;6291.94;1384.23;7676.17
FT-2023-40860;23/12/2023;10151.11;2233.24;12384.35
FT-2023-40867;16/08/2023;11530.18;2536.64;14066.82
FT-2023-40933;29/10/2023;4220.53;928.52;5149.05
FT-2023-40968;26/04/2023;4992.15;1098.27;6090.42
FT-2023-40974;23/11/2023;879.60;193.51;1073.11
FT-2023-41126;04/11/2023;11785.06;2592.71;14377.77
FT-2023-41130;21/06/2023;10114.90;2225.28;12340.18
FT-2023-41156;12/06/2023;6256.64;1376.46;7633.10
FT-2023-41170;04/09/2023;4995.73;1099.06;6094.79
FT-2023-41174;24/10/2023;3007.90;661.74;3669.64
FT-2023-41208;28/07/2023;6122.72;1347.00;7469.72
FT-2023-41227;27/06/2023;6680.49;1469.71;8150.20
FT-2023-41322;04/07/2023;1193.43;262.55;1455.98
FT-2023-41427;16/01/2023;3513.27;772.92;4286.19
FT-2023-41460;25/09/2023;7281.55;1601.94;8883.49
FT-2023-41468;30/03/2023;7698.09;1693.58;9391.67
FT-2023-41488;15/12/2023;5284.77;1162.65;6447.42
FT-2023-41492;26/04/2023;5376.90;1182.92;6559.82
FT-2023-41506;28/01/2023;4293.32;944.53;5237.85
FT-2023-41513;07/01/2024;15062.22;3313.69;18375.91
FT-2023-41552;24/08/2023;2314.74;509.24;2823.98
FT-2023-41571;28/09/2023;7437.32;1636.21;9073.53
FT-2023-41604;30/07/2023;7163.89;1576.06;8739.95
FT-2023-41627;31/07/2023;5008.34;1101.83;6110.17
FT-2023-41667;13/11/2023;8519.70;1874.33;10394.03
FT-2023-41668;27/03/2023;9165.00;2016.30;11181.30
FT-2023-41697;15/01/2023;12645.51;2782.01;15427.52
FT-2023-41729;25/06/2023;7846.10;1726.14;9572.24
FT-2023-41730;08/01/2023;4648.52;1022.67;5671.19
FT-2023-41750;13/03/2023;7173.96;1578.27;8752.23
FT-2023-41770;16/09/2023;14019.36;3084.26;17103.62
FT-2023-41850;10/02/2023;12224.62;2689.42;14914.04
FT-2023-41884;11/08/2023;5817.92;1279.94;7097.86
FT-2023-41908;17/03/2023;6455.12;1420.13;7875.25
FT-2023-41919;01/03/2023;7902.78;1738.61;9641.39
FT-2023-41930;19/04/2023;3369.97;741.39;4111.36
FT-2023-41988;09/11/2023;7307.88;1607.73;8915.61
FT-2023-42030;21/02/2023;5334.33;1173.55;6507.88
FT-2023-42040;18/06/2023;4986.74;1097.08;6083.82
FT-2023-42051;28/10/2023;1208.65;265.90;1474.55
FT-2023-42063;02/07/2023;8604.61;1893.01;10497.62
FT-2023-42075;29/07/2023;4597.39;1011.43;5608.82
FT-2023-42151;25/07/2023;13104.20;2882.92;15987.12
FT-2023-42154;04/11/2023;4045.29;889.96;4935.25
FT-2023-42191;13/09/2023;755.35;166.18;921.53
FT-2023-42209;09/12/2023;3520.37;774.48;4294.85
FT-2023-42211;14/10/2023;4650.38;1023.08;5673.46
FT-2023-42223;21/04/2023;12898.01;2837.56;15735.57
FT-2023-42250;16/06/2023;4556.03;1002.33;5558.36
FT-2023-42297;28/10/2023;6161.81;1355.60;7517.41
FT-2023-42307;12/10/2023;4057.57;892.67;4950.24
FT-2023-42317;19/07/2023;2303.03;506.67;2809.70
FT-2023-42331;02/12/2023;2150.35;473.08;2623.43
FT-2023-42336;23/02/2023;4731.53;1040.94;5772.47
FT-2023-42381;26/05/2023;1008.13;221.79;1229.92
FT-2023-42445;27/12/2023;715.47;157.40;872.87
FT-2023-42547;08/02/2023;862.11;189.66;1051.77
FT-2023-42553;11/11/2023;10139.69;2230.73;12370.42
FT-2023-42565;21/11/2023;11671.82;2567.80;14239.62
FT-2023-42568;08/01/2023;917.18;201.78;1118.96
FT-2023-42616;31/01/2023;5854.72;1288.04;7142.76
FT-2023-42624;27/06/2023;10406.22;2289.37;12695.59
FT-2023-42632;01/06/2023;11135.77;2449.87;13585.64
FT-2023-42662;23/10/2023;800.57;176.13;976.70
FT-2023-42680;01/03/2023;2726.49;599.83;3326.32
FT-2023-42731;16/05/2023;8992.54;1978.36;10970.90
FT-2023-42834;19/01/2023;1718.91;378.16;2097.07
FT-2023-42923;23/12/2023;5293.22;1164.51;6457.73
FT-2023-42950;31/10/2023;3196.96;703.33;3900.29
FT-2023-42963;31/08/2023;3367.94;740.95;4108.89
FT-2023-42973;23/12/2023;3513.46;772.96;4286.42
FT-2023-43053;25/12/2023;2381.63;523.96;2905.59
FT-2023-43088;03/12/2023;3938.54;866.48;4805.02
FT-2023-43126;23/09/2023;2897.08;637.36;3534.44
FT-2023-43146;18/08/2023;5492.63;1208.38;6701.01
FT-2023-43201;05/04/2023;11884.24;2614.53;14498.77
FT-2023-43204;15/02/2023;8975.50;1974.61;10950.11
FT-2023-43311;29/03/2023;3333.75;733.42;4067.17
FT-2023-43318;05/08/2023;3017.17;663.78;3680.95
FT-2023-43372;07/06/2023;600.56;132.12;732.68
FT-2023-43409;27/01/2023;3078.97;677.37;3756.34
FT-2023-43432;01/04/2023;752.27;165.50;917.77
FT-2023-43433;18/03/2023;3723.93;819.26;4543.19
FT-2023-43451;06/11/2023;2428.30;534.23;2962.53
FT-2023-43460;15/09/2023;8671.39;1907.71;10579.10
FT-2023-43464;21/04/2023;3723.59;819.19;4542.78
FT-2023-43492;27/04/2023;6251.89;1375.42;7627.31
FT-2023-43532;27/05/2023;9420.31;2072.47;11492.78
FT-2023-43574;17/04/2023;13163.41;2895.95;16059.36
FT-2023-43586;01/01/2024;13922.90;3063.04;16985.94
FT-2023-43590;26/04/2023;3850.93;847.20;4698.13
FT-2023-43612;22/01/2023;11885.90;2614.90;14500.80
FT-2023-43613;04/08/2023;8151.48;1793.33;9944.81
FT-2023-43639;29/04/2023;4688.68;1031.51;5720.19
FT-2023-43670;24/06/2023;2208.42;485.85;2694.27
FT-2023-43707;13/08/2023;8220.16;1808.44;10028.60
FT-2023-43746;28/09/2023;3187.80;701.32;3889.12
FT-2023-43753;01/07/2023;7159.55;1575.10;8734.65
FT-2023-43754;15/01/2023;3311.27;728.48;4039.75
FT-2023-43763;19/05/2023;3362.64;739.78;4102.42
FT-2023-43772;30/11/2023;7221.61;1588.75;8810.36
FT-2023-43776;14/09/2023;4568.04;1004.97;5573.01
FT-2023-43800;29/01/2023;10461.45;2301.52;12762.97
FT-2023-43870;06/04/2023;11324.57;2491.41;13815.98
FT-2023-43928;19/03/2023;7424.18;1633.32;9057.50
FT-2023-43935;20/05/2023;4150.54;913.12;5063.66
FT-2023-43936;26/03/2023;9318.81;2050.14;11368.95
FT-2023-43951;19/02/2023;7983.04;1756.27;9739.31
FT-2023-43981;17/01/2023;3689.95;811.79;4501.74
FT-2023-44040;20/02/2023;2579.22;567.43;3146.65
FT-2023-44065;02/08/2023;1383.31;304.33;1687.64
FT-2023-44087;26/05/2023;4094.90;900.88;4995.78
FT-2023-44104;22/06/2023;10242.29;2253.30;12495.59
FT-2023-44116;20/12/2023;9251.48;2035.33;11286.81
FT-2023-44153;17/11/2023;1911.71;420.58;2332.29
FT-2023-44155;30/08/2023;10323.22;2271.11;12594.33
FT-2023-44191;28/06/2023;3759.91;827.18;4587.09
FT-2023-44217;05/08/2023;2153.07;473.68;2626.75
FT-2023-44218;30/05/2023;10016.13;2203.55;12219.68
FT-2023-44224;23/06/2023;7219.13;1588.21;8807.34
FT-2023-44232;25/07/2023;5701.23;1254.27;6955.50
FT-2023-44262;27/03/2023;10319.51;2270.29;12589.80
FT-2023-44275;16/03/2023;2695.58;593.03;3288.61
FT-2023-44291;03/04/2023;1377.67;303.09;1680.76
FT-2023-44350;02/11/2023;7150.34;1573.07;8723.41
FT-2023-44361;20/08/2023;3899.50;857.89;4757.39
FT-2023-44384;03/01/2024;5371.28;1181.68;6552.96
FT-2023-44387;16/05/2023;10775.30;2370.57;13145.87
FT-2023-44399;03/12/2023;4883.52;1074.37;5957.89
FT-2023-44498;26/11/2023;1450.40;319.09;1769.49
FT-2023-44509;20/12/2023;5560.12;1223.23;6783.35
FT-2023-44521;13/07/2023;9548.40;2100.65;11649.05
FT-2023-44527;18/07/2023;8066.56;1774.64;9841.20
FT-2023-44547;17/10/2023;771.75;169.78;941.53
FT-2023-44555;18/05/2023;2032.95;447.25;2480.20
FT-2023-44558;03/07/2023;3106.99;683.54;3790.53
FT-2023-44573;03/02/2023;6716.31;1477.59;8193.90
FT-2023-44604;28/03/2023;3312.78;728.81;4041.59
FT-2023-44615;25/07/2023;3285.12;722.73;4007.85
FT-2023-44647;17/06/2023;6459.71;1421.14;7880.85
FT-2023-44654;21/05/2023;5589.37;1229.66;6819.03
FT-2023-44671;16/08/2023;5345.36;1175.98;6521.34
FT-2023-44688;10/03/2023;5722.33;1258.91;6981.24
FT-2023-44698;13/01/2023;14800.84;3256.18;18057.02
FT-2023-44745;02/12/2023;6754.27;1485.94;8240.21
FT-2023-44755;23/11/2023;7723.67;1699.21;9422.88
FT-2023-44777;20/08/2023;6546.61;1440.25;7986.86
FT-2023-44854;17/08/2023;7228.33;1590.23;8818.56
FT-2023-44858;23/02/2023;7654.61;1684.01;9338.62
FT-2023-44878;21/04/2023;903.04;198.67;1101.71
FT-2023-44891;28/01/2023;13717.13;3017.77;16734.90
FT-2023-44926;22/04/2023;1063.92;234.06;1297.98
FT-2023-44987;18/11/2023;3909.73;860.14;4769.87
FT-2023-44990;02/08/2023;3307.71;727.70;4035.41
FT-2023-45008;12/03/2023;8304.26;1826.94;10131.20
FT-2023-45020;04/10/2023;11744.79;2583.85;14328.64
FT-2023-45060;13/10/2023;1836.57;404.05;2240.62
FT-2023-45084;18/05/2023;4477.05;984.95;5462.00
FT-2023-45112;18/04/2023;10846.55;2386.24;13232.79
FT-2023-45119;06/04/2023;2643.57;581.59;3225.16
FT-2023-45126;17/08/2023;9065.06;1994.31;11059.37
FT-2023-45157;29/04/2023;4862.79;1069.81;5932.60
FT-2023-45159;07/06/2023;5465.49;1202.41;6667.90
FT-2023-45162;24/06/2023;9388.57;2065.49;11454.06
FT-2023-45177;02/02/2023;5121.96;1126.83;6248.79
FT-2023-45184;06/07/2023;1237.57;272.27;1509.84
FT-2023-45203;04/09/2023;10328.89;2272.36;12601.25
FT-2023-45252;21/04/2023;2719.32;598.25;3317.57
FT-2023-45255;15/09/2023;16119.06;3546.19;19665.25
FT-2023-45266;05/12/2023;8787.46;1933.24;10720.70
FT-2023-45305;18/07/2023;6305.20;1387.14;7692.34
FT-2023-45375;29/06/2023;3091.25;680.08;3771.33
FT-2023-45484;31/08/2023;4012.89;882.84;4895.73
FT-2023-45500;12/06/2023;1852.62;407.58;2260.20
FT-2023-45528;12/04/2023;3771.18;829.66;4600.84
FT-2023-45538;03/07/2023;8869.40;1951.27;10820.67
FT-2023-45540;04/09/2023;4151.47;913.32;5064.79
FT-2023-45560;18/08/2023;6726.63;1479.86;8206.49
FT-2023-45562;26/05/2023;15043.93;3309.66;18353.59
FT-2023-45570;03/11/2023;7970.61;1753.53;9724.14
FT-2023-45600;23/09/2023;10551.50;2321.33;12872.83
FT-2023-45610;25/05/2023;21065.03;4634.31;25699.34
FT-2023-45619;10/01/2023;2563.97;564.07;3128.04
FT-2023-45666;19/03/2023;2516.66;553.67;3070.33
FT-2023-45713;08/07/2023;1389.91;305.78;1695.69
FT-2023-45720;08/06/2023;1429.73;314.54;1744.27
FT-2023-45728;28/09/2023;7804.93;1717.08;9522.01
FT-2023-45739;18/11/2023;11355.92;2498.30;13854.22
FT-2023-45749;03/12/2023;6525.94;1435.71;7961.65
FT-2023-45804;25/08/2023;5115.04;1125.31;6240.35
FT-2023-45880;18/06/2023;1272.80;280.02;1552.82
FT-2023-45915;06/10/2023;5931.79;1304.99;7236.78
FT-2023-45933;11/05/2023;1669.05;367.19;2036.24
FT-2023-45946;13/07/2023;7854.83;1728.06;9582.89
FT-2023-45952;16/09/2023;9059.28;1993.04;11052.32
FT-2023-45982;06/03/2023;11813.35;2598.94;14412.29
FT-2023-46006;08/05/2023;1792.60;394.37;2186.97
FT-2023-46028;09/08/2023;7858.11;1728.78;9586.89
FT-2023-46054;12/05/2023;11999.00;2639.78;14638.78
FT-2023-46059;03/05/2023;5314.90;1169.28;6484.18
FT-2023-46065;22/12/2023;9239.94;2032.79;11272.73
FT-2023-46091;29/10/2023;1506.77;331.49;1838.26
FT-2023-46144;24/06/2023;10051.45;2211.32;12262.77
FT-2023-46162;27/03/2023;8410.92;1850.40;10261.32
FT-2023-46285;01/12/2023;12284.29;2702.54;14986.83
FT-2023-46289;16/03/2023;3357.03;738.55;4095.58
FT-2023-46301;13/07/2023;9312.51;2048.75;11361.26
FT-2023-46323;20/12/2023;5012.51;1102.75;6115.26
FT-2023-46331;08/02/2023;1989.80;437.76;2427.56
FT-2023-46368;22/02/2023;9191.41;2022.11;11213.52
FT-2023-46396;15/12/2023;2333.12;513.29;2846.41
FT-2023-46464;19/06/2023;1702.84;374.62;2077.46
FT-2023-46468;30/01/2023;6679.43;1469.47;8148.90
FT-2023-46489;30/08/2023;1514.39;333.17;1847.56
FT-2023-46519;06/05/2023;4072.16;895.88;4968.04
FT-2023-46526;12/05/2023;4525.07;995.52;5520.59
FT-2023-46558;01/11/2023;5474.06;1204.29;6678.35
FT-2023-46584;27/08/2023;12320.06;2710.41;15030.47
FT-2023-46605;06/10/2023;4566.19;1004.56;5570.75
FT-2023-46627;09/11/2023;6508.43;1431.85;7940.28
FT-2023-46707;14/10/2023;8811.79;1938.59;10750.38
FT-2023-46716;24/08/2023;7518.80;1654.14;9172.94
FT-2023-46722;05/09/2023;5524.23;1215.33;6739.56
FT-2023-46728;11/08/2023;9557.17;2102.58;11659.75
FT-2023-46751;09/06/2023;506.03;111.33;617.36
FT-2023-46791;12/05/2023;8737.58;1922.27;10659.85
FT-2023-46820;11/11/2023;5396.10;1187.14;6583.24
FT-2023-46828;11/06/2023;9562.07;2103.66;11665.73
FT-2023-46861;09/09/2023;3798.25;835.62;4633.87
FT-2023-46926;27/06/2023;7691.63;1692.16;9383.79
FT-2023-47003;23/11/2023;945.73;208.06;1153.79
FT-2023-47126;05/01/2024;5709.03;1255.99;6965.02
FT-2023-47164;19/11/2023;12556.45;2762.42;15318.87
FT-2023-47194;17/12/2023;6417.36;1411.82;7829.18
FT-2023-47204;08/03/2023;4378.76;963.33;5342.09
FT-2023-47210;20/01/2023;5898.50;1297.67;7196.17
FT-2023-47310;21/12/2023;6327.46;1392.04;7719.50
FT-2023-47316;27/01/2023;12498.70;2749.71;15248.41
FT-2023-47393;10/10/2023;3509.08;772.00;4281.08
FT-2023-47396;01/01/2024;1759.62;387.12;2146.74
FT-2023-47423;21/05/2023;7137.03;1570.15;8707.18
FT-2023-47469;13/06/2023;3161.93;695.62;3857.55
FT-2023-47484;18/11/2023;15179.94;3339.59;18519.53
FT-2023-47553;31/07/2023;6693.38;1472.54;8165.92
FT-2023-47564;01/03/2023;9217.43;2027.83;11245.26
FT-2023-47578;22/06/2023;1261.83;277.60;1539.43
FT-2023-47612;29/03/2023;7080.84;1557.78;8638.62
FT-2023-47650;01/03/2023;830.58;182.73;1013.31
FT-2023-47653;06/07/2023;6517.09;1433.76;7950.85
FT-2023-47688;30/05/2023;2573.57;566.19;3139.76
FT-2023-47695;10/10/2023;4267.17;938.78;5205.95
FT-2023-47720;21/03/2023;2249.72;494.94;2744.66
FT-2023-47741;20/11/2023;3612.76;794.81;4407.57
FT-2023-47767;28/10/2023;4339.13;954.61;5293.74
FT-2023-47797;20/07/2023;6696.50;1473.23;8169.73
FT-2023-47798;13/03/2023;10287.57;2263.27;12550.84
FT-2023-47842;21/12/2023;10745.44;2364.00;13109.44
FT-2023-47853;18/08/2023;8855.53;1948.22;10803.75
FT-2023-47878;20/03/2023;8432.02;1855.04;10287.06
FT-2023-47935;23/12/2023;667.91;146.94;814.85
FT-2023-47977;02/01/2024;1396.75;307.29;1704.04
FT-2023-48014;14/04/2023;5752.85;1265.63;7018.48
FT-2023-48053;13/11/2023;984.55;216.60;1201.15
FT-2023-48066;21/09/2023;11017.16;2423.78;13440.94
FT-2023-48091;02/05/2023;5880.97;1293.81;7174.78
FT-2023-48095;10/04/2023;6750.01;1485.00;8235.01
FT-2023-48110;08/12/2023;5810.53;1278.32;7088.85
FT-2023-48129;13/05/2023;7856.18;1728.36;9584.54
FT-2023-48143;17/02/2023;8096.62;1781.26;9877.88
FT-2023-48179;11/05/2023;1995.20;438.94;2434.14
FT-2023-48187;13/07/2023;3373.94;742.27;4116.21
FT-2023-48207;08/09/2023;6954.46;1529.98;8484.44
FT-2023-48260;12/11/2023;8945.03;1967.91;10912.94
FT-2023-48320;05/05/2023;1248.27;274.62;1522.89
FT-2023-48372;15/04/2023;9058.29;1992.82;11051.11
FT-2023-48404;04/08/2023;15688.17;3451.40;19139.57
FT-2023-48417;03/02/2023;8932.33;1965.11;10897.44
FT-2023-48418;13/01/2023;5295.91;1165.10;6461.01
FT-2023-48427;06/11/2023;1441.75;317.19;1758.94
FT-2023-48438;19/03/2023;9483.73;2086.42;11570.15
FT-2023-48458;24/06/2023;1585.23;348.75;1933.98
FT-2023-48461;01/05/2023;5940.45;1306.90;7247.35
FT-2023-48506;05/09/2023;9964.90;2192.28;12157.18
FT-2023-48524;31/08/2023;5948.19;1308.60;7256.79
FT-2023-48578;02/12/2023;4033.42;887.35;4920.77
FT-2023-48583;10/11/2023;9386.79;2065.09;11451.88
FT-2023-48616;28/07/2023;8970.19;1973.44;10943.63
FT-2023-48632;16/03/2023;3580.84;787.78;4368.62
FT-2023-48663;02/08/2023;3294.56;724.80;4019.36
FT-2023-48671;08/10/2023;9919.55;2182.30;12101.85
FT-2023-48727;30/05/2023;3630.59;798.73;4429.32
FT-2023-48802;03/09/2023;5552.33;1221.51;6773.84
FT-2023-48827;09/07/2023;12214.80;2687.26;14902.06
FT-2023-48838;08/12/2023;3055.31;672.17;3727.48
FT-2023-48841;27/12/2023;8579.33;1887.45;10466.78
FT-2023-48856;29/10/2023;2769.10;609.20;3378.30
FT-2023-48861;05/11/2023;6387.13;1405.17;7792.30
FT-2023-48863;17/11/2023;1598.63;351.70;1950.33
FT-2023-48883;16/01/2023;4621.85;1016.81;5638.66
FT-2023-48946;09/10/2023;6514.62;1433.22;7947.84
FT-2023-48948;31/03/2023;1646.79;362.29;2009.08
FT-2023-49049;10/04/2023;1573.63;346.20;1919.83
FT-2023-49058;17/10/2023;8589.23;1889.63;10478.86
FT-2023-49068;28/05/2023;1081.71;237.98;1319.69
FT-2023-49088;18/03/2023;247.71;54.50;302.21
FT-2023-49115;25/06/2023;11770.97;2589.61;14360.58
FT-2023-49140;21/11/2023;4582.38;1008.12;5590.50
FT-2023-49183;18/09/2023;1197.86;263.53;1461.39
FT-2023-49213;21/06/2023;1280.15;281.63;1561.78
FT-2023-49225;27/09/2023;5590.26;1229.86;6820.12
FT-2023-49326;13/08/2023;4628.97;1018.37;5647.34
FT-2023-49343;03/03/2023;6107.03;1343.55;7450.58
FT-2023-49401;26/11/2023;1062.61;233.77;1296.38
FT-2023-49416;25/02/2023;3670.69;807.55;4478.24
FT-2023-49428;08/06/2023;11004.58;2421.01;13425.59
FT-2023-49442;06/06/2023;10881.55;2393.94;13275.49
FT-2023-49456;07/04/2023;1533.04;337.27;1870.31
FT-2023-49461;01/03/2023;8189.99;1801.80;9991.79
FT-2023-49465;09/09/2023;6836.02;1503.92;8339.94
FT-2023-49467;14/03/2023;1764.59;388.21;2152.80
FT-2023-49492;17/06/2023;3651.92;803.42;4455.34
FT-2023-49503;16/11/2023;9841.89;2165.22;12007.11
FT-2023-49523;09/02/2023;4136.85;910.11;5046.96
FT-2023-49529;19/02/2023;5724.71;1259.44;6984.15
FT-2023-49542;23/03/2023;3658.07;804.78;4462.85
FT-2023-49560;01/10/2023;4978.07;1095.18;6073.25
FT-2023-49599;31/08/2023;4420.01;972.40;5392.41
FT-2023-49603;19/05/2023;3755.78;826.27;4582.05
FT-2023-49649;23/04/2023;6423.40;1413.15;7836.55
FT-2023-49654;23/09/2023;2139.11;470.60;2609.71
FT-2023-49657;09/05/2023;7120.54;1566.52;8687.06
FT-2023-49666;06/09/2023;11159.32;2455.05;13614.37
FT-2023-49707;30/10/2023;2515.07;553.32;3068.39
FT-2023-49759;06/12/2023;882.28;194.10;1076.38
FT-2023-49843;02/04/2023;5412.45;1190.74;6603.19
FT-2023-49901;01/11/2023;6573.11;1446.08;8019.19
FT-2023-49920;08/03/2023;4620.13;1016.43;5636.56
FT-2023-49942;12/11/2023;3420.45;752.50;4172.95
FT-2023-49961;21/08/2023;6438.57;1416.49;7855.06
FT-2023-49980;12/11/2023;7904.25;1738.93;9643.18
FT-2023-49984;28/04/2023;12461.20;2741.46;15202.66
FT-2023-50009;11/04/2023;9578.84;2107.34;11686.18
FT-2023-50018;04/06/2023;2370.69;521.55;2892.24
FT-2023-50019;10/08/2023;5390.31;1185.87;6576.18
FT-2023-50044;19/12/2023;14274.59;3140.41;17415.00
FT-2023-50065;11/11/2023;15362.49;3379.75;18742.24
FT-2023-50138;30/05/2023;3854.04;847.89;4701.93
FT-2023-50183;18/02/2023;7852.17;1727.48;9579.65
FT-2023-50194;02/12/2023;3357.99;738.76;4096.75
FT-2023-50211;28/10/2023;7333.08;1613.28;8946.36
FT-2023-50226;26/07/2023;4394.65;966.82;5361.47
FT-2023-50233;26/12/2023;6009.84;1322.16;7332.00
FT-2023-50277;24/01/2023;4151.12;913.25;5064.37
FT-2023-50299;21/01/2023;11020.29;2424.46;13444.75
FT-2023-50306;14/07/2023;4652.80;1023.62;5676.42
FT-2023-50361;11/12/2023;1649.92;362.98;2012.90
FT-2023-50384;23/08/2023;5280.96;1161.81;6442.77
FT-2023-50545;17/05/2023;4184.69;920.63;5105.32
FT-2023-50588;08/09/2023;1270.30;279.47;1549.77
FT-2023-50598;19/02/2023;2485.82;546.88;3032.70
FT-2023-50602;05/02/2023;1863.21;409.91;2273.12
FT-2023-50643;08/05/2023;11090.18;2439.84;13530.02
FT-2023-50646;30/09/2023;1398.36;307.64;1706.00
FT-2023-50672;23/01/2023;4940.56;1086.92;6027.48
FT-2023-50676;06/06/2023;7588.74;1669.52;9258.26
FT-2023-50695;26/05/2023;2231.62;490.96;2722.58
FT-2023-50770;27/11/2023;13501.97;2970.43;16472.40
FT-2023-50916;20/08/2023;6789.29;1493.64;8282.93
FT-2023-50953;19/06/2023;2759.21;607.03;3366.24
FT-2023-50963;10/05/2023;2700.95;594.21;3295.16
FT-2023-50969;11/06/2023;6233.54;1371.38;7604.92
FT-2023-51025;24/01/2023;2780.50;611.71;3392.21
FT-2023-51031;17/04/2023;7404.51;1628.99;9033.50
FT-2023-51035;10/02/2023;7399.93;1627.98;9027.91
FT-2023-51057;22/10/2023;13106.30;2883.39;15989.69
FT-2023-51104;28/04/2023;2507.63;551.68;3059.31
FT-2023-51118;03/08/2023;7231.20;1590.86;8822.06
FT-2023-51151;22/11/2023;4971.86;1093.81;6065.67
FT-2023-51197;16/05/2023;3721.64;818.76;4540.40
FT-2023-51254;24/12/2023;12468.47;2743.06;15211.53
FT-2023-51297;06/06/2023;8654.21;1903.93;10558.14
FT-2023-51335;21/08/2023;4408.55;969.88;5378.43
FT-2023-51407;02/02/2023;6489.37;1427.66;7917.03
FT-2023-51409;12/02/2023;1018.07;223.98;1242.05
FT-2023-51420;01/12/2023;4393.82;966.64;5360.46
FT-2023-51444;14/05/2023;7544.10;1659.70;9203.80
FT-2023-51531;02/07/2023;2334.19;513.52;2847.71
FT-2023-51543;16/08/2023;7255.44;1596.20;8851.64
FT-2023-51637;06/01/2024;4399.81;967.96;5367.77
FT-2023-51679;25/11/2023;7422.52;1632.95;9055.47
FT-2023-51695;26/06/2023;5700.92;1254.20;6955.12
FT-2023-51696;07/03/2023;6898.02;1517.56;8415.58
FT-2023-51699;09/02/2023;2725.60;599.63;3325.23
FT-2023-51703;26/01/2023;12839.07;2824.60;15663.67
FT-2023-51721;04/09/2023;2621.52;576.73;3198.25
FT-2023-51738;10/10/2023;8905.56;1959.22;10864.78
FT-2023-51781;12/07/2023;3118.52;686.07;3804.59
FT-2023-51783;04/04/2023;2428.38;534.24;2962.62
FT-2023-51791;01/06/2023;3876.96;852.93;4729.89
FT-2023-51821;12/07/2023;6914.10;1521.10;8435.20
FT-2023-51823;14/02/2023;7902.77;1738.61;9641.38
FT-2023-51829;25/07/2023;5140.14;1130.83;6270.97
FT-2023-51851;13/05/2023;11910.41;2620.29;14530.70
FT-2023-51853;29/07/2023;7715.18;1697.34;9412.52
FT-2023-51856;07/10/2023;792.92;174.44;967.36
FT-2023-51918;07/04/2023;1496.48;329.23;1825.71
FT-2023-51925;03/04/2023;3246.44;714.22;3960.66
FT-2023-51947;28/10/2023;13118.92;2886.16;16005.08
FT-2023-51975;12/09/2023;15393.87;3386.65;18780.52
FT-2023-51989;11/02/2023;7434.02;1635.48;9069.50
FT-2023-52002;25/02/2023;3628.15;798.19;4426.34
FT-2023-52037;16/07/2023;7847.30;1726.41;9573.71
FT-2023-52142;20/01/2023;9345.39;2055.99;11401.38
FT-2023-52188;13/10/2023;4785.58;1052.83;5838.41
FT-2023-52202;29/09/2023;4486.51;987.03;5473.54
FT-2023-52217;13/12/2023;7129.02;1568.38;8697.40
FT-2023-52235;30/12/2023;1821.11;400.64;2221.75
FT-2023-52252;07/07/2023;11171.98;2457.84;13629.82
FT-2023-52260;23/01/2023;11720.80;2578.58;14299.38
FT-2023-52279;27/05/2023;11887.00;2615.14;14502.14
FT-2023-52294;18/07/2023;3175.40;698.59;3873.99
FT-2023-52311;31/03/2023;1217.33;267.81;1485.14
FT-2023-52347;28/02/2023;2337.87;514.33;2852.20
FT-2023-52398;19/03/2023;6392.64;1406.38;7799.02
FT-2023-52400;25/10/2023;8135.86;1789.89;9925.75
FT-2023-52424;19/01/2023;1992.31;438.31;2430.62
FT-2023-52478;02/06/2023;12098.52;2661.67;14760.19
FT-2023-52479;03/06/2023;5412.87;1190.83;6603.70
FT-2023-52493;29/10/2023;17181.28;3779.88;20961.16
FT-2023-52522;02/12/2023;4211.69;926.57;5138.26
FT-2023-52524;09/03/2023;570.84;125.58;696.42
FT-2023-52530;17/01/2023;1987.10;437.16;2424.26
FT-2023-52532;24/09/2023;1324.01;291.28;1615.29
FT-2023-52551;10/07/2023;9103.58;2002.79;11106.37
FT-2023-52567;11/04/2023;1796.42;395.21;2191.63
FT-2023-52568;25/12/2023;4599.01;1011.78;5610.79
FT-2023-52647;04/08/2023;3125.54;687.62;3813.16
FT-2023-52816;03/02/2023;11450.93;2519.20;13970.13
FT-2023-52829;26/01/2023;13789.57;3033.71;16823.28
FT-2023-52955;23/11/2023;2956.70;650.47;3607.17
FT-2023-52961;19/03/2023;7919.11;1742.20;9661.31
FT-2023-52993;24/10/2023;16450.15;3619.03;20069.18
FT-2023-53091;23/02/2023;8767.18;1928.78;10695.96
FT-2023-53154;25/05/2023;7395.80;1627.08;9022.88
FT-2023-53190;22/03/2023;7343.56;1615.58;8959.14
FT-2023-53191;07/07/2023;8025.97;1765.71;9791.68
FT-2023-53205;28/06/2023;3045.55;670.02;3715.57
FT-2023-53214;11/10/2023;2563.19;563.90;3127.09
FT-2023-53258;21/01/2023;2088.20;459.40;2547.60
FT-2023-53259;04/02/2023;4060.95;893.41;4954.36
FT-2023-53272;27/10/2023;5822.68;1280.99;7103.67
FT-2023-53285;08/01/2023;815.91;179.50;995.41
FT-2023-53288;21/06/2023;4137.20;910.18;5047.38
FT-2023-53360;31/03/2023;3306.91;727.52;4034.43
FT-2023-53411;25/11/2023;9664.46;2126.18;11790.64
FT-2023-53430;03/09/2023;2278.79;501.33;2780.12
FT-2023-53482;04/10/2023;2933.80;645.44;3579.24
FT-2023-53491;23/08/2023;7469.27;1643.24;9112.51
FT-2023-53500;18/10/2023;606.04;133.33;739.37
FT-2023-53505;01/12/2023;3720.02;818.40;4538.42
FT-2023-53522;24/08/2023;5865.80;1290.48;7156.28
FT-2023-53538;27/02/2023;9378.45;2063.26;11441.71
FT-2023-53589;26/10/2023;1027.07;225.96;1253.03
FT-2023-53660;22/04/2023;9424.29;2073.34;11497.63
FT-2023-53686;28/01/2023;7704.45;1694.98;9399.43
FT-2023-53688;14/10/2023;6901.56;1518.34;8419.90
FT-2023-53689;27/04/2023;5145.86;1132.09;6277.95
FT-2023-53693;18/09/2023;8582.82;1888.22;10471.04
FT-2023-53716;12/07/2023;3617.38;795.82;4413.20
FT-2023-53719;16/05/2023;7831.92;1723.02;9554.94
FT-2023-53721;23/09/2023;5098.85;1121.75;6220.60
FT-2023-53737;21/08/2023;5511.27;1212.48;6723.75
FT-2023-53741;16/01/2023;12898.85;2837.75;15736.60
FT-2023-53747;26/06/2023;5846.60;1286.25;7132.85
FT-2023-53841;19/11/2023;10165.01;2236.30;12401.31
FT-2023-53849;05/09/2023;5613.02;1234.86;6847.88
FT-2023-53872;15/06/2023;2976.44;654.82;3631.26
FT-2023-53929;04/10/2023;5649.48;1242.89;6892.37
FT-2023-53936;31/12/2023;5485.11;1206.72;6691.83
FT-2023-54095;31/01/2023;4795.84;1055.08;5850.92
FT-2023-54119;05/05/2023;2198.13;483.59;2681.72
FT-2023-54157;24/02/2023;4567.10;1004.76;5571.86
FT-2023-54159;13/10/2023;3444.81;757.86;4202.67
FT-2023-54223;24/06/2023;8904.76;1959.05;10863.81
FT-2023-54251;28/10/2023;6211.66;1366.57;7578.23
FT-2023-54324;10/10/2023;4626.84;1017.90;5644.74
FT-2023-54351;11/03/2023;5488.59;1207.49;6696.08
FT-2023-54353;06/06/2023;2417.03;531.75;2948.78
FT-2023-54414;10/06/2023;3716.31;817.59;4533.90
FT-2023-54436;19/09/2023;10589.04;2329.59;12918.63
FT-2023-54466;12/11/2023;4687.03;1031.15;5718.18
FT-2023-54489;23/03/2023;6691.97;1472.23;8164.20
FT-2023-54492;09/08/2023;8345.42;1835.99;10181.41
FT-2023-54498;01/10/2023;9367.46;2060.84;11428.30
FT-2023-54532;19/08/2023;9353.84;2057.84;11411.68
FT-2023-54587;02/06/2023;18077.11;3976.96;22054.07
FT-2023-54612;23/01/2023;4400.56;968.12;5368.68
FT-2023-54613;23/09/2023;5042.86;1109.43;6152.29
FT-2023-54659;05/01/2024;1491.92;328.22;1820.14
FT-2023-54665;14/06/2023;8388.70;1845.51;10234.21
FT-2023-54724;13/10/2023;13791.85;3034.21;16826.06
FT-2023-54742;27/08/2023;10480.02;2305.60;12785.62
FT-2023-54755;29/03/2023;963.42;211.95;1175.37
FT-2023-54868;17/12/2023;4565.37;1004.38;5569.75
FT-2023-54883;06/11/2023;8532.16;1877.08;10409.24
FT-2023-54975;30/11/2023;1648.21;362.61;2010.82
FT-2023-54978;26/12/2023;6214.04;1367.09;7581.13
FT-2023-54982;11/11/2023;198.61;43.69;242.30
FT-2023-55009;08/01/2023;4596.04;1011.13;5607.17
FT-2023-55072;21/04/2023;6228.27;1370.22;7598.49
FT-2023-55073;04/11/2023;1401.95;308.43;1710.38
FT-2023-55085;05/06/2023;2920.93;642.60;3563.53
FT-2023-55142;13/09/2023;5509.95;1212.19;6722.14
FT-2023-55166;13/07/2023;4953.61;1089.79;6043.40
FT-2023-55191;12/05/2023;3845.08;845.92;4691.00
FT-2023-55271;02/02/2023;2534.18;557.52;3091.70
FT-2023-55275;22/06/2023;3651.72;803.38;4455.10
FT-2023-55309;11/07/2023;5196.57;1143.25;6339.82
FT-2023-55355;03/04/2023;8788.09;1933.38;10721.47
FT-2023-55466;28/05/2023;5877.49;1293.05;7170.54
FT-2023-55540;22/10/2023;1248.01;274.56;1522.57
FT-2023-55619;26/10/2023;2776.88;610.91;3387.79
FT-2023-55641;09/07/2023;7697.67;1693.49;9391.16
FT-2023-55642;13/03/2023;2927.75;644.11;3571.86
FT-2023-55701;30/04/2023;6115.46;1345.40;7460.86
FT-2023-55711;15/10/2023;2012.54;442.76;2455.30
FT-2023-55733;29/12/2023;12351.12;2717.25;15068.37
FT-2023-55738;25/01/2023;4704.77;1035.05;5739.82
FT-2023-55760;20/01/2023;9248.59;2034.69;11283.28
FT-2023-55852;05/07/2023;11491.37;2528.10;14019.47
FT-2023-55854;22/06/2023;4589.17;1009.62;5598.79
FT-2023-55918;17/04/2023;2526.67;555.87;3082.54
FT-2023-55925;16/07/2023;1978.37;435.24;2413.61
FT-2023-55946;10/09/2023;4722.30;1038.91;5761.21
FT-2023-55959;20/03/2023;6055.18;1332.14;7387.32
FT-2023-55960;16/08/2023;2661.09;585.44;3246.53
FT-2023-55968;06/06/2023;13659.26;3005.04;16664.30
FT-2023-55978;21/12/2023;534.23;117.53;651.76
FT-2023-55997;26/06/2023;11557.18;2542.58;14099.76
FT-2023-56008;08/06/2023;1804.43;396.97;2201.40
FT-2023-56023;07/10/2023;8236.71;1812.08;10048.79
FT-2023-56058;02/02/2023;5769.09;1269.20;7038.29
FT-2023-56060;17/07/2023;1254.38;275.96;1530.34
FT-2023-56113;19/08/2023;1014.54;223.20;1237.74
FT-2023-56174;26/05/2023;13630.90;2998.80;16629.70
FT-2023-56224;10/05/2023;2373.36;522.14;2895.50
FT-2023-56259;20/03/2023;1001.57;220.35;1221.92
FT-2023-56293;03/12/2023;6089.69;1339.73;7429.42
FT-2023-56303;23/04/2023;9619.39;2116.27;11735.66
FT-2023-56309;12/01/2023;9857.40;2168.63;12026.03
FT-2023-56332;19/04/2023;6518.33;1434.03;7952.36
FT-2023-56348;22/04/2023;4970.17;1093.44;6063.61
FT-2023-56364;04/05/2023;12684.75;2790.64;15475.39
FT-2023-56383;03/03/2023;6294.11;1384.70;7678.81
FT-2023-56396;25/03/2023;14559.75;3203.14;17762.89
FT-2023-56429;22/03/2023;1811.40;398.51;2209.91
FT-2023-56441;06/07/2023;7934.49;1745.59;9680.08
FT-2023-56455;11/05/2023;4686.48;1031.03;5717.51
FT-2023-56492;30/11/2023;10229.44;2250.48;12479.92
FT-2023-56497;20/08/2023;4107.06;903.55;5010.61
FT-2023-56551;29/11/2023;1019.24;224.23;1243.47
FT-2023-56554;17/10/2023;1829.98;402.60;2232.58
FT-2023-56595;22/10/2023;999.99;220.00;1219.99
FT-2023-56600;23/06/2023;6381.72;1403.98;7785.70
FT-2023-56633;19/09/2023;2377.83;523.12;2900.95
FT-2023-56641;09/08/2023;3127.12;687.97;3815.09
FT-2023-56664;31/07/2023;5111.96;1124.63;6236.59
FT-2023-56675;18/03/2023;15363.03;3379.87;18742.90
FT-2023-56711;18/10/2023;6006.07;1321.34;7327.41
FT-2023-56879;24/05/2023;4855.32;1068.17;5923.49
FT-2023-56905;20/09/2023;11670.79;2567.57;14238.36
FT-2023-56931;02/07/2023;4792.61;1054.37;5846.98
FT-2023-56952;26/06/2023;8698.93;1913.76;10612.69
FT-2023-56993;16/04/2023;16319.22;3590.23;19909.45
FT-2023-57023;04/02/2023;2701.76;594.39;3296.15
FT-2023-57047;12/08/2023;16313.39;3588.95;19902.34
FT-2023-57053;21/10/2023;13959.03;3070.99;17030.02
FT-2023-57083;10/10/2023;1217.95;267.95;1485.90
FT-2023-57117;10/06/2023;4855.59;1068.23;5923.82
FT-2023-57176;13/04/2023;15611.56;3434.54;19046.10
FT-2023-57243;17/07/2023;5478.32;1205.23;6683.55
FT-2023-57327;30/06/2023;8772.89;1930.04;10702.93
FT-2023-57339;25/07/2023;10483.72;2306.42;12790.14
FT-2023-57342;04/01/2024;3391.61;746.15;4137.76
FT-2023-57347;07/03/2023;6250.18;1375.04;7625.22
FT-2023-57378;03/03/2023;4276.78;940.89;5217.67
FT-2023-57380;29/08/2023;14328.38;3152.24;17480.62
FT-2023-57384;20/02/2023;9472.33;2083.91;11556.24
FT-2023-57386;22/02/2023;5138.03;1130.37;6268.40
FT-2023-57389;20/11/2023;2171.08;477.64;2648.72
FT-2023-57396;09/01/2023;2522.31;554.91;3077.22
FT-2023-57467;21/12/2023;11265.07;2478.32;13743.39
FT-2023-57497;17/01/2023;2325.96;511.71;2837.67
FT-2023-57513;19/10/2023;3713.95;817.07;4531.02
FT-2023-57543;06/04/2023;3489.84;767.76;4257.60
FT-2023-57550;05/08/2023;8560.75;1883.37;10444.12
FT-2023-57628;08/10/2023;6642.59;1461.37;8103.96
FT-2023-57641;29/10/2023;1687.95;371.35;2059.30
FT-2023-57667;05/02/2023;3367.42;740.83;4108.25
FT-2023-57671;02/12/2023;1446.30;318.19;1764.49
FT-2023-57674;10/07/2023;6648.16;1462.60;8110.76
FT-2023-57680;13/03/2023;8197.29;1803.40;10000.69
FT-2023-57682;26/07/2023;10939.87;2406.77;13346.64
FT-2023-57695;05/02/2023;5732.76;1261.21;6993.97
FT-2023-57717;16/01/2023;3097.96;681.55;3779.51
FT-2023-57769;30/03/2023;4334.37;953.56;5287.93
FT-2023-57770;31/12/2023;1695.28;372.96;2068.24
FT-2023-57779;22/04/2023;10619.12;2336.21;12955.33
FT-2023-57783;30/10/2023;3422.92;753.04;4175.96
FT-2023-57869;05/06/2023;7342.18;1615.28;8957.46
FT-2023-57883;16/11/2023;7606.45;1673.42;9279.87
FT-2023-57939;18/07/2023;6163.94;1356.07;7520.01
FT-2023-57945;25/05/2023;2239.36;492.66;2732.02
FT-2023-57946;11/08/2023;3719.33;818.25;4537.58
FT-2023-57999;15/12/2023;2030.93;446.80;2477.73
FT-2023-58009;15/08/2023;8659.33;1905.05;10564.38
FT-2023-58084;21/05/2023;2707.20;595.58;3302.78
FT-2023-58143;10/07/2023;1851.27;407.28;2258.55
FT-2023-58173;07/11/2023;5652.10;1243.46;6895.56
FT-2023-58226;05/09/2023;3626.50;797.83;4424.33
FT-2023-58235;06/02/2023;4154.78;914.05;5068.83
FT-2023-58252;01/08/2023;3377.98;743.16;4121.14
FT-2023-58311;30/05/2023;10036.63;2208.06;12244.69
FT-2023-58318;10/09/2023;9033.37;1987.34;11020.71
FT-2023-58343;29/07/2023;4576.46;1006.82;5583.28
FT-2023-58429;27/02/2023;3670.51;807.51;4478.02
FT-2023-58476;15/11/2023;1848.39;406.65;2255.04
FT-2023-58539;13/12/2023;573.14;126.09;699.23
FT-2023-58607;16/03/2023;1275.16;280.54;1555.70
FT-2023-58610;25/12/2023;3707.79;815.71;4523.50
FT-2023-58624;18/02/2023;6563.10;1443.88;8006.98
FT-2023-58675;20/11/2023;5578.75;1227.33;6806.08
FT-2023-58735;17/11/2023;10717.95;2357.95;13075.90
FT-2023-58794;21/03/2023;7516.62;1653.66;9170.28
FT-2023-58810;08/08/2023;939.02;206.58;1145.60
FT-2023-58825;10/06/2023;2429.70;534.53;2964.23
FT-2023-58846;14/05/2023;14126.51;3107.83;17234.34
FT-2023-58867;19/03/2023;3340.98;735.02;4076.00
FT-2023-58918;14/10/2023;11244.79;2473.85;13718.64
FT-2023-58938;08/10/2023;2273.23;500.11;2773.34
FT-2023-58961;21/01/2023;11335.00;2493.70;13828.70
FT-2023-58985;23/07/2023;8392.65;1846.38;10239.03
FT-2023-58989;14/07/2023;1336.96;294.13;1631.09
FT-2023-59056;29/07/2023;7733.00;1701.26;9434.26
FT-2023-59067;11/08/2023;7179.49;1579.49;8758.98
FT-2023-59135;28/01/2023;4607.94;1013.75;5621.69
FT-2023-59165;30/10/2023;5065.95;1114.51;6180.46
FT-2023-59166;30/03/2023;10172.57;2237.97;12410.54
FT-2023-59231;29/05/2023;5011.02;1102.42;6113.44
FT-2023-59281;10/04/2023;5085.24;1118.75;6203.99
FT-2023-59292;07/05/2023;6087.97;1339.35;7427.32
FT-2023-59295;01/02/2023;3254.38;715.96;3970.34
FT-2023-59310;04/04/2023;5024.77;1105.45;6130.22
FT-2023-59342;23/09/2023;2484.40;546.57;3030.97
FT-2023-59367;06/10/2023;2842.92;625.44;3468.36
FT-2023-59383;15/12/2023;11936.82;2626.10;14562.92
FT-2023-59431;23/09/2023;4003.07;880.68;4883.75
FT-2023-59449;30/08/2023;9777.69;2151.09;11928.78
FT-2023-59462;18/03/2023;3148.29;692.62;3840.91
FT-2023-59483;26/04/2023;8476.39;1864.81;10341.20
FT-2023-59487;15/08/2023;6755.82;1486.28;8242.10
FT-2023-59490;17/04/2023;5330.07;1172.62;6502.69
FT-2023-59498;14/09/2023;1602.84;352.62;1955.46
FT-2023-59576;01/01/2024;5441.95;1197.23;6639.18
FT-2023-59586;15/07/2023;9494.15;2088.71;11582.86
FT-2023-59587;06/11/2023;7066.10;1554.54;8620.64
FT-2023-59597;26/04/2023;6651.36;1463.30;8114.66
FT-2023-59645;01/04/2023;5061.61;1113.55;6175.16
FT-2023-59646;20/04/2023;15174.96;3338.49;18513.45
FT-2023-59655;28/11/2023;1743.24;383.51;2126.75
FT-2023-59660;03/07/2023;4395.48;967.01;5362.49
FT-2023-59717;12/02/2023;15627.87;3438.13;19066.00
FT-2023-59735;08/07/2023;6625.76;1457.67;8083.43
FT-2023-59736;23/07/2023;2934.74;645.64;3580.38
FT-2023-59748;10/09/2023;2580.41;567.69;3148.10
FT-2023-59773;20/07/2023;5628.93;1238.36;6867.29
FT-2023-59837;30/08/2023;3021.03;664.63;3685.66
FT-2023-59845;24/08/2023;3693.44;812.56;4506.00
FT-2023-59928;10/01/2023;1892.60;416.37;2308.97
FT-2023-59940;21/09/2023;6160.66;1355.35;7516.01
FT-2023-59944;20/12/2023;5153.27;1133.72;6286.99
FT-2023-59959;05/07/2023;3661.72;805.58;4467.30
FT-2023-59961;16/08/2023;6840.05;1504.81;8344.86
FT-2023-59992;02/10/2023;7064.10;1554.10;8618.20
FT-2023-60078;24/09/2023;7161.60;1575.55;8737.15
FT-2023-60085;04/11/2023;4231.28;930.88;5162.16
FT-2023-60091;20/12/2023;2549.83;560.96;3110.79
FT-2023-60120;07/06/2023;3898.96;857.77;4756.73
FT-2023-60130;16/02/2023;8467.10;1862.76;10329.86
FT-2023-60143;19/10/2023;6957.55;1530.66;8488.21
FT-2023-60185;17/07/2023;6373.37;1402.14;7775.51
FT-2023-60193;07/05/2023;7323.62;1611.20;8934.82
FT-2023-60210;21/10/2023;3699.37;813.86;4513.23
FT-2023-60263;15/02/2023;2968.38;653.04;3621.42
FT-2023-60329;17/08/2023;4283.40;942.35;5225.75
FT-2023-60334;18/01/2023;15099.09;3321.80;18420.89
FT-2023-60354;18/03/2023;10380.90;2283.80;12664.70
FT-2023-60364;31/03/2023;671.48;147.73;819.21
FT-2023-60385;24/06/2023;1554.83;342.06;1896.89
FT-2023-60394;03/05/2023;8340.90;1835.00;10175.90
FT-2023-60419;06/08/2023;2316.64;509.66;2826.30
FT-2023-60456;07/06/2023;10719.28;2358.24;13077.52
FT-2023-60461;04/12/2023;2399.54;527.90;2927.44
FT-2023-60474;20/11/2023;3346.97;736.33;4083.30
FT-2023-60481;16/02/2023;3576.86;786.91;4363.77
FT-2023-60497;29/01/2023;5337.47;1174.24;6511.71
FT-2023-60518;18/03/2023;1751.44;385.32;2136.76
FT-2023-60567;01/09/2023;6939.42;1526.67;8466.09
FT-2023-60603;06/06/2023;12106.47;2663.42;14769.89
FT-2023-60634;13/01/2023;882.42;194.13;1076.55
FT-2023-60651;28/07/2023;2342.41;515.33;2857.74
FT-2023-60655;28/05/2023;1052.81;231.62;1284.43
FT-2023-60661;25/06/2023;16713.95;3677.07;20391.02
FT-2023-60707;02/08/2023;5088.51;1119.47;6207.98
FT-2023-60740;06/01/2024;3840.96;845.01;4685.97
FT-2023-60773;03/11/2023;2714.59;597.21;3311.80
FT-2023-60780;25/04/2023;9912.92;2180.84;12093.76
FT-2023-60818;22/11/2023;7982.19;1756.08;9738.27
FT-2023-60933;07/08/2023;8033.96;1767.47;9801.43
FT-2023-60942;09/04/2023;5650.77;1243.17;6893.94
FT-2023-60954;14/11/2023;5372.92;1182.04;6554.96
FT-2023-60974;25/01/2023;2786.74;613.08;3399.82
FT-2023-61019;12/09/2023;4001.31;880.29;4881.60
FT-2023-61034;27/07/2023;4658.56;1024.88;5683.44
FT-2023-61067;23/09/2023;5433.25;1195.32;6628.57
FT-2023-61083;19/10/2023;2060.19;453.24;2513.43
FT-2023-61109;25/12/2023;1373.64;302.20;1675.84
FT-2023-61129;06/09/2023;13797.40;3035.43;16832.83
FT-2023-61139;12/12/2023;8432.44;1855.14;10287.58
FT-2023-61142;31/03/2023;6456.65;1420.46;7877.11
FT-2023-61160;01/10/2023;16069.62;3535.32;19604.94
FT-2023-61163;11/09/2023;15903.08;3498.68;19401.76
FT-2023-61164;17/05/2023;9879.31;2173.45;12052.76
FT-2023-61178;12/04/2023;4489.05;987.59;5476.64
FT-2023-61179;24/11/2023;7090.87;1559.99;8650.86
FT-2023-61260;17/03/2023;3156.41;694.41;3850.82
FT-2023-61266;20/05/2023;735.49;161.81;897.30
FT-2023-61280;23/04/2023;6950.42;1529.09;8479.51
FT-2023-61309;25/03/2023;6043.14;1329.49;7372.63
FT-2023-61310;29/03/2023;603.54;132.78;736.32
FT-2023-61328;05/01/2023;757.40;166.63;924.03
FT-2023-61383;03/09/2023;11075.65;2436.64;13512.29
FT-2023-61400;29/11/2023;17732.31;3901.11;21633.42
FT-2023-61403;12/09/2023;6590.38;1449.88;8040.26
FT-2023-61420;15/04/2023;4790.59;1053.93;5844.52
FT-2023-61448;29/05/2023;6445.90;1418.10;7864.00
FT-2023-61506;27/10/2023;11845.81;2606.08;14451.89
FT-2023-61511;04/02/2023;4672.68;1027.99;5700.67
FT-2023-61515;27/05/2023;8801.89;1936.42;10738.31
FT-2023-61519;05/01/2024;1084.02;238.48;1322.50
FT-2023-61548;27/01/2023;2664.82;586.26;3251.08
FT-2023-61553;14/08/2023;13184.00;2900.48;16084.48
FT-2023-61570;08/02/2023;2601.71;572.38;3174.09
FT-2023-61617;24/09/2023;4490.72;987.96;5478.68
FT-2023-61654;23/03/2023;925.65;203.64;1129.29
FT-2023-61661;19/10/2023;2022.68;444.99;2467.67
FT-2023-61677;31/08/2023;5366.36;1180.60;6546.96
FT-2023-61757;03/06/2023;4089.44;899.68;4989.12
FT-2023-61784;17/02/2023;14921.44;3282.72;18204.16
FT-2023-61796;25/01/2023;2329.56;512.50;2842.06
FT-2023-61807;09/03/2023;8138.62;1790.50;9929.12
FT-2023-61812;29/09/2023;10043.74;2209.62;12253.36
FT-2023-61816;27/11/2023;4983.10;1096.28;6079.38
FT-2023-61841;10/01/2023;4477.96;985.15;5463.11
FT-2023-61866;18/07/2023;4123.83;907.24;5031.07
FT-2023-61874;02/11/2023;10488.46;2307.46;12795.92
FT-2023-61908;07/03/2023;2111.98;464.64;2576.62
FT-2023-61924;20/03/2023;2830.00;622.60;3452.60
FT-2023-61937;26/05/2023;1349.82;296.96;1646.78
FT-2023-61939;05/12/2023;1227.84;270.12;1497.96
FT-2023-61991;24/05/2023;3829.96;842.59;4672.55
FT-2023-62029;16/10/2023;7041.81;1549.20;8591.01
FT-2023-62046;15/06/2023;8103.90;1782.86;9886.76
FT-2023-62055;02/07/2023;14826.85;3261.91;18088.76
FT-2023-62096;08/12/2023;937.53;206.26;1143.79
FT-2023-62119;31/07/2023;5249.74;1154.94;6404.68
FT-2023-62131;30/07/2023;4398.85;967.75;5366.60
FT-2023-62153;12/04/2023;2393.86;526.65;2920.51
FT-2023-62158;13/05/2023;5735.57;1261.83;6997.40
FT-2023-62237;10/10/2023;3434.79;755.65;4190.44
FT-2023-62273;14/07/2023;629.19;138.42;767.61
FT-2023-62277;05/12/2023;11216.32;2467.59;13683.91
FT-2023-62287;26/12/2023;3355.44;738.20;4093.64
FT-2023-62297;02/11/2023;4533.61;997.39;5531.00
FT-2023-62351;03/03/2023;7933.41;1745.35;9678.76
FT-2023-62353;09/03/2023;6521.97;1434.83;7956.80
FT-2023-62402;26/08/2023;3290.48;723.91;4014.39
FT-2023-62448;12/05/2023;3937.23;866.19;4803.42
FT-2023-62458;14/05/2023;12061.04;2653.43;14714.47
FT-2023-62469;25/06/2023;4026.74;885.88;4912.62
FT-2023-62508;14/10/2023;3249.20;714.82;3964.02
FT-2023-62541;13/06/2023;4227.28;930.00;5157.28
FT-2023-62553;13/07/2023;9532.15;2097.07;11629.22
FT-2023-62600;02/04/2023;6886.83;1515.10;8401.93
FT-2023-62602;01/08/2023;12107.65;2663.68;14771.33
FT-2023-62655;30/05/2023;7379.38;1623.46;9002.84
FT-2023-62657;21/07/2023;12381.94;2724.03;15105.97
FT-2023-62679;06/03/2023;7600.28;1672.06;9272.34
FT-2023-62693;22/09/2023;4122.81;907.02;5029.83
FT-2023-62718;02/09/2023;8158.96;1794.97;9953.93
FT-2023-62782;26/05/2023;3699.47;813.88;4513.35
FT-2023-62816;07/05/2023;9552.45;2101.54;11653.99
FT-2023-62828;31/07/2023;8600.00;1892.00;10492.00
FT-2023-62857;07/07/2023;9058.29;1992.82;11051.11
FT-2023-62869;26/02/2023;6896.74;1517.28;8414.02
FT-2023-62878;03/03/2023;5737.26;1262.20;6999.46
FT-2023-62892;07/03/2023;3688.52;811.47;4499.99
FT-2023-62910;01/03/2023;758.85;166.95;925.80
FT-2023-62932;24/02/2023;783.11;172.28;955.39
FT-2023-62933;15/04/2023;6991.03;1538.03;8529.06
FT-2023-62963;07/01/2024;8705.19;1915.14;10620.33
FT-2023-62979;07/03/2023;7425.20;1633.54;9058.74
FT-2023-63000;30/05/2023;3540.25;778.86;4319.11
FT-2023-63090;30/09/2023;10138.21;2230.41;12368.62
FT-2023-63095;11/05/2023;9214.90;2027.28;11242.18
FT-2023-63127;11/10/2023;6401.74;1408.38;7810.12
FT-2023-63138;10/04/2023;12926.95;2843.93;15770.88
FT-2023-63182;08/10/2023;8014.40;1763.17;9777.57
FT-2023-63184;16/05/2023;1385.60;304.83;1690.43
FT-2023-63195;02/08/2023;5740.02;1262.80;7002.82
FT-2023-63231;28/01/2023;2732.58;601.17;3333.75
FT-2023-63286;13/01/2023;5251.42;1155.31;6406.73
FT-2023-63317;18/10/2023;2530.05;556.61;3086.66
FT-2023-63355;23/04/2023;1039.58;228.71;1268.29
FT-2023-63363;07/02/2023;4869.70;1071.33;5941.03
FT-2023-63369;13/12/2023;11338.53;2494.48;13833.01
FT-2023-63397;02/03/2023;12460.62;2741.34;15201.96
FT-2023-63411;06/03/2023;1625.58;357.63;1983.21
FT-2023-63417;11/01/2023;472.17;103.88;576.05
FT-2023-63504;06/09/2023;13426.66;2953.87;16380.53
FT-2023-63528;27/04/2023;2873.19;632.10;3505.29
FT-2023-63567;21/05/2023;4570.26;1005.46;5575.72
FT-2023-63626;25/12/2023;12931.67;2844.97;15776.64
FT-2023-63635;02/10/2023;1631.30;358.89;1990.19
FT-2023-63638;15/01/2023;4038.50;888.47;4926.97
FT-2023-63669;25/10/2023;5664.30;1246.15;6910.45
FT-2023-63680;02/08/2023;3449.81;758.96;4208.77
FT-2023-63745;01/09/2023;9795.15;2154.93;11950.08
FT-2023-63779;21/05/2023;10088.79;2219.53;12308.32
FT-2023-63792;18/11/2023;10551.75;2321.39;12873.14
FT-2023-63821;02/02/2023;8462.64;1861.78;10324.42
FT-2023-63823;21/10/2023;5539.63;1218.72;6758.35
FT-2023-63829;29/08/2023;8271.95;1819.83;10091.78
FT-2023-63835;01/01/2024;1761.07;387.44;2148.51
FT-2023-63876;01/01/2024;5626.47;1237.82;6864.29
FT-2023-63878;26/07/2023;7950.64;1749.14;9699.78
FT-2023-63896;07/10/2023;7529.09;1656.40;9185.49
FT-2023-63926;13/09/2023;8528.52;1876.27;10404.79
FT-2023-63972;18/02/2023;7735.10;1701.72;9436.82
FT-2023-64004;13/02/2023;3393.52;746.57;4140.09
FT-2023-64034;14/08/2023;8944.82;1967.86;10912.68
FT-2023-64123;05/01/2024;5350.59;1177.13;6527.72
FT-2023-64150;11/07/2023;1223.32;269.13;1492.45
FT-2023-64187;15/09/2023;5495.66;1209.05;6704.71
FT-2023-64213;22/01/2023;6058.53;1332.88;7391.41
FT-2023-64221;09/07/2023;15581.22;3427.87;19009.09
FT-2023-64250;19/07/2023;15331.50;3372.93;18704.43
FT-2023-64260;02/10/2023;9890.15;2175.83;12065.98
FT-2023-64272;18/03/2023;1218.81;268.14;1486.95
FT-2023-64283;06/05/2023;14717.71;3237.90;17955.61
FT-2023-64325;27/10/2023;5394.09;1186.70;6580.79
FT-2023-64355;30/08/2023;6046.24;1330.17;7376.41
FT-2023-64366;07/07/2023;2112.49;464.75;2577.24
FT-2023-64405;22/03/2023;5094.90;1120.88;6215.78
FT-2023-64462;01/11/2023;9602.87;2112.63;11715.50
FT-2023-64496;09/03/2023;2197.07;483.36;2680.43
FT-2023-64517;30/10/2023;12385.69;2724.85;15110.54
FT-2023-64523;25/07/2023;4296.71;945.28;5241.99
FT-2023-64559;14/08/2023;7053.71;1551.82;8605.53
FT-2023-64579;03/05/2023;4153.23;913.71;5066.94
FT-2023-64599;28/08/2023;10952.96;2409.65;13362.61
FT-2023-64629;26/01/2023;5958.48;1310.87;7269.35
FT-2023-64631;05/10/2023;10034.51;2207.59;12242.10
FT-2023-64647;13/03/2023;3814.79;839.25;4654.04
FT-2023-64706;30/07/2023;3769.76;829.35;4599.11
FT-2023-64740;05/05/2023;12018.19;2644.00;14662.19
FT-2023-64764;08/01/2024;10144.14;2231.71;12375.85
FT-2023-64813;18/06/2023;6076.82;1336.90;7413.72
FT-2023-64826;15/04/2023;7430.07;1634.62;9064.69
FT-2023-64828;02/10/2023;6109.76;1344.15;7453.91
FT-2023-64900;11/11/2023;10875.20;2392.54;13267.74
FT-2023-64926;08/03/2023;3125.04;687.51;3812.55
FT-2023-65039;09/05/2023;7971.92;1753.82;9725.74
FT-2023-65064;31/01/2023;4908.94;1079.97;5988.91
FT-2023-65085;31/03/2023;2274.72;500.44;2775.16
FT-2023-65094;15/06/2023;5572.15;1225.87;6798.02
FT-2023-65186;02/10/2023;10217.97;2247.95;12465.92
FT-2023-65190;10/12/2023;1199.59;263.91;1463.50
FT-2023-65199;14/05/2023;1583.16;348.30;1931.46
FT-2023-65215;24/03/2023;1737.90;382.34;2120.24
FT-2023-65227;08/02/2023;10762.58;2367.77;13130.35
FT-2023-65245;23/03/2023;3132.47;689.14;3821.61
FT-2023-65248;06/04/2023;7919.46;1742.28;9661.74
FT-2023-65256;19/11/2023;3237.09;712.16;3949.25
FT-2023-65291;13/07/2023;1764.49;388.19;2152.68
FT-2023-65300;05/08/2023;5621.97;1236.83;6858.80
FT-2023-65348;25/12/2023;3347.50;736.45;4083.95
FT-2023-65366;21/03/2023;12666.02;2786.52;15452.54
FT-2023-65464;14/10/2023;7229.46;1590.48;8819.94
FT-2023-65511;15/11/2023;3725.97;819.71;4545.68
FT-2023-65593;16/07/2023;2237.21;492.19;2729.40
FT-2023-65596;30/07/2023;6582.92;1448.24;8031.16
FT-2023-65698;13/01/2023;4835.26;1063.76;5899.02
FT-2023-65712;13/09/2023;1564.53;344.20;1908.73
FT-2023-65726;23/07/2023;3637.87;800.33;4438.20
FT-2023-65734;20/09/2023;5792.53;1274.36;7066.89
FT-2023-65743;21/07/2023;8109.26;1784.04;9893.30
FT-2023-65762;19/01/2023;4610.64;1014.34;5624.98
FT-2023-65774;14/07/2023;5309.08;1168.00;6477.08
FT-2023-65831;21/06/2023;3153.99;693.88;3847.87
FT-2023-65833;28/03/2023;893.36;196.54;1089.90
FT-2023-65856;17/11/2023;7750.45;1705.10;9455.55
FT-2023-65929;05/01/2024;14217.16;3127.78;17344.94
FT-2023-65949;05/04/2023;3355.41;738.19;4093.60
FT-2023-65984;04/08/2023;3026.72;665.88;3692.60
FT-2023-66035;21/07/2023;2653.18;583.70;3236.88
FT-2023-66110;16/04/2023;3577.63;787.08;4364.71
FT-2023-66115;03/08/2023;4970.98;1093.62;6064.60
FT-2023-66120;01/06/2023;3374.79;742.45;4117.24
FT-2023-66133;08/06/2023;4613.38;1014.94;5628.32
FT-2023-66175;02/12/2023;12795.74;2815.06;15610.80
FT-2023-66177;01/12/2023;9624.93;2117.48;11742.41
FT-2023-66184;05/06/2023;8867.11;1950.76;10817.87
FT-2023-66185;30/01/2023;1481.70;325.97;1807.67
FT-2023-66201;20/04/2023;2812.36;618.72;3431.08
FT-2023-66253;16/07/2023;3183.65;700.40;3884.05
FT-2023-66265;17/04/2023;11363.55;2499.98;13863.53
FT-2023-66270;01/07/2023;1879.00;413.38;2292.38
FT-2023-66307;20/01/2023;13259.86;2917.17;16177.03
FT-2023-66343;02/08/2023;1834.08;403.50;2237.58
FT-2023-66346;27/02/2023;1126.36;247.80;1374.16
FT-2023-66355;04/07/2023;10073.59;2216.19;12289.78
FT-2023-66366;29/11/2023;3661.19;805.46;4466.65
FT-2023-66438;05/06/2023;13151.77;2893.39;16045.16
FT-2023-66448;02/09/2023;2907.08;639.56;3546.64
FT-2023-66471;03/09/2023;4183.72;920.42;5104.14
FT-2023-66508;16/08/2023;342.51;75.35;417.86
FT-2023-66512;07/05/2023;6784.88;1492.67;8277.55
FT-2023-66577;12/06/2023;13518.99;2974.18;16493.17
FT-2023-66580;27/04/2023;9237.96;2032.35;11270.31
FT-2023-66582;29/06/2023;7099.72;1561.94;8661.66
FT-2023-66645;10/09/2023;2376.32;522.79;2899.11
FT-2023-66657;22/12/2023;4549.82;1000.96;5550.78
FT-2023-66661;26/01/2023;6025.42;1325.59;7351.01
FT-2023-66675;12/08/2023;2497.24;549.39;3046.63
FT-2023-66677;04/02/2023;3830.35;842.68;4673.03
FT-2023-66728;23/12/2023;6634.51;1459.59;8094.10
FT-2023-66746;06/03/2023;6369.75;1401.35;7771.10
FT-2023-66775;06/06/2023;3422.74;753.00;4175.74
FT-2023-66787;12/08/2023;6738.62;1482.50;8221.12
FT-2023-66795;22/12/2023;6982.04;1536.05;8518.09
FT-2023-66821;22/04/2023;5163.04;1135.87;6298.91
FT-2023-66826;10/10/2023;7310.27;1608.26;8918.53
FT-2023-66840;23/04/2023;8043.63;1769.60;9813.23
FT-2023-66863;16/03/2023;2457.30;540.61;2997.91
FT-2023-66869;22/10/2023;8657.38;1904.62;10562.00
FT-2023-66878;02/03/2023;2881.32;633.89;3515.21
FT-2023-66881;14/12/2023;12359.21;2719.03;15078.24
FT-2023-66918;20/08/2023;946.42;208.21;1154.63
FT-2023-66952;01/06/2023;3678.90;809.36;4488.26
FT-2023-66994;30/11/2023;6073.50;1336.17;7409.67
FT-2023-67023;11/02/2023;587.75;129.31;717.06
FT-2023-67026;26/01/2023;6059.62;1333.12;7392.74
FT-2023-67032;25/06/2023;10400.46;2288.10;12688.56
FT-2023-67033;03/12/2023;4766.28;1048.58;5814.86
FT-2023-67057;03/04/2023;1792.49;394.35;2186.84
FT-2023-67073;11/01/2023;6629.24;1458.43;8087.67
FT-2023-67083;19/06/2023;6874.79;1512.45;8387.24
FT-2023-67097;02/10/2023;2741.08;603.04;3344.12
FT-2023-67104;29/01/2023;4803.05;1056.67;5859.72
FT-2023-67112;19/01/2023;7262.43;1597.73;8860.16
FT-2023-67140;06/10/2023;3030.05;666.61;3696.66
FT-2023-67149;20/06/2023;1742.13;383.27;2125.40
FT-2023-67155;30/11/2023;9344.84;2055.86;11400.70
FT-2023-67167;17/06/2023;13614.71;2995.24;16609.95
FT-2023-67186;28/10/2023;13452.05;2959.45;16411.50
FT-2023-67198;29/09/2023;4487.62;987.28;5474.90
FT-2023-67201;05/12/2023;4665.15;1026.33;5691.48
FT-2023-67202;20/12/2023;4838.53;1064.48;5903.01
FT-2023-67206;02/10/2023;3551.03;781.23;4332.26
FT-2023-67213;28/08/2023;5993.75;1318.62;7312.37
FT-2023-67226;03/01/2024;3568.77;785.13;4353.90
FT-2023-67295;25/08/2023;5586.61;1229.05;6815.66
FT-2023-67307;18/09/2023;1932.36;425.12;2357.48
FT-2023-67312;05/06/2023;10028.33;2206.23;12234.56
FT-2023-67340;27/05/2023;3341.72;735.18;4076.90
FT-2023-67380;06/03/2023;7201.57;1584.35;8785.92
FT-2023-67386;08/05/2023;6070.53;1335.52;7406.05
FT-2023-67388;25/12/2023;3326.37;731.80;4058.17
FT-2023-67431;18/01/2023;12785.55;2812.82;15598.37
FT-2023-67462;06/12/2023;3179.37;699.46;3878.83
FT-2023-67490;24/04/2023;5213.18;1146.90;6360.08
FT-2023-67524;23/03/2023;1099.32;241.85;1341.17
FT-2023-67537;16/04/2023;9907.89;2179.74;12087.63
FT-2023-67626;11/04/2023;11759.46;2587.08;14346.54
FT-2023-67638;08/06/2023;12633.50;2779.37;15412.87
FT-2023-67659;02/09/2023;14164.66;3116.23;17280.89
FT-2023-67705;21/08/2023;2122.77;467.01;2589.78
FT-2023-67723;14/08/2023;6420.96;1412.61;7833.57
FT-2023-67726;11/07/2023;7462.19;1641.68;9103.87
FT-2023-67832;16/10/2023;7245.13;1593.93;8839.06
FT-2023-67850;18/12/2023;13905.08;3059.12;16964.20
FT-2023-67852;11/04/2023;4934.36;1085.56;6019.92
FT-2023-67868;27/03/2023;3119.45;686.28;3805.73
FT-2023-67891;22/05/2023;8522.45;1874.94;10397.39
FT-2023-67925;28/03/2023;4285.78;942.87;5228.65
FT-2023-67950;15/07/2023;2158.45;474.86;2633.31
FT-2023-68003;15/07/2023;4809.45;1058.08;5867.53
FT-2023-68115;11/06/2023;5950.10;1309.02;7259.12
FT-2023-68133;18/04/2023;5439.72;1196.74;6636.46
FT-2023-68168;01/01/2024;5620.57;1236.53;6857.10
FT-2023-68200;19/11/2023;1017.80;223.92;1241.72
FT-2023-68275;20/01/2023;11021.95;2424.83;13446.78
FT-2023-68314;06/04/2023;6485.86;1426.89;7912.75
FT-2023-68356;16/01/2023;9278.94;2041.37;11320.31
FT-2023-68373;07/08/2023;13187.33;2901.21;16088.54
FT-2023-68403;26/03/2023;5814.67;1279.23;7093.90
FT-2023-68416;08/03/2023;9416.61;2071.65;11488.26
FT-2023-68430;19/05/2023;2744.98;603.90;3348.88
FT-2023-68434;10/11/2023;2403.61;528.79;2932.40
FT-2023-68435;18/04/2023;8443.20;1857.50;10300.70
FT-2023-68456;11/09/2023;5085.95;1118.91;6204.86
FT-2023-68458;13/09/2023;9336.51;2054.03;11390.54
FT-2023-68467;08/02/2023;6087.34;1339.21;7426.55
FT-2023-68503;23/06/2023;12693.60;2792.59;15486.19
FT-2023-68516;17/03/2023;2980.95;655.81;3636.76
FT-2023-68556;01/04/2023;9871.14;2171.65;12042.79
FT-2023-68558;26/10/2023;9318.91;2050.16;11369.07
FT-2023-68567;15/11/2023;2426.85;533.91;2960.76
FT-2023-68568;11/12/2023;11737.45;2582.24;14319.69
FT-2023-68592;05/08/2023;12041.85;2649.21;14691.06
FT-2023-68633;18/08/2023;11940.90;2627.00;14567.90
FT-2023-68666;26/11/2023;3852.77;847.61;4700.38
FT-2023-68681;13/01/2023;379.65;83.52;463.17
FT-2023-68718;01/04/2023;1007.20;221.58;1228.78
FT-2023-68747;21/08/2023;8537.76;1878.31;10416.07
FT-2023-68771;29/04/2023;3687.99;811.36;4499.35
FT-2023-68788;23/06/2023;1277.96;281.15;1559.11
FT-2023-68800;28/06/2023;11226.49;2469.83;13696.32
FT-2023-68827;17/04/2023;9837.80;2164.32;12002.12
FT-2023-68876;17/04/2023;7437.68;1636.29;9073.97
FT-2023-68916;24/10/2023;953.63;209.80;1163.43
FT-2023-68920;27/07/2023;10457.66;2300.69;12758.35
FT-2023-68926;19/04/2023;8620.92;1896.60;10517.52
FT-2023-68930;02/06/2023;4512.74;992.80;5505.54
FT-2023-68939;04/04/2023;5677.31;1249.01;6926.32
FT-2023-68944;19/06/2023;2848.39;626.65;3475.04
FT-2023-68971;28/07/2023;8230.48;1810.71;10041.19
FT-2023-69016;11/01/2023;5916.61;1301.65;7218.26
FT-2023-69024;15/05/2023;970.87;213.59;1184.46
FT-2023-69050;19/07/2023;5342.29;1175.30;6517.59
FT-2023-69104;03/11/2023;8158.87;1794.95;9953.82
FT-2023-69130;21/05/2023;10119.03;2226.19;12345.22
FT-2023-69182;14/07/2023;5728.86;1260.35;6989.21
FT-2023-69185;23/12/2023;6110.23;1344.25;7454.48
FT-2023-69280;23/02/2023;8241.02;1813.02;10054.04
FT-2023-69302;18/06/2023;953.15;209.69;1162.84
FT-2023-69326;30/01/2023;7479.01;1645.38;9124.39
FT-2023-69339;08/01/2023;1430.99;314.82;1745.81
FT-2023-69346;18/11/2023;6647.14;1462.37;8109.51
FT-2023-69360;22/12/2023;4149.60;912.91;5062.51
FT-2023-69363;08/04/2023;2589.19;569.62;3158.81
FT-2023-69372;24/08/2023;4445.04;977.91;5422.95
FT-2023-69381;01/05/2023;4405.03;969.11;5374.14
FT-2023-69394;10/06/2023;6918.73;1522.12;8440.85
FT-2023-69447;08/06/2023;6206.32;1365.39;7571.71
FT-2023-69448;07/02/2023;10886.18;2394.96;13281.14
FT-2023-69484;19/06/2023;1062.11;233.66;1295.77
FT-2023-69503;04/12/2023;4654.60;1024.01;5678.61
FT-2023-69514;24/05/2023;5132.56;1129.16;6261.72
FT-2023-69553;09/02/2023;10341.80;2275.20;12617.00
FT-2023-69557;15/02/2023;7130.12;1568.63;8698.75
FT-2023-69583;25/05/2023;4909.33;1080.05;5989.38
FT-2023-69590;19/06/2023;9373.07;2062.08;11435.15
FT-2023-69604;11/06/2023;6736.79;1482.09;8218.88
FT-2023-69650;13/05/2023;6238.02;1372.36;7610.38
FT-2023-69810;02/03/2023;8348.68;1836.71;10185.39
FT-2023-69812;31/05/2023;2484.46;546.58;3031.04
FT-2023-69845;08/10/2023;4815.35;1059.38;5874.73
FT-2023-69852;23/08/2023;7483.53;1646.38;9129.91
FT-2023-69883;24/06/2023;4872.45;1071.94;5944.39
FT-2023-69886;06/11/2023;9694.99;2132.90;11827.89
FT-2023-69914;25/05/2023;8232.96;1811.25;10044.21
FT-2023-69921;12/07/2023;5325.09;1171.52;6496.61
FT-2023-69936;20/08/2023;5334.15;1173.51;6507.66
FT-2023-69955;17/05/2023;1902.13;418.47;2320.60
FT-2023-69992;17/02/2023;1716.93;377.72;2094.65
FT-2023-70013;31/07/2023;5772.54;1269.96;7042.50
FT-2023-70020;10/09/2023;4611.94;1014.63;5626.57
FT-2023-70038;14/11/2023;3966.00;872.52;4838.52
FT-2023-70042;01/11/2023;6282.48;1382.15;7664.63
FT-2023-70046;10/06/2023;5737.16;1262.18;6999.34
FT-2023-70059;09/10/2023;5479.58;1205.51;6685.09
FT-2023-70061;19/05/2023;6154.51;1353.99;7508.50
FT-2023-70085;14/03/2023;2798.24;615.61;3413.85
FT-2023-70091;10/04/2023;7279.74;1601.54;8881.28
FT-2023-70149;02/09/2023;2476.62;544.86;3021.48
FT-2023-70159;06/09/2023;3029.77;666.55;3696.32
FT-2023-70181;02/05/2023;1548.13;340.59;1888.72
FT-2023-70254;07/02/2023;4491.62;988.16;5479.78
FT-2023-70287;12/04/2023;6098.62;1341.70;7440.32
FT-2023-70289;16/08/2023;441.93;97.22;539.15
FT-2023-70323;13/07/2023;12223.25;2689.12;14912.37
FT-2023-70332;23/11/2023;1729.51;380.49;2110.00
FT-2023-70337;21/02/2023;3941.75;867.19;4808.94
FT-2023-70349;10/09/2023;10465.81;2302.48;12768.29
FT-2023-70375;31/05/2023;2059.76;453.15;2512.91
FT-2023-70420;23/12/2023;8047.17;1770.38;9817.55
FT-2023-70439;28/07/2023;5734.27;1261.54;6995.81
FT-2023-70449;15/09/2023;4576.91;1006.92;5583.83
FT-2023-70451;15/05/2023;4093.27;900.52;4993.79
FT-2023-70464;09/04/2023;6211.58;1366.55;7578.13
FT-2023-70484;01/02/2023;1291.86;284.21;1576.07
FT-2023-70490;21/08/2023;9089.36;1999.66;11089.02
FT-2023-70562;03/01/2024;3898.25;857.62;4755.87
FT-2023-70585;01/06/2023;2795.20;614.94;3410.14
FT-2023-70619;10/11/2023;5798.37;1275.64;7074.01
FT-2023-70632;23/05/2023;3726.57;819.85;4546.42
FT-2023-70641;31/12/2023;3268.70;719.11;3987.81
FT-2023-70643;11/10/2023;961.94;211.63;1173.57
FT-2023-70647;30/03/2023;6818.43;1500.05;8318.48
FT-2023-70702;26/03/2023;3349.48;736.89;4086.37
FT-2023-70727;30/09/2023;3905.94;859.31;4765.25
FT-2023-70735;16/08/2023;9474.84;2084.46;11559.30
FT-2023-70755;25/06/2023;3526.08;775.74;4301.82
FT-2023-70767;03/08/2023;8138.01;1790.36;9928.37
FT-2023-70778;19/11/2023;5799.54;1275.90;7075.44
FT-2023-70826;16/08/2023;3782.38;832.12;4614.50
FT-2023-70836;07/06/2023;4761.78;1047.59;5809.37
FT-2023-70838;08/06/2023;8946.57;1968.25;10914.82
FT-2023-70841;03/06/2023;5628.14;1238.19;6866.33
FT-2023-70898;21/03/2023;5337.62;1174.28;6511.90
FT-2023-70939;01/05/2023;10860.64;2389.34;13249.98
FT-2023-70941;28/10/2023;806.05;177.33;983.38
FT-2023-70959;13/08/2023;5129.66;1128.53;6258.19
FT-2023-70973;24/01/2023;16673.69;3668.21;20341.90
FT-2023-70984;13/08/2023;6624.45;1457.38;8081.83
FT-2023-70994;10/05/2023;7134.12;1569.51;8703.63
FT-2023-71021;06/02/2023;2947.65;648.48;3596.13
FT-2023-71033;16/07/2023;1607.76;353.71;1961.47
FT-2023-71049;23/04/2023;3543.41;779.55;4322.96
FT-2023-71050;09/09/2023;15867.90;3490.94;19358.84
FT-2023-71073;08/03/2023;6138.28;1350.42;7488.70
FT-2023-71076;31/12/2023;8650.90;1903.20;10554.10
FT-2023-71079;17/08/2023;9437.21;2076.19;11513.40
FT-2023-71084;02/02/2023;7045.59;1550.03;8595.62
FT-2023-71143;08/08/2023;4634.76;1019.65;5654.41
FT-2023-71147;02/09/2023;7224.10;1589.30;8813.40
FT-2023-71151;05/10/2023;5750.27;1265.06;7015.33
FT-2023-71160;13/05/2023;3171.99;697.84;3869.83
FT-2023-71178;15/02/2023;6097.06;1341.35;7438.41
FT-2023-71191;21/11/2023;8757.48;1926.65;10684.13
FT-2023-71205;06/06/2023;5783.98;1272.48;7056.46
FT-2023-71228;07/05/2023;11605.55;2553.22;14158.77
FT-2023-71280;30/04/2023;8110.91;1784.40;9895.31
FT-2023-71283;07/09/2023;4536.39;998.01;5534.40
FT-2023-71314;07/08/2023;8099.68;1781.93;9881.61
FT-2023-71330;15/11/2023;9176.17;2018.76;11194.93
FT-2023-71336;19/07/2023;2359.19;519.02;2878.21
FT-2023-71356;11/07/2023;759.54;167.10;926.64
FT-2023-71365;09/07/2023;14540.79;3198.97;17739.76
FT-2023-71426;25/06/2023;5547.15;1220.37;6767.52
FT-2023-71478;08/03/2023;9093.82;2000.64;11094.46
FT-2023-71481;07/03/2023;8779.01;1931.38;10710.39
FT-2023-71503;07/06/2023;10184.74;2240.64;12425.38
FT-2023-71537;12/08/2023;17018.74;3744.12;20762.86
FT-2023-71559;24/09/2023;1919.90;422.38;2342.28
FT-2023-71629;01/02/2023;13184.43;2900.57;16085.00
FT-2023-71642;27/07/2023;6726.49;1479.83;8206.32
FT-2023-71646;03/03/2023;3051.49;671.33;3722.82
FT-2023-71704;22/12/2023;15442.34;3397.31;18839.65
FT-2023-71763;23/08/2023;545.58;120.03;665.61
FT-2023-71804;23/07/2023;5261.08;1157.44;6418.52
FT-2023-71840;19/02/2023;10584.44;2328.58;12913.02
FT-2023-71862;21/04/2023;6999.70;1539.93;8539.63
FT-2023-71870;27/03/2023;7315.26;1609.36;8924.62
FT-2023-71888;03/11/2023;6535.75;1437.87;7973.62
FT-2023-71899;23/02/2023;6219.66;1368.33;7587.99
FT-2023-71918;09/12/2023;1373.93;302.26;1676.19
FT-2023-71941;06/02/2023;12082.22;2658.09;14740.31
FT-2023-71972;12/07/2023;640.95;141.01;781.96
FT-2023-72082;14/10/2023;9258.23;2036.81;11295.04
FT-2023-72265;12/12/2023;7814.17;1719.12;9533.29
FT-2023-72332;14/03/2023;2427.24;533.99;2961.23
FT-2023-72409;18/03/2023;5785.16;1272.74;7057.90
FT-2023-72421;13/02/2023;12214.58;2687.21;14901.79
FT-2023-72498;14/06/2023;8791.84;1934.20;10726.04
FT-2023-72513;09/03/2023;5306.91;1167.52;6474.43
FT-2023-72530;06/02/2023;431.61;94.95;526.56
FT-2023-72538;19/12/2023;5049.82;1110.96;6160.78
FT-2023-72563;10/01/2023;14291.72;3144.18;17435.90
FT-2023-72639;29/05/2023;7787.11;1713.16;9500.27
FT-2023-72654;06/04/2023;5332.49;1173.15;6505.64
FT-2023-72726;24/06/2023;6332.07;1393.06;7725.13
FT-2023-72739;25/05/2023;4426.40;973.81;5400.21
FT-2023-72771;02/02/2023;8601.46;1892.32;10493.78
FT-2023-72805;11/12/2023;6281.91;1382.02;7663.93
FT-2023-72810;03/08/2023;8905.39;1959.19;10864.58
FT-2023-72837;25/06/2023;847.75;186.50;1034.25
FT-2023-72893;01/08/2023;488.87;107.55;596.42
FT-2023-72896;28/02/2023;12947.61;2848.47;15796.08
FT-2023-72897;07/01/2024;3914.02;861.08;4775.10
FT-2023-72901;07/01/2024;7897.52;1737.45;9634.97
FT-2023-72905;27/01/2023;4550.34;1001.07;5551.41
FT-2023-72913;11/07/2023;12817.04;2819.75;15636.79
FT-2023-73002;19/12/2023;3852.81;847.62;4700.43
FT-2023-73047;04/06/2023;7010.82;1542.38;8553.20
FT-2023-73064;27/05/2023;8112.52;1784.75;9897.27
FT-2023-73082;25/12/2023;1550.19;341.04;1891.23
FT-2023-73087;30/12/2023;3106.57;683.45;3790.02
FT-2023-73159;05/09/2023;4123.57;907.19;5030.76
FT-2023-73173;22/03/2023;3308.94;727.97;4036.91
FT-2023-73230;18/07/2023;7306.55;1607.44;8913.99
FT-2023-73264;29/01/2023;6306.44;1387.42;7693.86
FT-2023-73327;12/09/2023;6733.52;1481.37;8214.89
FT-2023-73329;09/06/2023;13227.77;2910.11;16137.88
FT-2023-73344;06/08/2023;1138.77;250.53;1389.30
FT-2023-73375;19/06/2023;9036.55;1988.04;11024.59
FT-2023-73410;17/02/2023;4089.00;899.58;4988.58
FT-2023-73426;06/09/2023;13974.41;3074.37;17048.78
FT-2023-73427;26/03/2023;6359.61;1399.11;7758.72
FT-2023-73456;31/01/2023;2672.88;588.03;3260.91
FT-2023-73483;12/01/2023;7929.63;1744.52;9674.15
FT-2023-73541;19/07/2023;5567.30;1224.81;6792.11
FT-2023-73563;14/05/2023;2494.13;548.71;3042.84
FT-2023-73579;04/07/2023;5543.39;1219.55;6762.94
FT-2023-73592;24/02/2023;16116.05;3545.53;19661.58
FT-2023-73610;22/02/2023;12791.17;2814.06;15605.23
FT-2023-73654;05/05/2023;3581.07;787.84;4368.91
FT-2023-73704;26/05/2023;2620.92;576.60;3197.52
FT-2023-73760;15/04/2023;8529.81;1876.56;10406.37
FT-2023-73819;24/11/2023;11244.74;2473.84;13718.58
FT-2023-73853;24/12/2023;11244.39;2473.77;13718.16
FT-2023-73888;29/08/2023;3933.86;865.45;4799.31
FT-2023-73917;17/09/2023;2210.30;486.27;2696.57
FT-2023-73924;28/07/2023;3337.56;734.26;4071.82
FT-2023-73935;04/09/2023;1545.47;340.00;1885.47
FT-2023-73957;27/04/2023;5207.21;1145.59;6352.80
FT-2023-73970;08/09/2023;8698.54;1913.68;10612.22
FT-2023-74019;02/02/2023;8062.28;1773.70;9835.98
FT-2023-74020;10/05/2023;14638.21;3220.41;17858.62
FT-2023-74032;28/10/2023;2454.17;539.92;2994.09
FT-2023-74044;31/07/2023;10116.51;2225.63;12342.14
FT-2023-74081;19/02/2023;5031.59;1106.95;6138.54
FT-2023-74094;01/08/2023;4098.23;901.61;4999.84
FT-2023-74121;09/09/2023;16631.79;3658.99;20290.78
FT-2023-74159;09/12/2023;10749.54;2364.90;13114.44
FT-2023-74166;03/09/2023;5853.32;1287.73;7141.05
FT-2023-74173;08/11/2023;2435.61;535.83;2971.44
FT-2023-74188;28/03/2023;15020.24;3304.45;18324.69
FT-2023-74316;04/12/2023;7167.03;1576.75;8743.78
FT-2023-74324;06/06/2023;9007.95;1981.75;10989.70
FT-2023-74376;28/11/2023;2555.16;562.14;3117.30
FT-2023-74426;27/01/2023;11435.53;2515.82;13951.35
FT-2023-74446;03/09/2023;2930.72;644.76;3575.48
FT-2023-74511;06/05/2023;4301.04;946.23;5247.27
FT-2023-74512;28/08/2023;5334.88;1173.67;6508.55
FT-2023-74563;06/08/2023;9770.32;2149.47;11919.79
FT-2023-74605;06/04/2023;3318.56;730.08;4048.64
FT-2023-74668;26/01/2023;467.38;102.82;570.20
FT-2023-74688;14/05/2023;2515.36;553.38;3068.74
FT-2023-74701;23/02/2023;10484.10;2306.50;12790.60
FT-2023-74721;31/12/2023;4705.82;1035.28;5741.10
FT-2023-74759;03/04/2023;2121.95;466.83;2588.78
FT-2023-74849;17/10/2023;15697.48;3453.45;19150.93
FT-2023-74853;13/02/2023;4872.08;1071.86;5943.94
FT-2023-74867;03/02/2023;5598.48;1231.67;6830.15
FT-2023-74914;28/06/2023;4543.61;999.59;5543.20
FT-2023-74961;15/10/2023;2625.33;577.57;3202.90
FT-2023-74965;17/01/2023;6013.83;1323.04;7336.87
FT-2023-74982;29/07/2023;13873.79;3052.23;16926.02
FT-2023-75004;03/03/2023;2642.79;581.41;3224.20
FT-2023-75135;03/03/2023;3995.02;878.90;4873.92
FT-2023-75158;20/10/2023;6165.16;1356.34;7521.50
FT-2023-75189;28/06/2023;4973.49;1094.17;6067.66
FT-2023-75199;16/10/2023;2814.85;619.27;3434.12
FT-2023-75217;06/02/2023;3882.85;854.23;4737.08
FT-2023-75250;07/10/2023;7057.65;1552.68;8610.33
FT-2023-75279;29/11/2023;5470.01;1203.40;6673.41
FT-2023-75289;03/12/2023;13854.14;3047.91;16902.05
FT-2023-75359;11/01/2023;11841.66;2605.17;14446.83
FT-2023-75382;01/04/2023;12804.83;2817.06;15621.89
FT-2023-75507;05/02/2023;12781.81;2812.00;15593.81
FT-2023-75509;19/05/2023;7279.41;1601.47;8880.88
FT-2023-75524;29/08/2023;15859.19;3489.02;19348.21
FT-2023-75538;21/02/2023;6803.63;1496.80;8300.43
FT-2023-75544;10/05/2023;12755.90;2806.30;15562.20
FT-2023-75562;25/06/2023;7091.24;1560.07;8651.31
FT-2023-75569;15/06/2023;4406.45;969.42;5375.87
FT-2023-75586;11/07/2023;9294.94;2044.89;11339.83
FT-2023-75623;14/09/2023;7580.51;1667.71;9248.22
FT-2023-75641;27/11/2023;5226.93;1149.92;6376.85
FT-2023-75775;07/06/2023;5045.71;1110.06;6155.77
FT-2023-75847;23/12/2023;11809.14;2598.01;14407.15
FT-2023-75906;03/06/2023;5922.19;1302.88;7225.07
FT-2023-75931;26/07/2023;4364.83;960.26;5325.09
FT-2023-75938;15/02/2023;9470.04;2083.41;11553.45
FT-2023-75961;07/04/2023;6099.17;1341.82;7440.99
FT-2023-76045;27/01/2023;5497.13;1209.37;6706.50
FT-2023-76062;03/08/2023;11699.95;2573.99;14273.94
FT-2023-76081;11/01/2023;5419.97;1192.39;6612.36
FT-2023-76093;04/02/2023;7924.38;1743.36;9667.74
FT-2023-76112;12/06/2023;9423.05;2073.07;11496.12
FT-2023-76121;28/06/2023;1494.39;328.77;1823.16
FT-2023-76125;30/05/2023;2881.45;633.92;3515.37
FT-2023-76140;01/02/2023;6773.98;1490.28;8264.26
FT-2023-76153;29/04/2023;8920.25;1962.45;10882.70
FT-2023-76208;23/07/2023;4237.92;932.34;5170.26
FT-2023-76233;12/06/2023;7339.67;1614.73;8954.40
FT-2023-76248;21/01/2023;3198.72;703.72;3902.44
FT-2023-76279;27/05/2023;1338.96;294.57;1633.53
FT-2023-76332;28/08/2023;2093.87;460.65;2554.52
FT-2023-76372;29/10/2023;4049.31;890.85;4940.16
FT-2023-76380;25/04/2023;11625.02;2557.50;14182.52
FT-2023-76405;02/12/2023;9881.68;2173.97;12055.65
FT-2023-76468;06/04/2023;5350.74;1177.16;6527.90
FT-2023-76484;28/01/2023;3530.44;776.70;4307.14
FT-2023-76494;15/03/2023;5055.14;1112.13;6167.27
FT-2023-76500;14/10/2023;3314.12;729.11;4043.23
FT-2023-76509;05/09/2023;11941.22;2627.07;14568.29
FT-2023-76526;05/09/2023;10277.90;2261.14;12539.04
FT-2023-76562;03/01/2024;10734.99;2361.70;13096.69
FT-2023-76573;23/05/2023;14513.78;3193.03;17706.81
FT-2023-76635;13/01/2023;2678.36;589.24;3267.60
FT-2023-76664;30/12/2023;9340.76;2054.97;11395.73
FT-2023-76691;03/05/2023;4102.73;902.60;5005.33
FT-2023-76701;22/03/2023;8960.00;1971.20;10931.20
FT-2023-76778;06/09/2023;4901.28;1078.28;5979.56
FT-2023-76823;20/11/2023;6183.61;1360.39;7544.00
FT-2023-76828;11/08/2023;9524.44;2095.38;11619.82
FT-2023-76838;03/10/2023;1834.73;403.64;2238.37
FT-2023-76848;17/05/2023;2228.18;490.20;2718.38
FT-2023-76945;04/10/2023;7616.70;1675.67;9292.37
FT-2023-76949;02/09/2023;7358.82;1618.94;8977.76
FT-2023-76993;01/04/2023;5994.96;1318.89;7313.85
FT-2023-77005;15/02/2023;5822.24;1280.89;7103.13
FT-2023-77014;26/09/2023;2905.19;639.14;3544.33
FT-2023-77052;22/11/2023;6046.55;1330.24;7376.79
FT-2023-77074;29/11/2023;10654.69;2344.03;12998.72
FT-2023-77076;19/04/2023;1035.30;227.77;1263.07
FT-2023-77081;09/08/2023;7379.74;1623.54;9003.28
FT-2023-77099;31/08/2023;7833.39;1723.35;9556.74
FT-2023-77124;26/04/2023;7163.54;1575.98;8739.52
FT-2023-77145;04/11/2023;4446.73;978.28;5425.01
FT-2023-77153;07/12/2023;16035.68;3527.85;19563.53
FT-2023-77167;29/03/2023;5663.96;1246.07;6910.03
FT-2023-77222;19/08/2023;7707.63;1695.68;9403.31
FT-2023-77223;05/11/2023;5993.76;1318.63;7312.39
FT-2023-77233;12/03/2023;11354.69;2498.03;13852.72
FT-2023-77258;06/01/2024;5006.52;1101.43;6107.95
FT-2023-77308;02/07/2023;12752.87;2805.63;15558.50
FT-2023-77317;04/06/2023;12099.69;2661.93;14761.62
FT-2023-77336;15/03/2023;4400.69;968.15;5368.84
FT-2023-77349;12/02/2023;7470.59;1643.53;9114.12
FT-2023-77360;10/09/2023;7908.80;1739.94;9648.74
FT-2023-77376;18/09/2023;8307.03;1827.55;10134.58
FT-2023-77491;11/03/2023;7946.32;1748.19;9694.51
FT-2023-77512;09/04/2023;8947.08;1968.36;10915.44
FT-2023-77516;04/11/2023;1252.32;275.51;1527.83
FT-2023-77600;09/05/2023;4304.62;947.02;5251.64
FT-2023-77618;23/08/2023;8421.46;1852.72;10274.18
FT-2023-77628;30/03/2023;5772.21;1269.89;7042.10
FT-2023-77702;19/02/2023;8146.33;1792.19;9938.52
FT-2023-77778;05/06/2023;7924.69;1743.43;9668.12
FT-2023-77804;18/07/2023;4177.90;919.14;5097.04
FT-2023-77821;14/09/2023;4372.17;961.88;5334.05
FT-2023-77828;14/04/2023;8061.82;1773.60;9835.42
FT-2023-77830;01/03/2023;6297.26;1385.40;7682.66
FT-2023-77835;27/06/2023;5733.53;1261.38;6994.91
FT-2023-77887;02/04/2023;1452.61;319.57;1772.18
FT-2023-77915;10/04/2023;13182.00;2900.04;16082.04
FT-2023-77938;14/10/2023;13019.80;2864.36;15884.16
FT-2023-77941;07/07/2023;4548.63;1000.70;5549.33
FT-2023-77949;30/08/2023;9090.01;1999.80;11089.81
FT-2023-78018;16/01/2023;3850.53;847.12;4697.65
FT-2023-78099;06/11/2023;1410.77;310.37;1721.14
FT-2023-78124;09/07/2023;2534.14;557.51;3091.65
FT-2023-78151;22/06/2023;2478.80;545.34;3024.14
FT-2023-78185;15/04/2023;2044.82;449.86;2494.68
FT-2023-78187;22/07/2023;2349.92;516.98;2866.90
FT-2023-78188;28/11/2023;2865.13;630.33;3495.46
FT-2023-78211;30/09/2023;2554.67;562.03;3116.70
FT-2023-78229;05/02/2023;1840.06;404.81;2244.87
FT-2023-78234;17/04/2023;1261.91;277.62;1539.53
FT-2023-78300;25/09/2023;6382.55;1404.16;7786.71
FT-2023-78312;24/11/2023;1257.19;276.58;1533.77
FT-2023-78332;27/05/2023;7670.11;1687.42;9357.53
FT-2023-78335;21/08/2023;15762.58;3467.77;19230.35
FT-2023-78374;18/08/2023;2631.61;578.95;3210.56
FT-2023-78380;25/06/2023;8508.20;1871.80;10380.00
FT-2023-78492;24/04/2023;12157.56;2674.66;14832.22
FT-2023-78561;04/07/2023;4343.35;955.54;5298.89
FT-2023-78597;05/02/2023;8643.30;1901.53;10544.83
FT-2023-78650;02/11/2023;6731.75;1480.98;8212.73
FT-2023-78675;15/03/2023;9635.33;2119.77;11755.10
FT-2023-78694;28/06/2023;2501.97;550.43;3052.40
FT-2023-78702;10/10/2023;4449.06;978.79;5427.85
FT-2023-78726;18/02/2023;2162.71;475.80;2638.51
FT-2023-78780;19/08/2023;3365.33;740.37;4105.70
FT-2023-78823;16/02/2023;517.36;113.82;631.18
FT-2023-78839;15/09/2023;2293.04;504.47;2797.51
FT-2023-78858;26/07/2023;6494.32;1428.75;7923.07
FT-2023-78866;30/08/2023;4457.77;980.71;5438.48
FT-2023-78954;11/09/2023;3310.09;728.22;4038.31
FT-2023-79043;29/04/2023;7822.31;1720.91;9543.22
FT-2023-79068;06/01/2024;15307.11;3367.56;18674.67
FT-2023-79114;30/07/2023;1695.97;373.11;2069.08
FT-2023-79120;01/11/2023;3638.04;800.37;4438.41
FT-2023-79124;13/06/2023;4765.15;1048.33;5813.48
FT-2023-79145;19/08/2023;5437.18;1196.18;6633.36
FT-2023-79146;14/11/2023;14417.42;3171.83;17589.25
FT-2023-79147;20/06/2023;7383.93;1624.46;9008.39
FT-2023-79156;27/11/2023;13216.23;2907.57;16123.80
FT-2023-79196;29/09/2023;12369.17;2721.22;15090.39
FT-2023-79224;20/12/2023;5091.49;1120.13;6211.62
FT-2023-79300;19/02/2023;3152.82;693.62;3846.44
FT-2023-79369;30/07/2023;2444.58;537.81;2982.39
FT-2023-79384;05/10/2023;3002.95;660.65;3663.60
FT-2023-79397;11/12/2023;8177.70;1799.09;9976.79
FT-2023-79409;06/07/2023;7805.56;1717.22;9522.78
FT-2023-79463;20/12/2023;6344.82;1395.86;7740.68
FT-2023-79468;14/04/2023;5748.18;1264.60;7012.78
FT-2023-79485;04/01/2024;733.85;161.45;895.30
FT-2023-79537;01/06/2023;1679.12;369.41;2048.53
FT-2023-79581;18/06/2023;8307.09;1827.56;10134.65
FT-2023-79588;20/03/2023;6893.85;1516.65;8410.50
FT-2023-79609;04/04/2023;1960.30;431.27;2391.57
FT-2023-79621;10/02/2023;3136.74;690.08;3826.82
FT-2023-79623;09/05/2023;5246.76;1154.29;6401.05
FT-2023-79635;26/12/2023;8128.23;1788.21;9916.44
FT-2023-79647;10/10/2023;6325.11;1391.52;7716.63
FT-2023-79651;30/04/2023;15668.11;3446.98;19115.09
FT-2023-79656;29/08/2023;13277.39;2921.03;16198.42
FT-2023-79666;28/07/2023;3871.83;851.80;4723.63
FT-2023-79719;06/07/2023;2388.46;525.46;2913.92
FT-2023-79746;21/05/2023;7547.64;1660.48;9208.12
FT-2023-79755;06/03/2023;3421.53;752.74;4174.27
FT-2023-79773;18/10/2023;7980.02;1755.60;9735.62
FT-2023-79797;04/02/2023;2172.58;477.97;2650.55
FT-2023-79825;21/01/2023;10992.42;2418.33;13410.75
FT-2023-79838;02/03/2023;11236.62;2472.06;13708.68
FT-2023-79888;25/04/2023;8300.95;1826.21;10127.16
FT-2023-79894;09/04/2023;2668.41;587.05;3255.46
FT-2023-79901;22/09/2023;12179.54;2679.50;14859.04
FT-2023-79909;24/02/2023;1292.28;284.30;1576.58
FT-2023-79970;17/09/2023;4708.46;1035.86;5744.32
FT-2023-79974;21/07/2023;4208.08;925.78;5133.86
FT-2023-80117;10/11/2023;15437.41;3396.23;18833.64
FT-2023-80121;01/01/2024;11072.70;2435.99;13508.69
FT-2023-80143;07/01/2023;7255.34;1596.17;8851.51
FT-2023-80149;06/09/2023;4217.33;927.81;5145.14
FT-2023-80162;09/05/2023;3398.76;747.73;4146.49
FT-2023-80169;25/08/2023;2280.83;501.78;2782.61
FT-2023-80177;12/08/2023;4172.18;917.88;5090.06
FT-2023-80193;23/09/2023;6582.64;1448.18;8030.82
FT-2023-80196;21/10/2023;5459.42;1201.07;6660.49
FT-2023-80249;25/02/2023;5304.07;1166.90;6470.97
FT-2023-80275;15/05/2023;5232.50;1151.15;6383.65
FT-2023-80305;14/08/2023;5580.18;1227.64;6807.82
FT-2023-80315;06/09/2023;6642.53;1461.36;8103.89
FT-2023-80332;04/06/2023;5265.11;1158.32;6423.43
FT-2023-80451;26/08/2023;3753.17;825.70;4578.87
FT-2023-80470;26/11/2023;8688.60;1911.49;10600.09
FT-2023-80475;14/07/2023;735.11;161.72;896.83
FT-2023-80483;24/02/2023;15533.36;3417.34;18950.70
FT-2023-80495;01/12/2023;5948.90;1308.76;7257.66
FT-2023-80509;20/05/2023;1211.30;266.49;1477.79
FT-2023-80556;29/01/2023;6852.06;1507.45;8359.51
FT-2023-80577;02/08/2023;9722.64;2138.98;11861.62
FT-2023-80589;04/03/2023;1581.70;347.97;1929.67
FT-2023-80674;18/03/2023;1766.53;388.64;2155.17
FT-2023-80725;03/10/2023;7649.30;1682.85;9332.15
FT-2023-80760;11/01/2023;5993.97;1318.67;7312.64
FT-2023-80832;23/06/2023;16608.23;3653.81;20262.04
FT-2023-80833;29/04/2023;3613.69;795.01;4408.70
FT-2023-80946;03/10/2023;9797.83;2155.52;11953.35
FT-2023-80947;08/06/2023;9914.41;2181.17;12095.58
FT-2023-80960;29/11/2023;2265.94;498.51;2764.45
FT-2023-80974;10/02/2023;704.32;154.95;859.27
FT-2023-81101;23/09/2023;4365.11;960.32;5325.43
FT-2023-81108;19/08/2023;5427.53;1194.06;6621.59
FT-2023-81110;28/12/2023;1020.37;224.48;1244.85
FT-2023-81179;21/05/2023;15332.63;3373.18;18705.81
FT-2023-81186;07/09/2023;3770.04;829.41;4599.45
FT-2023-81189;18/09/2023;8115.89;1785.50;9901.39
FT-2023-81218;16/03/2023;4307.76;947.71;5255.47
FT-2023-81252;09/01/2024;2250.05;495.01;2745.06
FT-2023-81256;30/09/2023;8774.97;1930.49;10705.46
FT-2023-81257;01/11/2023;10819.51;2380.29;13199.80
FT-2023-81265;07/10/2023;8132.75;1789.20;9921.95
FT-2023-81289;31/07/2023;2225.79;489.67;2715.46
FT-2023-81291;07/05/2023;15309.09;3368.00;18677.09
FT-2023-81295;02/04/2023;2286.80;503.10;2789.90
FT-2023-81337;02/05/2023;1982.55;436.16;2418.71
FT-2023-81359;05/10/2023;5703.29;1254.72;6958.01
FT-2023-81371;19/01/2023;4160.73;915.36;5076.09
FT-2023-81397;09/03/2023;2194.80;482.86;2677.66
FT-2023-81400;17/08/2023;9782.26;2152.10;11934.36
FT-2023-81421;21/10/2023;2203.73;484.82;2688.55
FT-2023-81425;28/03/2023;1648.64;362.70;2011.34
FT-2023-81452;14/06/2023;3872.64;851.98;4724.62
FT-2023-81459;29/03/2023;12705.95;2795.31;15501.26
FT-2023-81467;04/08/2023;1574.68;346.43;1921.11
FT-2023-81483;18/12/2023;1712.09;376.66;2088.75
FT-2023-81527;14/04/2023;4886.55;1075.04;5961.59
FT-2023-81605;17/09/2023;5036.29;1107.98;6144.27
FT-2023-81672;16/11/2023;5249.31;1154.85;6404.16
FT-2023-81686;22/02/2023;2891.32;636.09;3527.41
FT-2023-81699;24/11/2023;4874.72;1072.44;5947.16
FT-2023-81734;06/11/2023;7157.35;1574.62;8731.97
FT-2023-81737;03/02/2023;11285.45;2482.80;13768.25
FT-2023-81774;23/05/2023;660.43;145.29;805.72
FT-2023-81782;30/07/2023;5726.67;1259.87;6986.54
FT-2023-81803;16/08/2023;8482.32;1866.11;10348.43
FT-2023-81914;20/04/2023;7213.26;1586.92;8800.18
FT-2023-81931;25/03/2023;1774.31;390.35;2164.66
FT-2023-81934;02/01/2024;4056.44;892.42;4948.86
FT-2023-81937;05/01/2024;12356.41;2718.41;15074.82
FT-2023-81965;16/04/2023;485.60;106.83;592.43
FT-2023-81993;16/05/2023;3828.57;842.29;4670.86
FT-2023-82017;27/02/2023;2209.22;486.03;2695.25
FT-2023-82091;03/10/2023;1129.58;248.51;1378.09
FT-2023-82101;18/02/2023;5939.94;1306.79;7246.73
FT-2023-82108;16/01/2023;10534.57;2317.61;12852.18
FT-2023-82129;25/09/2023;8059.23;1773.03;9832.26
FT-2023-82247;10/09/2023;12185.84;2680.88;14866.72
FT-2023-82252;28/01/2023;1101.52;242.33;1343.85
FT-2023-82385;14/02/2023;5296.02;1165.12;6461.14
FT-2023-82391;10/04/2023;958.73;210.92;1169.65
FT-2023-82402;17/01/2023;9223.47;2029.16;11252.63
FT-2023-82416;13/11/2023;12227.42;2690.03;14917.45
FT-2023-82422;16/03/2023;2371.15;521.65;2892.80
FT-2023-82468;22/10/2023;2629.32;578.45;3207.77
FT-2023-82478;12/06/2023;1187.70;261.29;1448.99
FT-2023-82536;30/07/2023;6070.73;1335.56;7406.29
FT-2023-82559;06/10/2023;358.31;78.83;437.14
FT-2023-82622;06/04/2023;4805.83;1057.28;5863.11
FT-2023-82629;16/01/2023;14465.71;3182.46;17648.17
FT-2023-82641;29/04/2023;7845.33;1725.97;9571.30
FT-2023-82665;23/07/2023;3545.94;780.11;4326.05
FT-2023-82905;12/03/2023;1835.77;403.87;2239.64
FT-2023-82965;16/03/2023;557.59;122.67;680.26
FT-2023-83022;14/09/2023;6282.61;1382.17;7664.78
FT-2023-83122;06/01/2024;4610.97;1014.41;5625.38
FT-2023-83156;14/07/2023;4901.88;1078.41;5980.29
FT-2023-83162;07/12/2023;2295.15;504.93;2800.08
FT-2023-83169;04/07/2023;2889.26;635.64;3524.90
FT-2023-83225;29/12/2023;12939.43;2846.67;15786.10
FT-2023-83295;16/05/2023;11630.32;2558.67;14188.99
FT-2023-83380;22/11/2023;5457.84;1200.72;6658.56
FT-2023-83399;01/02/2023;7477.16;1644.98;9122.14
FT-2023-83414;02/03/2023;9659.07;2125.00;11784.07
FT-2023-83468;09/03/2023;11138.16;2450.40;13588.56
FT-2023-83469;20/12/2023;13705.39;3015.19;16720.58
FT-2023-83472;08/11/2023;3438.96;756.57;4195.53
FT-2023-83492;05/02/2023;912.31;200.71;1113.02
FT-2023-83498;13/01/2023;6466.39;1422.61;7889.00
FT-2023-83510;24/12/2023;5751.25;1265.28;7016.53
FT-2023-83514;28/08/2023;3503.65;770.80;4274.45
FT-2023-83523;31/05/2023;6099.46;1341.88;7441.34
FT-2023-83571;02/09/2023;2670.01;587.40;3257.41
FT-2023-83640;15/10/2023;3227.83;710.12;3937.95
FT-2023-83662;19/10/2023;1230.98;270.82;1501.80
FT-2023-83667;06/02/2023;5016.06;1103.53;6119.59
FT-2023-83679;30/12/2023;8349.82;1836.96;10186.78
FT-2023-83783;16/04/2023;8896.32;1957.19;10853.51
FT-2023-83799;01/03/2023;6350.28;1397.06;7747.34
FT-2023-83816;19/06/2023;8789.71;1933.74;10723.45
FT-2023-83828;28/04/2023;3998.47;879.66;4878.13
FT-2023-83844;30/08/2023;4819.97;1060.39;5880.36
FT-2023-83919;03/12/2023;12892.82;2836.42;15729.24
FT-2023-83946;05/02/2023;2719.52;598.29;3317.81
FT-2023-83980;09/07/2023;5233.27;1151.32;6384.59
FT-2023-83995;18/08/2023;9220.26;2028.46;11248.72
FT-2023-84037;28/01/2023;8120.47;1786.50;9906.97
FT-2023-84075;04/12/2023;2285.42;502.79;2788.21
FT-2023-84101;09/04/2023;4313.46;948.96;5262.42
FT-2023-84110;22/12/2023;8929.34;1964.45;10893.79
FT-2023-84130;24/01/2023;2182.70;480.19;2662.89
FT-2023-84131;11/12/2023;3991.13;878.05;4869.18
FT-2023-84139;25/02/2023;2757.72;606.70;3364.42
FT-2023-84191;12/06/2023;4865.56;1070.42;5935.98
FT-2023-84241;30/08/2023;5084.94;1118.69;6203.63
FT-2023-84266;07/01/2024;6711.65;1476.56;8188.21
FT-2023-84295;26/05/2023;1286.72;283.08;1569.80
FT-2023-84309;31/01/2023;10655.24;2344.15;12999.39
FT-2023-84333;02/10/2023;957.96;210.75;1168.71
FT-2023-84355;25/10/2023;3092.93;680.44;3773.37
FT-2023-84357;21/09/2023;909.73;200.14;1109.87
FT-2023-84358;17/01/2023;7345.14;1615.93;8961.07
FT-2023-84362;11/05/2023;1434.43;315.57;1750.00
FT-2023-84403;15/02/2023;7483.17;1646.30;9129.47
FT-2023-84412;23/06/2023;9135.91;2009.90;11145.81
FT-2023-84439;27/12/2023;9684.00;2130.48;11814.48
FT-2023-84489;25/11/2023;3382.58;744.17;4126.75
FT-2023-84515;10/05/2023;3781.67;831.97;4613.64
FT-2023-84537;14/06/2023;11885.58;2614.83;14500.41
FT-2023-84595;20/04/2023;8173.95;1798.27;9972.22
FT-2023-84614;30/11/2023;6038.93;1328.56;7367.49
FT-2023-84652;11/05/2023;6513.20;1432.90;7946.10
FT-2023-84703;13/04/2023;2195.85;483.09;2678.94
FT-2023-84719;04/12/2023;934.29;205.54;1139.83
FT-2023-84722;10/01/2023;6244.35;1373.76;7618.11
FT-2023-84772;02/04/2023;7868.20;1731.00;9599.20
FT-2023-84791;13/06/2023;5490.42;1207.89;6698.31
FT-2023-84816;14/11/2023;1097.22;241.39;1338.61
FT-2023-84819;28/10/2023;1946.67;428.27;2374.94
FT-2023-84826;31/07/2023;1028.88;226.35;1255.23
FT-2023-84840;28/12/2023;5152.89;1133.64;6286.53
FT-2023-84870;27/04/2023;6848.10;1506.58;8354.68
FT-2023-84878;25/06/2023;3982.95;876.25;4859.20
FT-2023-84923;09/06/2023;9245.39;2033.99;11279.38
FT-2023-84969;25/11/2023;5343.51;1175.57;6519.08
FT-2023-84990;26/09/2023;1027.01;225.94;1252.95
FT-2023-85011;20/02/2023;2016.55;443.64;2460.19
FT-2023-85015;04/08/2023;2776.13;610.75;3386.88
FT-2023-85050;08/03/2023;1841.85;405.21;2247.06
FT-2023-85054;26/10/2023;5472.05;1203.85;6675.90
FT-2023-85063;13/01/2023;3941.80;867.20;4809.00
FT-2023-85110;10/01/2023;5165.75;1136.46;6302.21
FT-2023-85119;28/09/2023;6032.48;1327.15;7359.63
FT-2023-85168;22/06/2023;2380.35;523.68;2904.03
FT-2023-85195;16/05/2023;2766.47;608.62;3375.09
FT-2023-85218;23/07/2023;5187.53;1141.26;6328.79
FT-2023-85265;20/02/2023;15323.74;3371.22;18694.96
FT-2023-85269;16/11/2023;3505.86;771.29;4277.15
FT-2023-85293;06/03/2023;7705.45;1695.20;9400.65
FT-2023-85332;25/02/2023;6000.50;1320.11;7320.61
FT-2023-85341;10/01/2023;9383.15;2064.29;11447.44
FT-2023-85350;05/08/2023;13832.45;3043.14;16875.59
FT-2023-85359;16/09/2023;8728.71;1920.32;10649.03
FT-2023-85379;11/02/2023;3572.25;785.89;4358.14
FT-2023-85428;29/11/2023;9722.32;2138.91;11861.23
FT-2023-85440;21/07/2023;4479.08;985.40;5464.48
FT-2023-85485;20/01/2023;2974.91;654.48;3629.39
FT-2023-85503;14/07/2023;3449.52;758.89;4208.41
FT-2023-85515;05/06/2023;4791.27;1054.08;5845.35
FT-2023-85525;15/12/2023;8461.37;1861.50;10322.87
FT-2023-85530;26/11/2023;6205.82;1365.28;7571.10
FT-2023-85543;05/12/2023;12479.71;2745.54;15225.25
FT-2023-85588;11/01/2023;1863.58;409.99;2273.57
FT-2023-85625;18/04/2023;10847.47;2386.44;13233.91
FT-2023-85628;04/06/2023;2154.72;474.04;2628.76
FT-2023-85765;12/08/2023;4595.43;1010.99;5606.42
FT-2023-85810;25/04/2023;8231.05;1810.83;10041.88
FT-2023-85861;25/09/2023;12598.56;2771.68;15370.24
FT-2023-85878;18/01/2023;2509.18;552.02;3061.20
FT-2023-85918;01/01/2024;2932.01;645.04;3577.05
FT-2023-85925;21/06/2023;10720.36;2358.48;13078.84
FT-2023-85931;30/10/2023;1609.71;354.14;1963.85
FT-2023-85945;08/04/2023;10781.23;2371.87;13153.10
FT-2023-85984;24/11/2023;6032.14;1327.07;7359.21
FT-2023-85990;19/04/2023;5017.76;1103.91;6121.67
FT-2023-86020;28/09/2023;9647.03;2122.35;11769.38
FT-2023-86042;22/10/2023;2472.69;543.99;3016.68
FT-2023-86055;26/09/2023;14807.04;3257.55;18064.59
FT-2023-86064;31/12/2023;7689.44;1691.68;9381.12
FT-2023-86110;05/03/2023;4491.96;988.23;5480.19
FT-2023-86117;23/09/2023;8612.19;1894.68;10506.87
FT-2023-86166;07/12/2023;527.05;115.95;643.00
FT-2023-86179;25/07/2023;3481.09;765.84;4246.93
FT-2023-86188;09/11/2023;8481.62;1865.96;10347.58
FT-2023-86202;27/05/2023;3530.20;776.64;4306.84
FT-2023-86219;11/02/2023;12324.88;2711.47;15036.35
FT-2023-86253;22/01/2023;1455.60;320.23;1775.83
FT-2023-86273;24/05/2023;8416.63;1851.66;10268.29
FT-2023-86288;20/07/2023;7813.22;1718.91;9532.13
FT-2023-86312;19/08/2023;1443.34;317.53;1760.87
FT-2023-86319;16/04/2023;6865.40;1510.39;8375.79
FT-2023-86327;30/09/2023;3098.99;681.78;3780.77
FT-2023-86361;29/12/2023;6770.58;1489.53;8260.11
FT-2023-86378;21/06/2023;1261.14;277.45;1538.59
FT-2023-86398;22/11/2023;903.25;198.72;1101.97
FT-2023-86403;05/09/2023;7449.19;1638.82;9088.01
FT-2023-86421;30/11/2023;5407.56;1189.66;6597.22
FT-2023-86479;15/09/2023;2705.30;595.17;3300.47
FT-2023-86489;20/02/2023;5020.56;1104.52;6125.08
FT-2023-86518;25/04/2023;8866.30;1950.59;10816.89
FT-2023-86526;20/12/2023;7070.71;1555.56;8626.27
FT-2023-86541;05/11/2023;10159.94;2235.19;12395.13
FT-2023-86582;25/02/2023;3167.71;696.90;3864.61
FT-2023-86603;07/11/2023;4506.86;991.51;5498.37
FT-2023-86605;18/05/2023;11152.74;2453.60;13606.34
FT-2023-86623;28/04/2023;3390.70;745.95;4136.65
FT-2023-86638;15/12/2023;4395.64;967.04;5362.68
FT-2023-86668;18/02/2023;4831.40;1062.91;5894.31
FT-2023-86707;17/05/2023;3896.39;857.21;4753.60
FT-2023-86721;16/03/2023;2831.26;622.88;3454.14
FT-2023-86731;16/10/2023;1765.90;388.50;2154.40
FT-2023-86754;23/06/2023;5587.85;1229.33;6817.18
FT-2023-86762;06/08/2023;4158.85;914.95;5073.80
FT-2023-86867;10/05/2023;8153.98;1793.88;9947.86
FT-2023-86883;18/08/2023;8797.76;1935.51;10733.27
FT-2023-86888;13/10/2023;12209.13;2686.01;14895.14
FT-2023-86896;27/12/2023;410.89;90.40;501.29
FT-2023-86992;08/10/2023;7455.59;1640.23;9095.82
FT-2023-86994;12/09/2023;4512.76;992.81;5505.57
FT-2023-86998;12/08/2023;11738.43;2582.45;14320.88
FT-2023-87022;02/12/2023;3837.96;844.35;4682.31
FT-2023-87032;28/08/2023;13815.16;3039.34;16854.50
FT-2023-87050;24/10/2023;5452.92;1199.64;6652.56
FT-2023-87129;03/02/2023;10687.11;2351.16;13038.27
FT-2023-87170;20/06/2023;13091.42;2880.11;15971.53
FT-2023-87212;04/05/2023;2810.75;618.37;3429.12
FT-2023-87238;13/02/2023;939.07;206.60;1145.67
FT-2023-87304;02/03/2023;508.85;111.95;620.80
FT-2023-87324;16/10/2023;2503.86;550.85;3054.71
FT-2023-87362;17/02/2023;7123.21;1567.11;8690.32
FT-2023-87394;14/04/2023;7246.52;1594.23;8840.75
FT-2023-87399;11/12/2023;9215.52;2027.41;11242.93
FT-2023-87428;19/11/2023;1861.14;409.45;2270.59
FT-2023-87447;18/01/2023;8842.08;1945.26;10787.34
FT-2023-87450;24/06/2023;5076.84;1116.90;6193.74
FT-2023-87526;24/01/2023;9708.62;2135.90;11844.52
FT-2023-87544;01/05/2023;4199.11;923.80;5122.91
FT-2023-87581;05/03/2023;4772.31;1049.91;5822.22
FT-2023-87591;15/07/2023;1604.15;352.91;1957.06
FT-2023-87618;01/10/2023;8169.60;1797.31;9966.91
FT-2023-87622;21/06/2023;9740.76;2142.97;11883.73
FT-2023-87624;29/01/2023;7656.54;1684.44;9340.98
FT-2023-87654;14/01/2023;7441.28;1637.08;9078.36
FT-2023-87735;17/06/2023;11748.78;2584.73;14333.51
FT-2023-87858;03/08/2023;12050.18;2651.04;14701.22
FT-2023-87863;16/08/2023;2587.59;569.27;3156.86
FT-2023-87893;23/08/2023;2638.18;580.40;3218.58
FT-2023-87931;04/11/2023;1448.39;318.65;1767.04
FT-2023-87957;27/01/2023;11736.90;2582.12;14319.02
FT-2023-88032;07/01/2023;3527.34;776.01;4303.35
FT-2023-88053;04/06/2023;15468.97;3403.17;18872.14
FT-2023-88068;27/01/2023;5558.32;1222.83;6781.15
FT-2023-88119;24/05/2023;4271.46;939.72;5211.18
FT-2023-88136;20/06/2023;4695.92;1033.10;5729.02
FT-2023-88142;13/06/2023;1886.08;414.94;2301.02
FT-2023-88151;19/12/2023;14259.16;3137.02;17396.18
FT-2023-88204;22/11/2023;2252.89;495.64;2748.53
FT-2023-88232;14/07/2023;6843.45;1505.56;8349.01
FT-2023-88249;29/04/2023;5449.24;1198.83;6648.07
FT-2023-88327;01/02/2023;9473.30;2084.13;11557.43
FT-2023-88341;03/05/2023;6157.18;1354.58;7511.76
FT-2023-88403;13/03/2023;15407.04;3389.55;18796.59
FT-2023-88404;22/07/2023;8525.91;1875.70;10401.61
FT-2023-88414;14/10/2023;5008.71;1101.92;6110.63
FT-2023-88464;22/11/2023;8421.50;1852.73;10274.23
FT-2023-88489;07/07/2023;9135.04;2009.71;11144.75
FT-2023-88538;24/01/2023;8948.44;1968.66;10917.10
FT-2023-88576;25/08/2023;2157.74;474.70;2632.44
FT-2023-88580;26/06/2023;4366.89;960.72;5327.61
FT-2023-88583;10/05/2023;2895.07;636.92;3531.99
FT-2023-88607;18/01/2023;6327.11;1391.96;7719.07
FT-2023-88624;05/11/2023;1633.69;359.41;1993.10
FT-2023-88635;13/03/2023;7772.97;1710.05;9483.02
FT-2023-88651;12/06/2023;986.62;217.06;1203.68
FT-2023-88661;04/10/2023;678.45;149.26;827.71
FT-2023-88699;20/10/2023;2820.69;620.55;3441.24
FT-2023-88706;21/05/2023;14061.82;3093.60;17155.42
FT-2023-88728;19/05/2023;5456.84;1200.50;6657.34
FT-2023-88763;04/03/2023;4526.42;995.81;5522.23
FT-2023-88771;17/03/2023;6284.21;1382.53;7666.74
FT-2023-88799;19/02/2023;2268.45;499.06;2767.51
FT-2023-88856;17/10/2023;2640.37;580.88;3221.25
FT-2023-88870;18/12/2023;12006.96;2641.53;14648.49
FT-2023-88881;24/04/2023;3357.05;738.55;4095.60
FT-2023-88932;04/02/2023;2731.30;600.89;3332.19
FT-2023-88946;28/08/2023;3815.74;839.46;4655.20
FT-2023-88970;21/09/2023;1924.12;423.31;2347.43
FT-2023-89004;29/07/2023;1282.09;282.06;1564.15
FT-2023-89029;23/06/2023;8266.53;1818.64;10085.17
FT-2023-89079;21/05/2023;4807.03;1057.55;5864.58
FT-2023-89086;31/01/2023;6392.58;1406.37;7798.95
FT-2023-89094;08/12/2023;661.64;145.56;807.20
FT-2023-89130;20/03/2023;5064.26;1114.14;6178.40
FT-2023-89151;12/03/2023;6750.00;1485.00;8235.00
FT-2023-89164;05/07/2023;9007.15;1981.57;10988.72
FT-2023-89222;02/11/2023;2836.43;624.01;3460.44
FT-2023-89225;17/03/2023;2700.01;594.00;3294.01
FT-2023-89233;29/07/2023;9292.49;2044.35;11336.84
FT-2023-89280;29/11/2023;12638.11;2780.38;15418.49
FT-2023-89284;17/01/2023;4420.59;972.53;5393.12
FT-2023-89291;16/01/2023;1726.92;379.92;2106.84
FT-2023-89292;11/05/2023;962.78;211.81;1174.59
FT-2023-89311;28/07/2023;12303.71;2706.82;15010.53
FT-2023-89316;20/07/2023;7383.79;1624.43;9008.22
FT-2023-89337;29/12/2023;5124.38;1127.36;6251.74
FT-2023-89339;22/10/2023;7629.43;1678.47;9307.90
FT-2023-89380;14/12/2023;11877.46;2613.04;14490.50
FT-2023-89473;15/01/2023;4081.84;898.00;4979.84
FT-2023-89478;04/03/2023;3944.53;867.80;4812.33
FT-2023-89482;31/07/2023;3561.91;783.62;4345.53
FT-2023-89527;04/02/2023;9100.07;2002.02;11102.09
FT-2023-89563;06/12/2023;7201.21;1584.27;8785.48
FT-2023-89610;30/08/2023;13839.09;3044.60;16883.69
FT-2023-89641;31/01/2023;2225.79;489.67;2715.46
FT-2023-89673;05/03/2023;4506.64;991.46;5498.10
FT-2023-89786;26/07/2023;5450.50;1199.11;6649.61
FT-2023-89807;30/03/2023;8459.30;1861.05;10320.35
FT-2023-89808;04/07/2023;4987.25;1097.19;6084.44
FT-2023-89836;13/05/2023;7472.80;1644.02;9116.82
FT-2023-90038;13/11/2023;6570.70;1445.55;8016.25
FT-2023-90039;20/12/2023;7199.27;1583.84;8783.11
FT-2023-90040;29/09/2023;7656.83;1684.50;9341.33
FT-2023-90049;09/04/2023;7250.46;1595.10;8845.56
FT-2023-90054;03/12/2023;2210.58;486.33;2696.91
FT-2023-90105;19/02/2023;5496.72;1209.28;6706.00
FT-2023-90128;06/02/2023;6844.19;1505.72;8349.91
FT-2023-90189;11/10/2023;10994.26;2418.74;13413.00
FT-2023-90222;09/08/2023;7356.03;1618.33;8974.36
FT-2023-90243;01/10/2023;5769.87;1269.37;7039.24
FT-2023-90248;13/09/2023;4972.94;1094.05;6066.99
FT-2023-90271;16/04/2023;4429.08;974.40;5403.48
FT-2023-90280;19/10/2023;4813.49;1058.97;5872.46
FT-2023-90311;13/01/2023;1078.84;237.34;1316.18
FT-2023-90314;05/06/2023;5935.81;1305.88;7241.69
FT-2023-90339;01/08/2023;4962.00;1091.64;6053.64
FT-2023-90419;10/12/2023;3890.88;855.99;4746.87
FT-2023-90437;03/02/2023;3087.84;679.32;3767.16
FT-2023-90442;26/01/2023;13391.49;2946.13;16337.62
FT-2023-90456;21/06/2023;13898.23;3057.61;16955.84
FT-2023-90466;09/02/2023;8325.36;1831.58;10156.94
FT-2023-90472;31/08/2023;3998.03;879.57;4877.60
FT-2023-90487;19/07/2023;8782.13;1932.07;10714.20
FT-2023-90504;28/01/2023;10917.15;2401.77;13318.92
FT-2023-90522;24/08/2023;1457.09;320.56;1777.65
FT-2023-90539;08/09/2023;3956.14;870.35;4826.49
FT-2023-90542;07/06/2023;2087.95;459.35;2547.30
FT-2023-90545;29/12/2023;10910.76;2400.37;13311.13
FT-2023-90566;17/02/2023;4375.14;962.53;5337.67
FT-2023-90691;12/07/2023;810.98;178.42;989.40
FT-2023-90693;10/08/2023;5673.17;1248.10;6921.27
FT-2023-90706;02/02/2023;5389.72;1185.74;6575.46
FT-2023-90715;29/12/2023;3767.39;828.83;4596.22
FT-2023-90716;06/03/2023;10505.76;2311.27;12817.03
FT-2023-90761;21/10/2023;4852.89;1067.64;5920.53
FT-2023-90782;12/09/2023;3410.83;750.38;4161.21
FT-2023-90810;04/04/2023;3806.19;837.36;4643.55
FT-2023-90830;07/05/2023;3364.52;740.19;4104.71
FT-2023-90867;18/02/2023;1378.07;303.18;1681.25
FT-2023-90875;27/04/2023;3254.92;716.08;3971.00
FT-2023-90897;14/06/2023;2482.20;546.08;3028.28
FT-2023-90939;21/08/2023;1451.87;319.41;1771.28
FT-2023-90987;30/10/2023;13534.05;2977.49;16511.54
FT-2023-90993;16/07/2023;7698.83;1693.74;9392.57
FT-2023-90997;11/10/2023;4247.19;934.38;5181.57
FT-2023-91035;06/01/2024;4093.74;900.62;4994.36
FT-2023-91048;19/07/2023;3521.73;774.78;4296.51
FT-2023-91069;07/07/2023;16472.82;3624.02;20096.84
FT-2023-91080;28/12/2023;2050.62;451.14;2501.76
FT-2023-91118;29/11/2023;3096.99;681.34;3778.33
FT-2023-91131;13/10/2023;5312.72;1168.80;6481.52
FT-2023-91132;10/12/2023;9296.85;2045.31;11342.16
FT-2023-91184;03/07/2023;8380.27;1843.66;10223.93
FT-2023-91185;19/03/2023;2811.22;618.47;3429.69
FT-2023-91186;28/01/2023;5378.05;1183.17;6561.22
FT-2023-91195;08/09/2023;8255.04;1816.11;10071.15
FT-2023-91208;17/05/2023;16717.72;3677.90;20395.62
FT-2023-91288;04/07/2023;6280.81;1381.78;7662.59
FT-2023-91332;20/01/2023;4069.81;895.36;4965.17
FT-2023-91333;26/12/2023;5065.14;1114.33;6179.47
FT-2023-91390;28/03/2023;9284.73;2042.64;11327.37
FT-2023-91392;22/03/2023;7011.04;1542.43;8553.47
FT-2023-91397;21/11/2023;3172.13;697.87;3870.00
FT-2023-91461;10/09/2023;8960.61;1971.33;10931.94
FT-2023-91474;06/06/2023;6770.82;1489.58;8260.40
FT-2023-91488;09/03/2023;4973.78;1094.23;6068.01
FT-2023-91580;15/11/2023;2253.08;495.68;2748.76
FT-2023-91626;09/10/2023;9849.65;2166.92;12016.57
FT-2023-91659;23/11/2023;12343.14;2715.49;15058.63
FT-2023-91661;28/03/2023;8479.02;1865.38;10344.40
FT-2023-91690;30/04/2023;8059.16;1773.02;9832.18
FT-2023-91740;28/02/2023;9156.38;2014.40;11170.78
FT-2023-91747;02/06/2023;2605.03;573.11;3178.14
FT-2023-91773;22/01/2023;8838.84;1944.54;10783.38
FT-2023-91811;20/10/2023;2725.53;599.62;3325.15
FT-2023-91819;15/04/2023;7812.91;1718.84;9531.75
FT-2023-91843;04/01/2023;4249.00;934.78;5183.78
FT-2023-91877;03/07/2023;4172.98;918.06;5091.04
FT-2023-91915;22/09/2023;3191.20;702.06;3893.26
FT-2023-91916;09/12/2023;8394.55;1846.80;10241.35
FT-2023-91945;20/03/2023;14125.61;3107.63;17233.24
FT-2023-91946;04/12/2023;2176.90;478.92;2655.82
FT-2023-91951;06/12/2023;1889.92;415.78;2305.70
FT-2023-91961;25/03/2023;6324.55;1391.40;7715.95
FT-2023-91962;18/04/2023;5936.37;1306.00;7242.37
FT-2023-92048;27/01/2023;2345.39;515.99;2861.38
FT-2023-92095;10/08/2023;1812.26;398.70;2210.96
FT-2023-92120;15/08/2023;4485.86;986.89;5472.75
FT-2023-92180;30/03/2023;7732.19;1701.08;9433.27
FT-2023-92329;05/07/2023;7024.77;1545.45;8570.22
FT-2023-92352;08/10/2023;7627.01;1677.94;9304.95
FT-2023-92370;14/05/2023;6015.09;1323.32;7338.41
FT-2023-92384;25/05/2023;2495.75;549.07;3044.82
FT-2023-92436;15/12/2023;6826.04;1501.73;8327.77
FT-2023-92441;15/01/2023;8715.15;1917.33;10632.48
FT-2023-92475;17/03/2023;1429.58;314.51;1744.09
FT-2023-92482;16/05/2023;671.49;147.73;819.22
FT-2023-92488;08/10/2023;9200.32;2024.07;11224.39
FT-2023-92620;26/08/2023;326.58;71.85;398.43
FT-2023-92624;22/09/2023;8018.54;1764.08;9782.62
FT-2023-92687;04/09/2023;5541.91;1219.22;6761.13
FT-2023-92709;22/02/2023;2081.53;457.94;2539.47
FT-2023-92734;25/04/2023;4600.57;1012.13;5612.70
FT-2023-92756;12/08/2023;5616.38;1235.60;6851.98
FT-2023-92762;08/07/2023;671.28;147.68;818.96
FT-2023-92794;02/05/2023;5821.26;1280.68;7101.94
FT-2023-92839;09/01/2023;8271.30;1819.69;10090.99
FT-2023-92875;19/12/2023;5891.85;1296.21;7188.06
FT-2023-92894;25/01/2023;3217.37;707.82;3925.19
FT-2023-92939;04/02/2023;10456.06;2300.33;12756.39
FT-2023-93048;15/10/2023;11469.92;2523.38;13993.30
FT-2023-93055;14/10/2023;1883.27;414.32;2297.59
FT-2023-93100;29/04/2023;5442.47;1197.34;6639.81
FT-2023-93122;08/08/2023;4303.71;946.82;5250.53
FT-2023-93145;10/06/2023;7257.60;1596.67;8854.27
FT-2023-93155;22/11/2023;8187.64;1801.28;9988.92
FT-2023-93176;25/11/2023;4418.89;972.16;5391.05
FT-2023-93211;26/06/2023;4504.06;990.89;5494.95
FT-2023-93231;17/07/2023;4445.51;978.01;5423.52
FT-2023-93264;18/01/2023;6215.67;1367.45;7583.12
FT-2023-93283;24/11/2023;2627.16;577.98;3205.14
FT-2023-93306;18/05/2023;8413.77;1851.03;10264.80
FT-2023-93323;11/05/2023;4416.81;971.70;5388.51
FT-2023-93419;19/07/2023;2808.88;617.95;3426.83
FT-2023-93484;22/11/2023;6841.36;1505.10;8346.46
FT-2023-93505;10/12/2023;4582.04;1008.05;5590.09
FT-2023-93586;15/12/2023;8722.06;1918.85;10640.91
FT-2023-93643;13/08/2023;7025.74;1545.66;8571.40
FT-2023-93731;19/04/2023;9209.27;2026.04;11235.31
FT-2023-93782;21/05/2023;2924.28;643.34;3567.62
FT-2023-93796;21/03/2023;3485.12;766.73;4251.85
FT-2023-93816;11/05/2023;2924.59;643.41;3568.00
FT-2023-93855;30/01/2023;5825.05;1281.51;7106.56
FT-2023-93863;20/09/2023;2033.81;447.44;2481.25
FT-2023-93864;04/06/2023;4810.71;1058.36;5869.07
FT-2023-93886;05/07/2023;6539.16;1438.62;7977.78
FT-2023-93905;25/09/2023;12029.70;2646.53;14676.23
FT-2023-93936;08/08/2023;6911.14;1520.45;8431.59
FT-2023-93981;13/09/2023;6218.52;1368.07;7586.59
FT-2023-93991;17/01/2023;7892.53;1736.36;9628.89
FT-2023-94023;24/03/2023;1675.87;368.69;2044.56
FT-2023-94040;24/04/2023;2871.42;631.71;3503.13
FT-2023-94055;14/08/2023;10824.29;2381.34;13205.63
FT-2023-94124;01/04/2023;2790.25;613.86;3404.11
FT-2023-94129;30/06/2023;824.33;181.35;1005.68
FT-2023-94184;21/05/2023;5311.29;1168.48;6479.77
FT-2023-94217;18/11/2023;1111.88;244.61;1356.49
FT-2023-94352;29/12/2023;11008.64;2421.90;13430.54
FT-2023-94366;30/04/2023;2598.44;571.66;3170.10
FT-2023-94368;17/02/2023;7894.58;1736.81;9631.39
FT-2023-94377;13/01/2023;2924.43;643.37;3567.80
FT-2023-94400;22/10/2023;1335.95;293.91;1629.86
FT-2023-94406;11/05/2023;5838.55;1284.48;7123.03
FT-2023-94421;21/12/2023;9368.30;2061.03;11429.33
FT-2023-94429;26/12/2023;9323.46;2051.16;11374.62
FT-2023-94474;08/10/2023;1013.60;222.99;1236.59
FT-2023-94488;09/09/2023;4689.07;1031.60;5720.67
FT-2023-94492;29/10/2023;7867.46;1730.84;9598.30
FT-2023-94503;04/08/2023;10363.15;2279.89;12643.04
FT-2023-94552;07/09/2023;8012.96;1762.85;9775.81
FT-2023-94591;23/06/2023;3165.27;696.36;3861.63
FT-2023-94596;27/01/2023;6006.09;1321.34;7327.43
FT-2023-94668;21/08/2023;1513.37;332.94;1846.31
FT-2023-94674;30/06/2023;9726.73;2139.88;11866.61
FT-2023-94781;05/09/2023;4508.16;991.80;5499.96
FT-2023-94822;03/10/2023;6373.69;1402.21;7775.90
FT-2023-94837;24/06/2023;5529.45;1216.48;6745.93
FT-2023-94891;25/08/2023;10951.29;2409.28;13360.57
FT-2023-94908;23/01/2023;4301.90;946.42;5248.32
FT-2023-94911;24/08/2023;9286.71;2043.08;11329.79
FT-2023-94922;23/02/2023;8192.07;1802.26;9994.33
FT-2023-94945;31/05/2023;2458.02;540.76;2998.78
FT-2023-94989;14/07/2023;1132.67;249.19;1381.86
FT-2023-94996;24/09/2023;2959.43;651.07;3610.50
FT-2023-95021;10/09/2023;9658.91;2124.96;11783.87
FT-2023-95043;15/09/2023;7143.80;1571.64;8715.44
FT-2023-95077;10/06/2023;2334.31;513.55;2847.86
FT-2023-95100;01/05/2023;8995.69;1979.05;10974.74
FT-2023-95138;01/12/2023;2839.12;624.61;3463.73
FT-2023-95147;15/03/2023;1165.06;256.31;1421.37
FT-2023-95167;20/12/2023;9625.33;2117.57;11742.90
FT-2023-95180;07/10/2023;13945.58;3068.03;17013.61
FT-2023-95185;16/02/2023;1567.82;344.92;1912.74
FT-2023-95212;28/04/2023;4871.32;1071.69;5943.01
FT-2023-95278;09/02/2023;12428.66;2734.31;15162.97
FT-2023-95286;06/01/2024;9883.04;2174.27;12057.31
FT-2023-95309;28/08/2023;7807.34;1717.61;9524.95
FT-2023-95445;06/04/2023;3770.33;829.47;4599.80
FT-2023-95506;26/08/2023;4090.71;899.96;4990.67
FT-2023-95546;21/10/2023;3994.71;878.84;4873.55
FT-2023-95605;06/01/2024;15478.78;3405.33;18884.11
FT-2023-95642;06/03/2023;1429.73;314.54;1744.27
FT-2023-95645;28/12/2023;901.56;198.34;1099.90
FT-2023-95707;04/12/2023;14706.96;3235.53;17942.49
FT-2023-95732;11/09/2023;5575.40;1226.59;6801.99
FT-2023-95760;19/07/2023;1751.82;385.40;2137.22
FT-2023-95769;24/04/2023;10923.10;2403.08;13326.18
FT-2023-95803;08/05/2023;13940.67;3066.95;17007.62
FT-2023-95811;07/10/2023;6712.63;1476.78;8189.41
FT-2023-95833;15/02/2023;7274.27;1600.34;8874.61
FT-2023-95842;23/03/2023;3359.04;738.99;4098.03
FT-2023-95883;29/09/2023;6320.38;1390.48;7710.86
FT-2023-95900;05/05/2023;2536.78;558.09;3094.87
FT-2023-95992;16/01/2023;5524.76;1215.45;6740.21
FT-2023-95999;03/04/2023;15267.79;3358.91;18626.70
FT-2023-96060;26/01/2023;8456.74;1860.48;10317.22
FT-2023-96075;15/06/2023;1610.38;354.28;1964.66
FT-2023-96089;19/11/2023;5068.06;1114.97;6183.03
FT-2023-96097;08/03/2023;11235.98;2471.92;13707.90
FT-2023-96188;16/04/2023;11059.69;2433.13;13492.82
FT-2023-96199;14/04/2023;11690.17;2571.84;14262.01
FT-2023-96209;07/03/2023;5642.78;1241.41;6884.19
FT-2023-96246;02/01/2024;12631.86;2779.01;15410.87
FT-2023-96253;15/05/2023;1316.01;289.52;1605.53
FT-2023-96254;19/07/2023;8403.69;1848.81;10252.50
FT-2023-96355;12/12/2023;10318.50;2270.07;12588.57
FT-2023-96386;19/12/2023;6508.39;1431.85;7940.24
FT-2023-96394;27/09/2023;4674.42;1028.37;5702.79
FT-2023-96414;02/06/2023;11717.09;2577.76;14294.85
FT-2023-96461;04/11/2023;2856.44;628.42;3484.86
FT-2023-96494;18/02/2023;9643.49;2121.57;11765.06
FT-2023-96520;25/11/2023;8127.73;1788.10;9915.83
FT-2023-96556;11/09/2023;9082.70;1998.19;11080.89
FT-2023-96574;06/08/2023;5349.96;1176.99;6526.95
FT-2023-96593;10/06/2023;9486.02;2086.92;11572.94
FT-2023-96630;19/11/2023;4536.60;998.05;5534.65
FT-2023-96716;02/10/2023;9151.38;2013.30;11164.68
FT-2023-96768;08/03/2023;1849.86;406.97;2256.83
FT-2023-96857;13/04/2023;3461.30;761.49;4222.79
FT-2023-96887;23/10/2023;2073.53;456.18;2529.71
FT-2023-96891;09/09/2023;8765.84;1928.48;10694.32
FT-2023-96940;31/05/2023;5139.67;1130.73;6270.40
FT-2023-96956;08/04/2023;796.34;175.19;971.53
FT-2023-97009;16/11/2023;5192.08;1142.26;6334.34
FT-2023-97031;19/04/2023;6214.56;1367.20;7581.76
FT-2023-97060;04/03/2023;14153.54;3113.78;17267.32
FT-2023-97073;05/03/2023;8936.07;1965.94;10902.01
FT-2023-97101;14/05/2023;6530.20;1436.64;7966.84
FT-2023-97163;23/10/2023;11186.03;2460.93;13646.96
FT-2023-97175;17/01/2023;6463.78;1422.03;7885.81
FT-2023-97185;14/11/2023;7230.85;1590.79;8821.64
FT-2023-97204;05/10/2023;2943.96;647.67;3591.63
FT-2023-97219;28/05/2023;7122.60;1566.97;8689.57
FT-2023-97230;03/07/2023;13465.90;2962.50;16428.40
FT-2023-97251;28/09/2023;7315.80;1609.48;8925.28
FT-2023-97281;04/06/2023;7543.15;1659.49;9202.64
FT-2023-97289;15/08/2023;9685.71;2130.86;11816.57
FT-2023-97307;06/08/2023;7742.42;1703.33;9445.75
FT-2023-97330;19/12/2023;6231.82;1371.00;7602.82
FT-2023-97360;22/06/2023;4777.47;1051.04;5828.51
FT-2023-97373;17/10/2023;940.68;206.95;1147.63
FT-2023-97401;09/05/2023;8017.91;1763.94;9781.85
FT-2023-97440;11/01/2023;2212.01;486.64;2698.65
FT-2023-97441;19/05/2023;2263.43;497.95;2761.38
FT-2023-97445;13/12/2023;9639.66;2120.73;11760.39
FT-2023-97454;30/12/2023;3716.48;817.63;4534.11
FT-2023-97463;11/01/2023;5682.63;1250.18;6932.81
FT-2023-97465;18/06/2023;926.00;203.72;1129.72
FT-2023-97495;24/10/2023;4294.14;944.71;5238.85
FT-2023-97497;07/03/2023;5827.64;1282.08;7109.72
FT-2023-97533;30/01/2023;729.56;160.50;890.06
FT-2023-97597;03/07/2023;6927.14;1523.97;8451.11
FT-2023-97610;20/01/2023;7035.25;1547.76;8583.01
FT-2023-97617;08/07/2023;8872.59;1951.97;10824.56
FT-2023-97620;30/07/2023;4245.86;934.09;5179.95
FT-2023-97626;24/04/2023;4255.90;936.30;5192.20
FT-2023-97635;27/07/2023;4912.81;1080.82;5993.63
FT-2023-97638;20/03/2023;11013.38;2422.94;13436.32
FT-2023-97660;02/04/2023;9849.66;2166.93;12016.59
FT-2023-97713;19/04/2023;7389.40;1625.67;9015.07
FT-2023-97735;05/06/2023;7012.61;1542.77;8555.38
FT-2023-97754;29/06/2023;8354.59;1838.01;10192.60
FT-2023-97773;01/11/2023;2898.44;637.66;3536.10
FT-2023-97810;27/08/2023;3328.04;732.17;4060.21
FT-2023-97836;29/04/2023;7208.97;1585.97;8794.94
FT-2023-97868;26/01/2023;6715.93;1477.50;8193.43
FT-2023-97889;29/05/2023;7121.06;1566.63;8687.69
FT-2023-97915;29/09/2023;2424.15;533.31;2957.46
FT-2023-97923;17/11/2023;10121.27;2226.68;12347.95
FT-2023-97931;05/12/2023;11301.14;2486.25;13787.39
FT-2023-97951;04/02/2023;7624.64;1677.42;9302.06
FT-2023-97977;20/02/2023;1144.16;251.72;1395.88
FT-2023-97979;29/06/2023;8549.38;1880.86;10430.24
FT-2023-98001;12/06/2023;3494.73;768.84;4263.57
FT-2023-98007;22/03/2023;3611.53;794.54;4406.07
FT-2023-98013;09/06/2023;4516.61;993.65;5510.26
FT-2023-98015;08/06/2023;5411.48;1190.53;6602.01
FT-2023-98031;05/09/2023;9692.94;2132.45;11825.39
FT-2023-98055;03/06/2023;5955.78;1310.27;7266.05
FT-2023-98158;14/07/2023;8003.76;1760.83;9764.59
FT-2023-98170;10/06/2023;2014.72;443.24;2457.96
FT-2023-98194;03/11/2023;9511.85;2092.61;11604.46
FT-2023-98202;14/08/2023;4815.27;1059.36;5874.63
FT-2023-98205;20/02/2023;10166.72;2236.68;12403.40
FT-2023-98211;03/04/2023;6044.72;1329.84;7374.56
FT-2023-98240;21/06/2023;8597.91;1891.54;10489.45
FT-2023-98304;14/03/2023;2323.61;511.19;2834.80
FT-2023-98312;01/10/2023;4724.81;1039.46;5764.27
FT-2023-98335;05/06/2023;5434.02;1195.48;6629.50
FT-2023-98357;12/05/2023;4940.93;1087.00;6027.93
FT-2023-98464;21/04/2023;11451.94;2519.43;13971.37
FT-2023-98511;22/04/2023;13910.43;3060.29;16970.72
FT-2023-98515;02/06/2023;7671.34;1687.69;9359.03
FT-2023-98549;01/08/2023;13289.38;2923.66;16213.04
FT-2023-98558;20/05/2023;3360.32;739.27;4099.59
FT-2023-98609;27/11/2023;4020.82;884.58;4905.40
FT-2023-98628;01/10/2023;8866.43;1950.61;10817.04
FT-2023-98636;05/11/2023;9343.11;2055.48;11398.59
FT-2023-98657;06/04/2023;9623.47;2117.16;11740.63
FT-2023-98669;27/04/2023;2354.49;517.99;2872.48
FT-2023-98675;01/04/2023;7943.85;1747.65;9691.50
FT-2023-98712;26/02/2023;8953.95;1969.87;10923.82
FT-2023-98742;10/07/2023;3157.48;694.65;3852.13
FT-2023-98793;18/02/2023;3543.58;779.59;4323.17
FT-2023-98795;20/12/2023;4225.26;929.56;5154.82
FT-2023-98803;02/06/2023;8454.79;1860.05;10314.84
FT-2023-98888;14/05/2023;457.99;100.76;558.75
FT-2023-98936;30/01/2023;5074.25;1116.34;6190.59
FT-2023-98954;07/03/2023;3343.51;735.57;4079.08
FT-2023-98959;04/06/2023;3760.67;827.35;4588.02
FT-2023-98962;18/12/2023;5643.47;1241.56;6885.03
FT-2023-98992;24/06/2023;1197.43;263.43;1460.86
FT-2023-98994;04/01/2024;1441.03;317.03;1758.06
FT-2023-98999;17/11/2023;4915.36;1081.38;5996.74
FT-2023-99114;28/09/2023;2425.34;533.57;2958.91
FT-2023-99130;25/03/2023;14235.73;3131.86;17367.59
FT-2023-99265;21/11/2023;6109.82;1344.16;7453.98
FT-2023-99287;28/06/2023;14174.06;3118.29;17292.35
FT-2023-99305;10/01/2023;6778.08;1491.18;8269.26
FT-2023-99323;14/07/2023;4841.07;1065.04;5906.11
FT-2023-99334;02/08/2023;8246.28;1814.18;10060.46
FT-2023-99335;11/11/2023;8452.31;1859.51;10311.82
FT-2023-99344;09/05/2023;14262.25;3137.70;17399.95
FT-2023-99356;06/02/2023;966.98;212.74;1179.72
FT-2023-99358;21/06/2023;4077.78;897.11;4974.89
FT-2023-99372;29/07/2023;4885.48;1074.81;5960.29
FT-2023-99430;18/05/2023;4208.35;925.84;5134.19
FT-2023-99445;12/01/2023;5017.52;1103.85;6121.37
FT-2023-99463;23/12/2023;13382.90;2944.24;16327.14
FT-2023-99555;14/04/2023;3634.19;799.52;4433.71
FT-2023-99569;30/06/2023;7364.26;1620.14;8984.40
FT-2023-99584;03/05/2023;10712.09;2356.66;13068.75
FT-2023-99607;18/01/2023;6478.86;1425.35;7904.21
FT-2023-99610;20/04/2023;5287.18;1163.18;6450.36
FT-2023-99619;21/07/2023;4776.70;1050.87;5827.57
FT-2023-99638;10/12/2023;1838.41;404.45;2242.86
FT-2023-99644;08/09/2023;2012.90;442.84;2455.74
FT-2023-99648;09/08/2023;1468.94;323.17;1792.11
FT-2023-99654;20/07/2023;9276.10;2040.74;11316.84
FT-2023-99672;13/02/2023;4261.05;937.43;5198.48
FT-2023-99698;20/11/2023;3605.94;793.31;4399.25
FT-2023-99731;03/03/2023;4086.98;899.14;4986.12
FT-2023-99735;21/07/2023;14436.61;3176.05;17612.66
FT-2023-99811;06/06/2023;5869.87;1291.37;7161.24
FT-2023-99815;23/11/2023;2919.87;642.37;3562.24
FT-2023-99925;25/08/2023;4020.79;884.57;4905.36
FT-2023-99997;09/07/2023;4585.61;1008.83;5594.44
FT-2024-00033;21/05/2024;6738.15;1482.39;8220.54
FT-2024-00036;17/07/2024;6609.80;1454.16;8063.96
FT-2024-00052;09/05/2024;1994.20;438.72;2432.92
FT-2024-00082;27/03/2024;5982.29;1316.10;7298.39
FT-2024-00152;18/09/2024;12892.10;2836.26;15728.36
FT-2024-00155;15/08/2024;3838.05;844.37;4682.42
FT-2024-00160;24/03/2024;5571.32;1225.69;6797.01
FT-2024-00193;27/02/2024;834.62;183.62;1018.24
FT-2024-00210;01/12/2024;14302.41;3146.53;17448.94
FT-2024-00301;10/01/2025;3052.32;671.51;3723.83
FT-2024-00307;22/02/2024;4658.59;1024.89;5683.48
FT-2024-00344;28/01/2024;15172.28;3337.90;18510.18
FT-2024-00348;01/06/2024;15100.13;3322.03;18422.16
FT-2024-00393;30/03/2024;3955.37;870.18;4825.55
FT-2024-00421;21/11/2024;11684.97;2570.69;14255.66
FT-2024-00513;12/01/2024;936.12;205.95;1142.07
FT-2024-00520;05/12/2024;9296.20;2045.16;11341.36
FT-2024-00534;10/02/2024;4742.45;1043.34;5785.79
FT-2024-00562;31/12/2024;5005.13;1101.13;6106.26
FT-2024-00632;30/04/2024;10400.66;2288.15;12688.81
FT-2024-00656;17/10/2024;5844.74;1285.84;7130.58
FT-2024-00669;16/03/2024;7653.26;1683.72;9336.98
FT-2024-00678;16/03/2024;3148.70;692.71;3841.41
FT-2024-00711;08/09/2024;8129.54;1788.50;9918.04
FT-2024-00776;22/12/2024;7431.52;1634.93;9066.45
FT-2024-00784;28/02/2024;3627.05;797.95;4425.00
FT-2024-00850;07/04/2024;2872.13;631.87;3504.00
FT-2024-00941;27/01/2024;645.82;142.08;787.90
FT-2024-00950;09/03/2024;3528.98;776.38;4305.36
FT-2024-00990;28/08/2024;5362.15;1179.67;6541.82
FT-2024-01007;03/04/2024;3743.70;823.61;4567.31
FT-2024-01040;18/10/2024;2010.75;442.37;2453.12
FT-2024-01124;16/05/2024;11584.34;2548.55;14132.89
FT-2024-01129;30/09/2024;3353.78;737.83;4091.61
FT-2024-01137;01/09/2024;1486.18;326.96;1813.14
FT-2024-01236;13/10/2024;3464.62;762.22;4226.84
FT-2024-01316;06/08/2024;4912.20;1080.68;5992.88
FT-2024-01335;28/06/2024;6603.82;1452.84;8056.66
FT-2024-01365;12/02/2024;2706.28;595.38;3301.66
FT-2024-01376;24/01/2024;3480.39;765.69;4246.08
FT-2024-01398;06/06/2024;4641.76;1021.19;5662.95
FT-2024-01415;18/04/2024;6739.87;1482.77;8222.64
FT-2024-01438;20/06/2024;1418.91;312.16;1731.07
FT-2024-01452;28/07/2024;2239.43;492.67;2732.10
FT-2024-01456;11/03/2024;11481.56;2525.94;14007.50
FT-2024-01466;06/02/2024;2936.01;645.92;3581.93
FT-2024-01492;13/08/2024;4152.30;913.51;5065.81
FT-2024-01517;25/09/2024;2243.19;493.50;2736.69
FT-2024-01531;09/10/2024;2951.03;649.23;3600.26
FT-2024-01567;20/09/2024;4760.93;1047.40;5808.33
FT-2024-01654;24/06/2024;3568.37;785.04;4353.41
FT-2024-01733;23/11/2024;4053.43;891.75;4945.18
FT-2024-01813;14/05/2024;4934.43;1085.57;6020.00
FT-2024-01916;30/10/2024;4635.64;1019.84;5655.48
FT-2024-01979;03/08/2024;3033.54;667.38;3700.92
FT-2024-01995;27/06/2024;6035.87;1327.89;7363.76
FT-2024-02025;09/08/2024;2812.22;618.69;3430.91
FT-2024-02059;17/10/2024;1498.27;329.62;1827.89
FT-2024-02080;30/04/2024;4613.25;1014.91;5628.16
FT-2024-02095;13/12/2024;1328.33;292.23;1620.56
FT-2024-02104;16/12/2024;3621.23;796.67;4417.90
FT-2024-02199;09/03/2024;2427.03;533.95;2960.98
FT-2024-02203;07/09/2024;3115.77;685.47;3801.24
FT-2024-02208;08/05/2024;14298.55;3145.68;17444.23
FT-2024-02235;22/04/2024;2192.82;482.42;2675.24
FT-2024-02240;13/04/2024;4054.70;892.03;4946.73
FT-2024-02270;19/06/2024;3735.39;821.79;4557.18
FT-2024-02275;12/06/2024;4945.54;1088.02;6033.56
FT-2024-02297;10/08/2024;2024.34;445.35;2469.69
FT-2024-02359;26/05/2024;13026.09;2865.74;15891.83
FT-2024-02403;01/02/2024;1311.63;288.56;1600.19
FT-2024-02567;01/03/2024;3693.18;812.50;4505.68
FT-2024-02569;26/06/2024;3159.51;695.09;3854.60
FT-2024-02623;25/02/2024;3045.13;669.93;3715.06
FT-2024-02669;17/04/2024;4121.48;906.73;5028.21
FT-2024-02670;28/08/2024;12510.74;2752.36;15263.10
FT-2024-02685;14/02/2024;1695.81;373.08;2068.89
FT-2024-02744;27/06/2024;571.14;125.65;696.79
FT-2024-02802;10/04/2024;15771.64;3469.76;19241.40
FT-2024-02808;14/08/2024;5012.15;1102.67;6114.82
FT-2024-02840;02/03/2024;1309.87;288.17;1598.04
FT-2024-02879;16/12/2024;842.27;185.30;1027.57
FT-2024-02907;21/09/2024;5436.62;1196.06;6632.68
FT-2024-02909;08/01/2025;7957.17;1750.58;9707.75
FT-2024-02977;13/11/2024;14806.57;3257.45;18064.02
FT-2024-02987;04/07/2024;3297.23;725.39;4022.62
FT-2024-02992;22/09/2024;8617.11;1895.76;10512.87
FT-2024-03006;01/09/2024;2414.98;531.30;2946.28
FT-2024-03013;20/12/2024;957.43;210.63;1168.06
FT-2024-03112;02/02/2024;1696.43;373.21;2069.64
FT-2024-03128;08/12/2024;5736.37;1262.00;6998.37
FT-2024-03146;29/08/2024;3501.59;770.35;4271.94
FT-2024-03195;03/10/2024;5525.36;1215.58;6740.94
FT-2024-03229;21/11/2024;4789.31;1053.65;5842.96
FT-2024-03254;16/04/2024;6427.44;1414.04;7841.48
FT-2024-03284;24/12/2024;9958.18;2190.80;12148.98
FT-2024-03298;11/09/2024;1056.86;232.51;1289.37
FT-2024-03312;04/02/2024;4092.41;900.33;4992.74
FT-2024-03460;02/03/2024;6014.19;1323.12;7337.31
FT-2024-03489;19/12/2024;11735.91;2581.90;14317.81
FT-2024-03513;20/07/2024;6059.26;1333.04;7392.30
FT-2024-03528;11/08/2024;3506.95;771.53;4278.48
FT-2024-03575;16/05/2024;6639.04;1460.59;8099.63
FT-2024-03592;19/01/2024;5108.02;1123.76;6231.78
FT-2024-03594;04/02/2024;5463.14;1201.89;6665.03
FT-2024-03645;07/03/2024;13700.06;3014.01;16714.07
FT-2024-03671;13/03/2024;4939.69;1086.73;6026.42
FT-2024-03672;21/02/2024;5363.42;1179.95;6543.37
FT-2024-03701;26/02/2024;8931.18;1964.86;10896.04
FT-2024-03732;11/02/2024;7457.50;1640.65;9098.15
FT-2024-03830;13/07/2024;11579.29;2547.44;14126.73
FT-2024-03854;18/03/2024;11211.24;2466.47;13677.71
FT-2024-03942;01/11/2024;2788.30;613.43;3401.73
FT-2024-04073;17/04/2024;10580.59;2327.73;12908.32
FT-2024-04157;24/10/2024;7913.96;1741.07;9655.03
FT-2024-04163;16/04/2024;1910.28;420.26;2330.54
FT-2024-04209;11/06/2024;7478.78;1645.33;9124.11
FT-2024-04246;03/05/2024;1684.94;370.69;2055.63
FT-2024-04289;18/06/2024;9001.70;1980.37;10982.07
FT-2024-04398;08/05/2024;2309.81;508.16;2817.97
FT-2024-04426;15/12/2024;8495.13;1868.93;10364.06
FT-2024-04498;24/06/2024;8176.62;1798.86;9975.48
FT-2024-04499;12/12/2024;3586.44;789.02;4375.46
FT-2024-04515;24/04/2024;9690.89;2132.00;11822.89
FT-2024-04516;23/12/2024;4167.57;916.87;5084.44
FT-2024-04542;08/04/2024;3019.31;664.25;3683.56
FT-2024-04582;14/11/2024;6241.84;1373.20;7615.04
FT-2024-04594;19/05/2024;6966.10;1532.54;8498.64
FT-2024-04671;09/12/2024;1593.05;350.47;1943.52
FT-2024-04714;09/12/2024;8122.28;1786.90;9909.18
FT-2024-04770;05/10/2024;10155.37;2234.18;12389.55
FT-2024-04804;30/05/2024;5364.77;1180.25;6545.02
FT-2024-04816;10/02/2024;5161.84;1135.60;6297.44
FT-2024-04821;13/03/2024;2655.09;584.12;3239.21
FT-2024-04828;15/04/2024;2407.92;529.74;2937.66
FT-2024-04854;13/03/2024;15592.67;3430.39;19023.06
FT-2024-04857;28/06/2024;6589.31;1449.65;8038.96
FT-2024-04861;11/05/2024;1905.09;419.12;2324.21
FT-2024-04927;28/04/2024;4455.81;980.28;5436.09
FT-2024-05028;01/05/2024;12959.36;2851.06;15810.42
FT-2024-05042;28/09/2024;15328.40;3372.25;18700.65
FT-2024-05054;10/03/2024;6050.24;1331.05;7381.29
FT-2024-05131;03/02/2024;6424.23;1413.33;7837.56
FT-2024-05154;01/01/2025;941.29;207.08;1148.37
FT-2024-05197;08/02/2024;9678.23;2129.21;11807.44
FT-2024-05213;04/05/2024;8006.65;1761.46;9768.11
FT-2024-05262;07/12/2024;15269.85;3359.37;18629.22
FT-2024-05313;09/07/2024;2210.71;486.36;2697.07
FT-2024-05336;06/02/2024;9640.11;2120.82;11760.93
FT-2024-05345;28/07/2024;758.58;166.89;925.47
FT-2024-05369;04/04/2024;5537.28;1218.20;6755.48
FT-2024-05401;04/07/2024;3269.71;719.34;3989.05
FT-2024-05422;25/07/2024;5466.91;1202.72;6669.63
FT-2024-05447;20/08/2024;1357.57;298.67;1656.24
FT-2024-05463;10/05/2024;3002.17;660.48;3662.65
FT-2024-05468;05/04/2024;3227.86;710.13;3937.99
FT-2024-05580;08/07/2024;8688.16;1911.40;10599.56
FT-2024-05636;29/05/2024;13701.77;3014.39;16716.16
FT-2024-05639;30/04/2024;3845.97;846.11;4692.08
FT-2024-05650;01/07/2024;2686.76;591.09;3277.85
FT-2024-05732;13/11/2024;4010.95;882.41;4893.36
FT-2024-05748;15/08/2024;3784.45;832.58;4617.03
FT-2024-05823;29/04/2024;1833.23;403.31;2236.54
FT-2024-05833;11/04/2024;12331.60;2712.95;15044.55
FT-2024-05870;09/09/2024;5368.59;1181.09;6549.68
FT-2024-05884;11/07/2024;3133.16;689.30;3822.46
FT-2024-05902;02/06/2024;3491.57;768.15;4259.72
FT-2024-05930;07/03/2024;5916.34;1301.59;7217.93
FT-2024-05984;07/05/2024;9279.34;2041.45;11320.79
FT-2024-06033;22/01/2024;4256.74;936.48;5193.22
FT-2024-06039;07/04/2024;10653.88;2343.85;12997.73
FT-2024-06066;23/03/2024;5792.18;1274.28;7066.46
FT-2024-06076;27/12/2024;4111.76;904.59;5016.35
FT-2024-06087;08/06/2024;6303.48;1386.77;7690.25
FT-2024-06116;21/04/2024;5544.51;1219.79;6764.30
FT-2024-06162;18/05/2024;1829.25;402.44;2231.69
FT-2024-06207;22/12/2024;975.83;214.68;1190.51
FT-2024-06241;13/01/2024;10174.29;2238.34;12412.63
FT-2024-06247;14/09/2024;5860.90;1289.40;7150.30
FT-2024-06267;01/12/2024;531.83;117.00;648.83
FT-2024-06281;21/05/2024;11103.37;2442.74;13546.11
FT-2024-06445;24/02/2024;2274.59;500.41;2775.00
FT-2024-06447;26/04/2024;5036.21;1107.97;6144.18
FT-2024-06504;28/09/2024;1911.76;420.59;2332.35
FT-2024-06602;17/03/2024;5976.40;1314.81;7291.21
FT-2024-06612;25/04/2024;4216.63;927.66;5144.29
FT-2024-06689;18/06/2024;3757.56;826.66;4584.22
FT-2024-06712;07/10/2024;5146.89;1132.32;6279.21
FT-2024-06739;05/06/2024;5791.67;1274.17;7065.84
FT-2024-06913;04/04/2024;9396.25;2067.18;11463.43
FT-2024-06920;21/02/2024;3081.71;677.98;3759.69
FT-2024-06974;18/06/2024;5344.18;1175.72;6519.90
FT-2024-07006;29/03/2024;9467.83;2082.92;11550.75
FT-2024-07055;20/12/2024;2797.31;615.41;3412.72
FT-2024-07063;08/05/2024;11731.20;2580.86;14312.06
FT-2024-07082;31/05/2024;6024.81;1325.46;7350.27
FT-2024-07123;21/11/2024;2315.47;509.40;2824.87
FT-2024-07151;05/05/2024;3314.94;729.29;4044.23
FT-2024-07154;02/11/2024;9578.34;2107.23;11685.57
FT-2024-07240;07/10/2024;9116.10;2005.54;11121.64
FT-2024-07265;16/04/2024;7360.45;1619.30;8979.75
FT-2024-07408;18/11/2024;12300.39;2706.09;15006.48
FT-2024-07411;16/08/2024;4905.69;1079.25;5984.94
FT-2024-07461;26/03/2024;8705.06;1915.11;10620.17
FT-2024-07465;16/01/2024;3345.68;736.05;4081.73
FT-2024-07511;27/11/2024;5749.45;1264.88;7014.33
FT-2024-07548;03/04/2024;1550.05;341.01;1891.06
FT-2024-07556;01/01/2025;1616.21;355.57;1971.78
FT-2024-07566;16/08/2024;5744.62;1263.82;7008.44
FT-2024-07570;31/03/2024;8189.32;1801.65;9990.97
FT-2024-07577;07/01/2025;6580.03;1447.61;8027.64
FT-2024-07661;16/09/2024;7713.76;1697.03;9410.79
FT-2024-07667;20/12/2024;7627.60;1678.07;9305.67
FT-2024-07678;26/04/2024;9582.53;2108.16;11690.69
FT-2024-07688;27/08/2024;956.74;210.48;1167.22
FT-2024-07692;29/05/2024;8188.38;1801.44;9989.82
FT-2024-07734;07/10/2024;6974.06;1534.29;8508.35
FT-2024-07739;23/07/2024;8266.43;1818.61;10085.04
FT-2024-07796;27/10/2024;4219.47;928.28;5147.75
FT-2024-07799;17/03/2024;6713.09;1476.88;8189.97
FT-2024-07833;01/03/2024;7421.87;1632.81;9054.68
FT-2024-07864;09/05/2024;2313.21;508.91;2822.12
FT-2024-07887;10/06/2024;1152.64;253.58;1406.22
FT-2024-07938;20/02/2024;2734.01;601.48;3335.49
FT-2024-08040;31/07/2024;2251.92;495.42;2747.34
FT-2024-08047;28/03/2024;12883.31;2834.33;15717.64
FT-2024-08051;24/02/2024;14822.71;3261.00;18083.71
FT-2024-08115;11/04/2024;6509.06;1431.99;7941.05
FT-2024-08120;10/05/2024;8658.67;1904.91;10563.58
FT-2024-08135;09/01/2024;11525.98;2535.72;14061.70
FT-2024-08177;10/01/2024;5929.96;1304.59;7234.55
FT-2024-08235;16/05/2024;8216.98;1807.74;10024.72
FT-2024-08278;10/08/2024;2826.72;621.88;3448.60
FT-2024-08306;04/03/2024;8136.31;1789.99;9926.30
FT-2024-08325;30/11/2024;11095.55;2441.02;13536.57
FT-2024-08430;12/11/2024;3367.05;740.75;4107.80
FT-2024-08444;04/10/2024;6052.58;1331.57;7384.15
FT-2024-08450;01/01/2025;4170.40;917.49;5087.89
FT-2024-08474;23/08/2024;3478.92;765.36;4244.28
FT-2024-08487;05/03/2024;3110.13;684.23;3794.36
FT-2024-08512;17/08/2024;2138.00;470.36;2608.36
FT-2024-08556;29/12/2024;2877.15;632.97;3510.12
FT-2024-08636;02/05/2024;4954.43;1089.97;6044.40
FT-2024-08695;13/03/2024;2437.15;536.17;2973.32
FT-2024-08723;22/01/2024;11028.77;2426.33;13455.10
FT-2024-08789;20/02/2024;2070.77;455.57;2526.34
FT-2024-08812;14/08/2024;2565.10;564.32;3129.42
FT-2024-08880;11/02/2024;5821.76;1280.79;7102.55
FT-2024-08896;09/05/2024;7925.44;1743.60;9669.04
FT-2024-08921;24/01/2024;3308.69;727.91;4036.60
FT-2024-08923;29/06/2024;2280.02;501.60;2781.62
FT-2024-08940;11/07/2024;2772.78;610.01;3382.79
FT-2024-08961;12/05/2024;4639.84;1020.76;5660.60
FT-2024-08968;27/10/2024;293.03;64.47;357.50
FT-2024-09017;11/04/2024;1273.42;280.15;1553.57
FT-2024-09041;11/02/2024;5812.25;1278.69;7090.94
FT-2024-09061;26/05/2024;12255.53;2696.22;14951.75
FT-2024-09101;08/10/2024;14048.79;3090.73;17139.52
FT-2024-09126;12/12/2024;5187.09;1141.16;6328.25
FT-2024-09163;29/05/2024;2574.61;566.41;3141.02
FT-2024-09184;27/01/2024;5756.24;1266.37;7022.61
FT-2024-09194;22/09/2024;6349.55;1396.90;7746.45
FT-2024-09221;01/10/2024;7858.60;1728.89;9587.49
FT-2024-09244;24/05/2024;2034.09;447.50;2481.59
FT-2024-09306;09/04/2024;4213.87;927.05;5140.92
FT-2024-09307;10/01/2024;3319.05;730.19;4049.24
FT-2024-09324;27/03/2024;8670.12;1907.43;10577.55
FT-2024-09348;16/02/2024;11859.98;2609.20;14469.18
FT-2024-09368;11/07/2024;5097.50;1121.45;6218.95
FT-2024-09383;22/02/2024;7674.97;1688.49;9363.46
FT-2024-09445;04/08/2024;4435.97;975.91;5411.88
FT-2024-09455;23/07/2024;743.22;163.51;906.73
FT-2024-09469;16/10/2024;10078.50;2217.27;12295.77
FT-2024-09474;04/03/2024;2578.19;567.20;3145.39
FT-2024-09556;21/11/2024;1191.88;262.21;1454.09
FT-2024-09598;18/08/2024;11226.17;2469.76;13695.93
FT-2024-09599;05/02/2024;1940.26;426.86;2367.12
FT-2024-09676;23/11/2024;4091.44;900.12;4991.56
FT-2024-09711;17/04/2024;6889.69;1515.73;8405.42
FT-2024-09792;13/07/2024;6369.31;1401.25;7770.56
FT-2024-09836;27/07/2024;7985.48;1756.81;9742.29
FT-2024-09850;09/01/2024;11165.55;2456.42;13621.97
FT-2024-09887;05/12/2024;12260.50;2697.31;14957.81
FT-2024-09936;24/01/2024;3943.36;867.54;4810.90
FT-2024-09947;22/09/2024;3414.28;751.14;4165.42
FT-2024-09951;06/09/2024;2906.25;639.38;3545.63
FT-2024-09983;11/09/2024;6748.30;1484.63;8232.93
FT-2024-10034;11/09/2024;9083.37;1998.34;11081.71
FT-2024-10038;06/11/2024;8163.35;1795.94;9959.29
FT-2024-10052;22/03/2024;13159.18;2895.02;16054.20
FT-2024-10085;18/12/2024;4625.48;1017.61;5643.09
FT-2024-10106;26/02/2024;2116.84;465.70;2582.54
FT-2024-10107;09/02/2024;6470.08;1423.42;7893.50
FT-2024-10121;10/03/2024;1545.66;340.05;1885.71
FT-2024-10123;19/02/2024;3702.03;814.45;4516.48
FT-2024-10182;13/10/2024;1951.85;429.41;2381.26
FT-2024-10194;11/06/2024;4114.30;905.15;5019.45
FT-2024-10243;02/01/2025;5716.63;1257.66;6974.29
FT-2024-10253;04/05/2024;9570.58;2105.53;11676.11
FT-2024-10284;29/06/2024;5520.07;1214.42;6734.49
FT-2024-10342;08/01/2024;5126.69;1127.87;6254.56
FT-2024-10346;20/08/2024;9297.67;2045.49;11343.16
FT-2024-10352;25/05/2024;1182.58;260.17;1442.75
FT-2024-10364;17/10/2024;2221.80;488.80;2710.60
FT-2024-10393;01/07/2024;5567.72;1224.90;6792.62
FT-2024-10403;14/01/2024;5272.36;1159.92;6432.28
FT-2024-10415;14/04/2024;1566.05;344.53;1910.58
FT-2024-10453;28/08/2024;3804.09;836.90;4640.99
FT-2024-10476;15/05/2024;5026.51;1105.83;6132.34
FT-2024-10537;01/07/2024;5209.08;1146.00;6355.08
FT-2024-10568;04/04/2024;8331.81;1833.00;10164.81
FT-2024-10606;20/08/2024;7139.80;1570.76;8710.56
FT-2024-10620;09/03/2024;843.28;185.52;1028.80
FT-2024-10644;16/01/2024;1076.07;236.74;1312.81
FT-2024-10648;26/06/2024;866.57;190.65;1057.22
FT-2024-10711;30/12/2024;1488.45;327.46;1815.91
FT-2024-10723;28/03/2024;2674.59;588.41;3263.00
FT-2024-10802;18/06/2024;6904.47;1518.98;8423.45
FT-2024-10859;05/04/2024;2390.70;525.95;2916.65
FT-2024-10886;17/02/2024;4128.70;908.31;5037.01
FT-2024-10914;22/10/2024;1828.44;402.26;2230.70
FT-2024-10966;20/11/2024;5948.30;1308.63;7256.93
FT-2024-10981;08/03/2024;2304.92;507.08;2812.00
FT-2024-11014;23/01/2024;4001.25;880.27;4881.52
FT-2024-11036;07/10/2024;8079.20;1777.42;9856.62
FT-2024-11054;24/04/2024;2449.79;538.95;2988.74
FT-2024-11079;22/12/2024;2001.24;440.27;2441.51
FT-2024-11102;17/05/2024;4135.60;909.83;5045.43
FT-2024-11135;26/01/2024;7511.35;1652.50;9163.85
FT-2024-11146;11/08/2024;7607.92;1673.74;9281.66
FT-2024-11208;21/12/2024;10318.65;2270.10;12588.75
FT-2024-11246;03/01/2025;15002.39;3300.53;18302.92
FT-2024-11247;19/09/2024;7739.77;1702.75;9442.52
FT-2024-11253;10/04/2024;7651.93;1683.42;9335.35
FT-2024-11256;04/03/2024;6111.11;1344.44;7455.55
FT-2024-11269;09/02/2024;6438.76;1416.53;7855.29
FT-2024-11275;07/08/2024;10762.20;2367.68;13129.88
FT-2024-11341;12/04/2024;6985.32;1536.77;8522.09
FT-2024-11354;05/12/2024;8806.63;1937.46;10744.09
FT-2024-11383;06/03/2024;9688.99;2131.58;11820.57
FT-2024-11387;19/12/2024;11699.96;2573.99;14273.95
FT-2024-11395;19/11/2024;12527.29;2756.00;15283.29
FT-2024-11464;08/05/2024;3534.91;777.68;4312.59
FT-2024-11565;20/02/2024;4704.26;1034.94;5739.20
FT-2024-11586;23/12/2024;15771.63;3469.76;19241.39
FT-2024-11595;14/12/2024;9561.61;2103.55;11665.16
FT-2024-11692;18/06/2024;14097.21;3101.39;17198.60
FT-2024-11706;29/03/2024;3156.44;694.42;3850.86
FT-2024-11718;25/12/2024;6495.29;1428.96;7924.25
FT-2024-11813;22/04/2024;5841.72;1285.18;7126.90
FT-2024-11837;24/12/2024;4043.42;889.55;4932.97
FT-2024-11902;02/10/2024;3588.81;789.54;4378.35
FT-2024-11910;26/07/2024;12506.79;2751.49;15258.28
FT-2024-11915;05/04/2024;4999.02;1099.78;6098.80
FT-2024-11958;05/11/2024;8158.82;1794.94;9953.76
FT-2024-11960;07/05/2024;11742.63;2583.38;14326.01
FT-2024-11986;28/12/2024;9857.81;2168.72;12026.53
FT-2024-12023;18/11/2024;12927.21;2843.99;15771.20
FT-2024-12127;29/05/2024;6991.40;1538.11;8529.51
FT-2024-12148;14/04/2024;4446.04;978.13;5424.17
FT-2024-12163;23/11/2024;5817.79;1279.91;7097.70
FT-2024-12267;18/06/2024;4401.66;968.37;5370.03
FT-2024-12289;10/11/2024;3782.39;832.13;4614.52
FT-2024-12327;06/11/2024;4182.16;920.08;5102.24
FT-2024-12332;19/02/2024;2881.04;633.83;3514.87
FT-2024-12360;01/01/2025;4562.52;1003.75;5566.27
FT-2024-12374;22/04/2024;7600.12;1672.03;9272.15
FT-2024-12436;11/06/2024;7507.70;1651.69;9159.39
FT-2024-12497;15/01/2024;15167.69;3336.89;18504.58
FT-2024-12498;22/09/2024;6673.57;1468.19;8141.76
FT-2024-12503;14/04/2024;4148.72;912.72;5061.44
FT-2024-12536;17/11/2024;10841.01;2385.02;13226.03
FT-2024-12608;26/04/2024;9333.20;2053.30;11386.50
FT-2024-12616;22/09/2024;4706.31;1035.39;5741.70
FT-2024-12683;29/11/2024;6521.86;1434.81;7956.67
FT-2024-12685;21/01/2024;11114.70;2445.23;13559.93
FT-2024-12745;04/11/2024;4887.67;1075.29;5962.96
FT-2024-12789;01/01/2025;666.22;146.57;812.79
FT-2024-12854;08/10/2024;4897.88;1077.53;5975.41
FT-2024-12863;23/02/2024;4450.66;979.15;5429.81
FT-2024-12875;26/03/2024;9353.80;2057.84;11411.64
FT-2024-12882;26/06/2024;6681.14;1469.85;8150.99
FT-2024-12917;06/01/2025;6732.82;1481.22;8214.04
FT-2024-12930;30/04/2024;3307.33;727.61;4034.94
FT-2024-12966;30/03/2024;11133.07;2449.28;13582.35
FT-2024-12989;27/04/2024;756.19;166.36;922.55
FT-2024-12995;15/10/2024;8290.44;1823.90;10114.34
FT-2024-13096;13/10/2024;6903.79;1518.83;8422.62
FT-2024-13117;17/10/2024;14460.40;3181.29;17641.69
FT-2024-13145;10/01/2025;452.15;99.47;551.62
FT-2024-13216;16/03/2024;7170.13;1577.43;8747.56
FT-2024-13255;07/10/2024;5645.82;1242.08;6887.90
FT-2024-13402;30/08/2024;9531.66;2096.97;11628.63
FT-2024-13414;28/08/2024;2001.77;440.39;2442.16
FT-2024-13420;11/07/2024;6528.32;1436.23;7964.55
FT-2024-13436;16/07/2024;4853.06;1067.67;5920.73
FT-2024-13526;29/04/2024;4599.53;1011.90;5611.43
FT-2024-13575;13/09/2024;5035.87;1107.89;6143.76
FT-2024-13587;04/11/2024;1340.01;294.80;1634.81
FT-2024-13591;06/09/2024;9017.70;1983.89;11001.59
FT-2024-13616;26/06/2024;14628.14;3218.19;17846.33
FT-2024-13617;09/01/2024;13887.84;3055.32;16943.16
FT-2024-13653;10/10/2024;14253.71;3135.82;17389.53
FT-2024-13669;30/06/2024;3293.09;724.48;4017.57
FT-2024-13683;21/08/2024;4222.87;929.03;5151.90
FT-2024-13731;11/10/2024;13989.37;3077.66;17067.03
FT-2024-13751;27/07/2024;4530.92;996.80;5527.72
FT-2024-13759;18/12/2024;2402.99;528.66;2931.65
FT-2024-13769;10/07/2024;11060.10;2433.22;13493.32
FT-2024-13793;07/11/2024;10780.58;2371.73;13152.31
FT-2024-13834;05/10/2024;1686.78;371.09;2057.87
FT-2024-13871;28/02/2024;17189.41;3781.67;20971.08
FT-2024-13894;14/11/2024;2407.14;529.57;2936.71
FT-2024-13945;14/06/2024;5110.65;1124.34;6234.99
FT-2024-13950;06/10/2024;2451.76;539.39;2991.15
FT-2024-13971;22/03/2024;11005.48;2421.21;13426.69
FT-2024-14016;06/07/2024;11073.23;2436.11;13509.34
FT-2024-14055;30/08/2024;3629.62;798.52;4428.14
FT-2024-14060;17/01/2024;7990.60;1757.93;9748.53
FT-2024-14084;21/10/2024;5966.24;1312.57;7278.81
FT-2024-14125;20/09/2024;5573.18;1226.10;6799.28
FT-2024-14167;04/03/2024;1469.31;323.25;1792.56
FT-2024-14181;31/08/2024;12309.31;2708.05;15017.36
FT-2024-14202;09/01/2024;2377.48;523.05;2900.53
FT-2024-14274;12/08/2024;8039.58;1768.71;9808.29
FT-2024-14275;02/10/2024;11329.91;2492.58;13822.49
FT-2024-14304;14/03/2024;4573.77;1006.23;5580.00
FT-2024-14361;16/01/2024;12162.79;2675.81;14838.60
FT-2024-14370;04/12/2024;4431.02;974.82;5405.84
FT-2024-14385;16/04/2024;5431.84;1195.00;6626.84
FT-2024-14435;05/09/2024;1314.48;289.19;1603.67
FT-2024-14450;21/09/2024;2689.68;591.73;3281.41
FT-2024-14483;01/05/2024;4934.31;1085.55;6019.86
FT-2024-14491;22/09/2024;5434.91;1195.68;6630.59
FT-2024-14552;18/04/2024;5899.53;1297.90;7197.43
FT-2024-14584;20/08/2024;1518.17;334.00;1852.17
FT-2024-14602;16/09/2024;5692.62;1252.38;6945.00
FT-2024-14699;14/12/2024;2430.88;534.79;2965.67
FT-2024-14719;24/04/2024;988.29;217.42;1205.71
FT-2024-14743;06/12/2024;3023.23;665.11;3688.34
FT-2024-14747;05/05/2024;16115.29;3545.36;19660.65
FT-2024-14759;14/02/2024;4836.17;1063.96;5900.13
FT-2024-14837;21/04/2024;16012.99;3522.86;19535.85
FT-2024-14914;12/10/2024;1294.82;284.86;1579.68
FT-2024-14958;29/02/2024;9081.66;1997.97;11079.63
FT-2024-14967;03/09/2024;10594.24;2330.73;12924.97
FT-2024-15038;25/02/2024;1698.07;373.58;2071.65
FT-2024-15043;09/08/2024;13115.80;2885.48;16001.28
FT-2024-15045;26/11/2024;1401.73;308.38;1710.11
FT-2024-15069;12/12/2024;7732.99;1701.26;9434.25
FT-2024-15102;24/05/2024;12095.30;2660.97;14756.27
FT-2024-15109;18/09/2024;6174.86;1358.47;7533.33
FT-2024-15118;26/11/2024;1961.50;431.53;2393.03
FT-2024-15150;23/02/2024;16099.92;3541.98;19641.90
FT-2024-15192;03/02/2024;3720.12;818.43;4538.55
FT-2024-15197;22/02/2024;2021.31;444.69;2466.00
FT-2024-15203;20/10/2024;3990.00;877.80;4867.80
FT-2024-15243;01/08/2024;2277.80;501.12;2778.92
FT-2024-15248;03/09/2024;5805.12;1277.13;7082.25
FT-2024-15271;24/08/2024;7169.24;1577.23;8746.47
FT-2024-15286;31/10/2024;8364.67;1840.23;10204.90
FT-2024-15298;24/04/2024;1334.04;293.49;1627.53
FT-2024-15311;25/09/2024;10000.43;2200.09;12200.52
FT-2024-15375;22/11/2024;2962.43;651.73;3614.16
FT-2024-15391;14/12/2024;5316.72;1169.68;6486.40
FT-2024-15429;14/04/2024;7539.59;1658.71;9198.30
FT-2024-15433;09/02/2024;3942.74;867.40;4810.14
FT-2024-15434;09/10/2024;5624.90;1237.48;6862.38
FT-2024-15435;02/10/2024;3700.87;814.19;4515.06
FT-2024-15444;22/12/2024;2640.29;580.86;3221.15
FT-2024-15467;19/10/2024;3869.21;851.23;4720.44
FT-2024-15498;27/06/2024;3651.83;803.40;4455.23
FT-2024-15554;15/02/2024;9353.83;2057.84;11411.67
FT-2024-15619;18/11/2024;1695.42;372.99;2068.41
FT-2024-15651;03/09/2024;776.29;170.78;947.07
FT-2024-15691;02/02/2024;2862.82;629.82;3492.64
FT-2024-15789;31/03/2024;4467.34;982.81;5450.15
FT-2024-15815;13/09/2024;5168.57;1137.09;6305.66
FT-2024-15850;03/02/2024;4407.86;969.73;5377.59
FT-2024-15881;25/07/2024;8132.33;1789.11;9921.44
FT-2024-15884;02/05/2024;3109.46;684.08;3793.54
FT-2024-15894;24/02/2024;6346.74;1396.28;7743.02
FT-2024-15910;21/07/2024;2066.90;454.72;2521.62
FT-2024-15996;08/12/2024;7725.13;1699.53;9424.66
FT-2024-16010;20/07/2024;4225.64;929.64;5155.28
FT-2024-16035;02/02/2024;8740.51;1922.91;10663.42
FT-2024-16041;02/12/2024;4909.39;1080.07;5989.46
FT-2024-16051;22/08/2024;8526.53;1875.84;10402.37
FT-2024-16077;27/08/2024;2936.45;646.02;3582.47
FT-2024-16123;26/06/2024;3638.50;800.47;4438.97
FT-2024-16140;08/06/2024;9917.33;2181.81;12099.14
FT-2024-16253;02/11/2024;5207.17;1145.58;6352.75
FT-2024-16269;28/08/2024;13717.42;3017.83;16735.25
FT-2024-16284;02/07/2024;3739.42;822.67;4562.09
FT-2024-16354;05/10/2024;9667.53;2126.86;11794.39
FT-2024-16383;15/03/2024;8197.32;1803.41;10000.73
FT-2024-16389;21/07/2024;11179.36;2459.46;13638.82
FT-2024-16393;03/07/2024;11488.66;2527.51;14016.17
FT-2024-16494;25/07/2024;11308.50;2487.87;13796.37
FT-2024-16497;23/07/2024;3691.63;812.16;4503.79
FT-2024-16507;11/08/2024;8538.48;1878.47;10416.95
FT-2024-16550;02/02/2024;4115.83;905.48;5021.31
FT-2024-16558;30/10/2024;4083.50;898.37;4981.87
FT-2024-16567;15/10/2024;13004.22;2860.93;15865.15
FT-2024-16570;18/10/2024;1990.01;437.80;2427.81
FT-2024-16605;25/08/2024;10217.11;2247.76;12464.87
FT-2024-16612;28/06/2024;3357.41;738.63;4096.04
FT-2024-16641;19/07/2024;5854.19;1287.92;7142.11
FT-2024-16643;25/12/2024;3581.35;787.90;4369.25
FT-2024-16677;12/04/2024;3194.19;702.72;3896.91
FT-2024-16686;05/02/2024;3873.03;852.07;4725.10
FT-2024-16718;20/03/2024;10543.66;2319.61;12863.27
FT-2024-16725;13/10/2024;5613.85;1235.05;6848.90
FT-2024-16793;03/05/2024;878.30;193.23;1071.53
FT-2024-16836;16/11/2024;2840.33;624.87;3465.20
FT-2024-16942;03/06/2024;6840.34;1504.87;8345.21
FT-2024-17015;18/06/2024;4249.55;934.90;5184.45
FT-2024-17132;07/01/2025;5688.80;1251.54;6940.34
FT-2024-17134;25/10/2024;782.03;172.05;954.08
FT-2024-17238;07/10/2024;554.87;122.07;676.94
FT-2024-17250;29/03/2024;3069.90;675.38;3745.28
FT-2024-17271;20/06/2024;9227.07;2029.96;11257.03
FT-2024-17290;24/08/2024;1549.55;340.90;1890.45
FT-2024-17296;20/06/2024;727.17;159.98;887.15
FT-2024-17324;07/07/2024;6546.89;1440.32;7987.21
FT-2024-17330;17/07/2024;4422.17;972.88;5395.05
FT-2024-17344;03/10/2024;10079.22;2217.43;12296.65
FT-2024-17353;09/11/2024;12671.65;2787.76;15459.41
FT-2024-17378;25/07/2024;1841.40;405.11;2246.51
FT-2024-17403;17/12/2024;1183.60;260.39;1443.99
FT-2024-17424;22/03/2024;2422.68;532.99;2955.67
FT-2024-17430;21/11/2024;7682.71;1690.20;9372.91
FT-2024-17439;08/01/2024;959.38;211.06;1170.44
FT-2024-17503;28/11/2024;5330.71;1172.76;6503.47
FT-2024-17518;27/08/2024;5186.99;1141.14;6328.13
FT-2024-17578;25/06/2024;3942.52;867.35;4809.87
FT-2024-17598;30/01/2024;14041.66;3089.17;17130.83
FT-2024-17638;12/10/2024;12226.60;2689.85;14916.45
FT-2024-17689;03/02/2024;5628.32;1238.23;6866.55
FT-2024-17728;14/11/2024;6601.28;1452.28;8053.56
FT-2024-17732;26/12/2024;1605.50;353.21;1958.71
FT-2024-17756;04/03/2024;3920.78;862.57;4783.35
FT-2024-17762;18/10/2024;3989.82;877.76;4867.58
FT-2024-17786;15/04/2024;4428.87;974.35;5403.22
FT-2024-17839;24/02/2024;10164.71;2236.24;12400.95
FT-2024-17894;03/02/2024;8819.83;1940.36;10760.19
FT-2024-17927;07/11/2024;10903.41;2398.75;13302.16
FT-2024-17938;17/07/2024;1968.09;432.98;2401.07
FT-2024-17950;30/05/2024;1541.97;339.23;1881.20
FT-2024-17997;06/02/2024;2169.00;477.18;2646.18
FT-2024-18008;29/07/2024;2006.31;441.39;2447.70
FT-2024-18032;06/05/2024;7525.03;1655.51;9180.54
FT-2024-18034;19/03/2024;6843.77;1505.63;8349.40
FT-2024-18044;14/05/2024;8329.50;1832.49;10161.99
FT-2024-18070;01/06/2024;4340.22;954.85;5295.07
FT-2024-18094;01/11/2024;4411.34;970.49;5381.83
FT-2024-18102;20/11/2024;639.87;140.77;780.64
FT-2024-18109;11/12/2024;3903.52;858.77;4762.29
FT-2024-18122;12/05/2024;1042.91;229.44;1272.35
FT-2024-18126;09/09/2024;12141.87;2671.21;14813.08
FT-2024-18150;13/03/2024;14536.33;3197.99;17734.32
FT-2024-18191;02/12/2024;3243.47;713.56;3957.03
FT-2024-18235;01/12/2024;10621.07;2336.64;12957.71
FT-2024-18310;18/06/2024;4294.12;944.71;5238.83
FT-2024-18379;19/02/2024;2844.78;625.85;3470.63
FT-2024-18390;12/10/2024;5333.98;1173.48;6507.46
FT-2024-18396;10/05/2024;4824.43;1061.37;5885.80
FT-2024-18414;10/03/2024;4836.87;1064.11;5900.98
FT-2024-18463;06/06/2024;2200.89;484.20;2685.09
FT-2024-18487;04/11/2024;4382.47;964.14;5346.61
FT-2024-18494;12/04/2024;3414.37;751.16;4165.53
FT-2024-18574;20/01/2024;6111.90;1344.62;7456.52
FT-2024-18575;05/03/2024;6085.26;1338.76;7424.02
FT-2024-18578;04/03/2024;10699.68;2353.93;13053.61
FT-2024-18611;16/05/2024;4194.69;922.83;5117.52
FT-2024-18636;23/03/2024;9089.26;1999.64;11088.90
FT-2024-18640;07/09/2024;5833.44;1283.36;7116.80
FT-2024-18692;07/11/2024;8307.71;1827.70;10135.41
FT-2024-18699;27/06/2024;2803.33;616.73;3420.06
FT-2024-18735;17/09/2024;2744.43;603.77;3348.20
FT-2024-18857;15/03/2024;9291.61;2044.15;11335.76
FT-2024-18883;22/12/2024;1035.40;227.79;1263.19
FT-2024-18884;03/06/2024;1556.04;342.33;1898.37
FT-2024-18921;17/11/2024;2095.73;461.06;2556.79
FT-2024-18968;03/04/2024;4211.22;926.47;5137.69
FT-2024-19041;25/04/2024;9159.54;2015.10;11174.64
FT-2024-19056;23/11/2024;4659.73;1025.14;5684.87
FT-2024-19068;11/02/2024;7059.32;1553.05;8612.37
FT-2024-19082;13/04/2024;5358.99;1178.98;6537.97
FT-2024-19139;02/11/2024;2572.00;565.84;3137.84
FT-2024-19159;07/11/2024;12260.63;2697.34;14957.97
FT-2024-19163;28/09/2024;9890.45;2175.90;12066.35
FT-2024-19191;16/07/2024;10210.39;2246.29;12456.68
FT-2024-19242;17/05/2024;2638.09;580.38;3218.47
FT-2024-19366;20/09/2024;5286.05;1162.93;6448.98
FT-2024-19394;26/07/2024;2457.57;540.67;2998.24
FT-2024-19399;07/09/2024;10816.88;2379.71;13196.59
FT-2024-19405;09/11/2024;4814.31;1059.15;5873.46
FT-2024-19434;26/08/2024;1889.65;415.72;2305.37
FT-2024-19504;25/06/2024;2684.86;590.67;3275.53
FT-2024-19520;08/08/2024;12047.23;2650.39;14697.62
FT-2024-19523;14/04/2024;3304.18;726.92;4031.10
FT-2024-19615;17/11/2024;4837.12;1064.17;5901.29
FT-2024-19659;05/01/2024;9673.54;2128.18;11801.72
FT-2024-19663;30/11/2024;5921.60;1302.75;7224.35
FT-2024-19677;18/01/2024;527.73;116.10;643.83
FT-2024-19766;15/01/2024;2835.52;623.81;3459.33
FT-2024-19791;03/06/2024;7941.34;1747.09;9688.43
FT-2024-19901;11/07/2024;2906.71;639.48;3546.19
FT-2024-19913;14/06/2024;8140.68;1790.95;9931.63
FT-2024-19922;12/02/2024;7310.97;1608.41;8919.38
FT-2024-19953;23/07/2024;10766.89;2368.72;13135.61
FT-2024-19957;08/06/2024;5572.61;1225.97;6798.58
FT-2024-20070;16/04/2024;8024.14;1765.31;9789.45
FT-2024-20078;01/12/2024;16860.57;3709.33;20569.90
FT-2024-20093;13/05/2024;3921.30;862.69;4783.99
FT-2024-20152;28/07/2024;13984.10;3076.50;17060.60
FT-2024-20170;22/09/2024;6228.74;1370.32;7599.06
FT-2024-20248;12/06/2024;6705.61;1475.23;8180.84
FT-2024-20325;09/07/2024;5246.34;1154.19;6400.53
FT-2024-20328;04/03/2024;4037.63;888.28;4925.91
FT-2024-20387;20/01/2024;1571.40;345.71;1917.11
FT-2024-20391;11/10/2024;1697.74;373.50;2071.24
FT-2024-20399;15/04/2024;5558.15;1222.79;6780.94
FT-2024-20517;30/05/2024;8307.01;1827.54;10134.55
FT-2024-20534;19/05/2024;7952.60;1749.57;9702.17
FT-2024-20554;06/03/2024;8807.35;1937.62;10744.97
FT-2024-20576;17/01/2024;8719.43;1918.27;10637.70
FT-2024-20657;29/02/2024;12532.08;2757.06;15289.14
FT-2024-20690;21/06/2024;10281.50;2261.93;12543.43
FT-2024-20707;27/09/2024;1003.70;220.81;1224.51
FT-2024-20711;12/08/2024;5657.69;1244.69;6902.38
FT-2024-20712;07/07/2024;10244.29;2253.74;12498.03
FT-2024-20821;20/10/2024;11746.33;2584.19;14330.52
FT-2024-20833;15/06/2024;2103.67;462.81;2566.48
FT-2024-20842;01/10/2024;4409.34;970.05;5379.39
FT-2024-20895;09/02/2024;13855.11;3048.12;16903.23
FT-2024-20906;09/08/2024;1783.72;392.42;2176.14
FT-2024-20975;07/02/2024;6882.64;1514.18;8396.82
FT-2024-21020;16/05/2024;8230.71;1810.76;10041.47
FT-2024-21084;10/07/2024;3332.94;733.25;4066.19
FT-2024-21257;02/05/2024;689.14;151.61;840.75
FT-2024-21264;22/08/2024;6216.27;1367.58;7583.85
FT-2024-21266;23/09/2024;4140.10;910.82;5050.92
FT-2024-21408;06/07/2024;1037.63;228.28;1265.91
FT-2024-21454;28/07/2024;1808.11;397.78;2205.89
FT-2024-21463;11/03/2024;7571.68;1665.77;9237.45
FT-2024-21571;30/05/2024;10787.17;2373.18;13160.35
FT-2024-21577;16/04/2024;8739.36;1922.66;10662.02
FT-2024-21586;19/10/2024;10333.21;2273.31;12606.52
FT-2024-21611;18/09/2024;3479.59;765.51;4245.10
FT-2024-21620;07/01/2025;2568.19;565.00;3133.19
FT-2024-21623;25/07/2024;7089.14;1559.61;8648.75
FT-2024-21641;04/09/2024;3931.03;864.83;4795.86
FT-2024-21680;16/10/2024;11818.62;2600.10;14418.72
FT-2024-21735;16/09/2024;15338.57;3374.49;18713.06
FT-2024-21751;04/10/2024;2020.30;444.47;2464.77
FT-2024-21803;09/04/2024;6675.15;1468.53;8143.68
FT-2024-21829;18/06/2024;9651.29;2123.28;11774.57
FT-2024-21865;31/07/2024;1893.62;416.60;2310.22
FT-2024-21873;20/04/2024;8434.07;1855.50;10289.57
FT-2024-21895;10/12/2024;7891.64;1736.16;9627.80
FT-2024-21942;28/09/2024;2846.59;626.25;3472.84
FT-2024-21963;28/05/2024;3057.17;672.58;3729.75
FT-2024-21979;23/02/2024;10748.88;2364.75;13113.63
FT-2024-21983;23/06/2024;1933.18;425.30;2358.48
FT-2024-21986;11/09/2024;8835.25;1943.76;10779.01
FT-2024-22054;18/08/2024;5096.91;1121.32;6218.23
FT-2024-22096;30/12/2024;3955.31;870.17;4825.48
FT-2024-22117;13/03/2024;10114.25;2225.14;12339.39
FT-2024-22125;22/10/2024;4641.49;1021.13;5662.62
FT-2024-22149;04/10/2024;8952.51;1969.55;10922.06
FT-2024-22163;07/12/2024;2361.43;519.51;2880.94
FT-2024-22174;19/08/2024;5307.18;1167.58;6474.76
FT-2024-22176;08/01/2025;5153.27;1133.72;6286.99
FT-2024-22237;28/12/2024;2571.67;565.77;3137.44
FT-2024-22241;02/11/2024;10927.60;2404.07;13331.67
FT-2024-22254;23/06/2024;1350.20;297.04;1647.24
FT-2024-22293;19/04/2024;2555.57;562.23;3117.80
FT-2024-22305;30/10/2024;9189.84;2021.76;11211.60
FT-2024-22312;28/02/2024;7113.42;1564.95;8678.37
FT-2024-22363;11/05/2024;9301.68;2046.37;11348.05
FT-2024-22419;27/08/2024;12675.73;2788.66;15464.39
FT-2024-22434;23/05/2024;3913.09;860.88;4773.97
FT-2024-22441;01/11/2024;14002.60;3080.57;17083.17
FT-2024-22459;22/12/2024;6368.68;1401.11;7769.79
FT-2024-22504;06/01/2024;5359.26;1179.04;6538.30
FT-2024-22513;19/01/2024;3898.74;857.72;4756.46
FT-2024-22549;27/04/2024;8829.29;1942.44;10771.73
FT-2024-22663;20/05/2024;2608.93;573.96;3182.89
FT-2024-22678;08/12/2024;8982.62;1976.18;10958.80
FT-2024-22695;04/08/2024;2343.31;515.53;2858.84
FT-2024-22736;15/06/2024;6924.06;1523.29;8447.35
FT-2024-22767;15/10/2024;5107.76;1123.71;6231.47
FT-2024-22805;21/03/2024;1558.81;342.94;1901.75
FT-2024-22807;24/05/2024;7490.67;1647.95;9138.62
FT-2024-22811;05/07/2024;2132.77;469.21;2601.98
FT-2024-22830;01/04/2024;3869.98;851.40;4721.38
FT-2024-22923;18/11/2024;7929.90;1744.58;9674.48
FT-2024-22928;14/10/2024;12648.32;2782.63;15430.95
FT-2024-22933;18/01/2024;2443.37;537.54;2980.91
FT-2024-22945;25/08/2024;7619.94;1676.39;9296.33
FT-2024-22949;24/09/2024;6040.35;1328.88;7369.23
FT-2024-22957;10/07/2024;5868.39;1291.05;7159.44
FT-2024-22978;16/09/2024;4709.55;1036.10;5745.65
FT-2024-22992;14/09/2024;8126.72;1787.88;9914.60
FT-2024-22998;11/07/2024;4880.91;1073.80;5954.71
FT-2024-23007;21/08/2024;6230.45;1370.70;7601.15
FT-2024-23068;29/04/2024;5370.66;1181.55;6552.21
FT-2024-23070;14/02/2024;2558.06;562.77;3120.83
FT-2024-23071;17/09/2024;983.57;216.39;1199.96
FT-2024-23095;18/09/2024;1857.54;408.66;2266.20
FT-2024-23153;14/12/2024;5676.93;1248.92;6925.85
FT-2024-23188;16/07/2024;7387.69;1625.29;9012.98
FT-2024-23218;24/03/2024;15119.37;3326.26;18445.63
FT-2024-23240;25/09/2024;8548.06;1880.57;10428.63
FT-2024-23245;17/06/2024;3489.07;767.60;4256.67
FT-2024-23254;22/05/2024;7340.55;1614.92;8955.47
FT-2024-23281;04/06/2024;8009.14;1762.01;9771.15
FT-2024-23319;09/05/2024;3584.24;788.53;4372.77
FT-2024-23328;21/03/2024;10654.06;2343.89;12997.95
FT-2024-23389;04/06/2024;9212.65;2026.78;11239.43
FT-2024-23404;03/06/2024;4612.04;1014.65;5626.69
FT-2024-23424;16/02/2024;8295.81;1825.08;10120.89
FT-2024-23486;19/12/2024;7296.85;1605.31;8902.16
FT-2024-23521;20/10/2024;10455.52;2300.21;12755.73
FT-2024-23571;23/09/2024;11569.91;2545.38;14115.29
FT-2024-23620;23/06/2024;5968.58;1313.09;7281.67
FT-2024-23713;06/03/2024;4308.16;947.80;5255.96
FT-2024-23730;21/04/2024;3838.14;844.39;4682.53
FT-2024-23747;17/07/2024;3929.35;864.46;4793.81
FT-2024-23782;27/01/2024;4380.05;963.61;5343.66
FT-2024-23788;04/11/2024;2907.45;639.64;3547.09
FT-2024-23821;06/10/2024;3319.04;730.19;4049.23
FT-2024-23838;26/01/2024;2658.39;584.85;3243.24
FT-2024-23856;25/03/2024;9717.95;2137.95;11855.90
FT-2024-23912;08/10/2024;4773.53;1050.18;5823.71
FT-2024-23983;10/09/2024;9078.25;1997.21;11075.46
FT-2024-24099;14/12/2024;1020.58;224.53;1245.11
FT-2024-24120;20/02/2024;3681.39;809.91;4491.30
FT-2024-24152;20/10/2024;2711.50;596.53;3308.03
FT-2024-24159;10/06/2024;6913.09;1520.88;8433.97
FT-2024-24167;15/06/2024;15338.93;3374.56;18713.49
FT-2024-24213;11/12/2024;2232.96;491.25;2724.21
FT-2024-24275;01/08/2024;12489.52;2747.69;15237.21
FT-2024-24285;27/03/2024;6311.83;1388.60;7700.43
FT-2024-24289;27/09/2024;9312.30;2048.71;11361.01
FT-2024-24368;28/05/2024;5213.49;1146.97;6360.46
FT-2024-24396;08/05/2024;3360.63;739.34;4099.97
FT-2024-24404;11/02/2024;9687.82;2131.32;11819.14
FT-2024-24441;04/09/2024;5379.34;1183.45;6562.79
FT-2024-24475;04/04/2024;13920.51;3062.51;16983.02
FT-2024-24480;20/12/2024;1320.14;290.43;1610.57
FT-2024-24487;19/11/2024;1047.65;230.48;1278.13
FT-2024-24512;01/10/2024;6013.53;1322.98;7336.51
FT-2024-24549;28/04/2024;4792.37;1054.32;5846.69
FT-2024-24668;28/09/2024;1954.53;430.00;2384.53
FT-2024-24680;09/03/2024;8097.85;1781.53;9879.38
FT-2024-24827;23/06/2024;2110.72;464.36;2575.08
FT-2024-24872;13/03/2024;15531.42;3416.91;18948.33
FT-2024-24889;06/11/2024;1350.36;297.08;1647.44
FT-2024-24957;10/06/2024;6129.18;1348.42;7477.60
FT-2024-24972;05/04/2024;2440.79;536.97;2977.76
FT-2024-25012;27/10/2024;7956.37;1750.40;9706.77
FT-2024-25031;07/10/2024;3565.57;784.43;4350.00
FT-2024-25068;19/08/2024;2832.17;623.08;3455.25
FT-2024-25075;01/04/2024;1397.22;307.39;1704.61
FT-2024-25150;21/03/2024;6164.34;1356.15;7520.49
FT-2024-25223;11/11/2024;15759.69;3467.13;19226.82
FT-2024-25266;13/11/2024;701.50;154.33;855.83
FT-2024-25272;28/07/2024;9198.34;2023.63;11221.97
FT-2024-25297;18/09/2024;895.14;196.93;1092.07
FT-2024-25300;12/03/2024;13451.47;2959.32;16410.79
FT-2024-25303;29/02/2024;13735.14;3021.73;16756.87
FT-2024-25387;07/08/2024;3136.82;690.10;3826.92
FT-2024-25394;02/09/2024;7322.72;1611.00;8933.72
FT-2024-25424;22/02/2024;5610.50;1234.31;6844.81
FT-2024-25454;31/07/2024;1856.38;408.40;2264.78
FT-2024-25464;29/06/2024;912.96;200.85;1113.81
FT-2024-25527;01/12/2024;4882.74;1074.20;5956.94
FT-2024-25573;19/10/2024;3801.73;836.38;4638.11
FT-2024-25575;11/02/2024;1512.66;332.79;1845.45
FT-2024-25614;26/09/2024;7852.50;1727.55;9580.05
FT-2024-25644;05/03/2024;16127.14;3547.97;19675.11
FT-2024-25674;16/02/2024;13214.21;2907.13;16121.34
FT-2024-25703;25/08/2024;4133.62;909.40;5043.02
FT-2024-25723;12/07/2024;9274.35;2040.36;11314.71
FT-2024-25747;30/06/2024;2724.15;599.31;3323.46
FT-2024-25797;18/01/2024;6915.92;1521.50;8437.42
FT-2024-25819;23/09/2024;1492.63;328.38;1821.01
FT-2024-25825;26/09/2024;8672.35;1907.92;10580.27
FT-2024-25834;30/05/2024;15953.65;3509.80;19463.45
FT-2024-25839;15/11/2024;5421.62;1192.76;6614.38
FT-2024-25859;01/03/2024;10464.95;2302.29;12767.24
FT-2024-25880;05/05/2024;5078.75;1117.33;6196.08
FT-2024-25907;23/04/2024;10482.31;2306.11;12788.42
FT-2024-25937;03/06/2024;6210.19;1366.24;7576.43
FT-2024-26029;11/05/2024;8771.54;1929.74;10701.28
FT-2024-26068;11/09/2024;4399.80;967.96;5367.76
FT-2024-26113;14/09/2024;12791.16;2814.06;15605.22
FT-2024-26150;12/01/2024;1470.17;323.44;1793.61
FT-2024-26166;30/04/2024;13449.08;2958.80;16407.88
FT-2024-26292;03/08/2024;2344.93;515.88;2860.81
FT-2024-26340;04/05/2024;1633.47;359.36;1992.83
FT-2024-26359;29/05/2024;3782.74;832.20;4614.94
FT-2024-26368;06/02/2024;3449.84;758.96;4208.80
FT-2024-26408;31/12/2024;3065.74;674.46;3740.20
FT-2024-26441;07/01/2024;4983.25;1096.32;6079.57
FT-2024-26517;04/04/2024;2666.04;586.53;3252.57
FT-2024-26579;11/05/2024;1250.85;275.19;1526.04
FT-2024-26629;12/03/2024;3298.44;725.66;4024.10
FT-2024-26694;11/04/2024;8598.46;1891.66;10490.12
FT-2024-26717;22/09/2024;5684.78;1250.65;6935.43
FT-2024-26782;24/03/2024;8214.02;1807.08;10021.10
FT-2024-26805;28/10/2024;6646.58;1462.25;8108.83
FT-2024-26822;01/10/2024;7986.46;1757.02;9743.48
FT-2024-26865;22/03/2024;3411.65;750.56;4162.21
FT-2024-26889;12/02/2024;9593.39;2110.55;11703.94
FT-2024-26903;19/07/2024;8769.79;1929.35;10699.14
FT-2024-26980;01/09/2024;7641.96;1681.23;9323.19
FT-2024-27035;16/11/2024;5240.08;1152.82;6392.90
FT-2024-27056;21/02/2024;5745.03;1263.91;7008.94
FT-2024-27168;23/05/2024;1545.78;340.07;1885.85
FT-2024-27249;20/02/2024;3148.07;692.58;3840.65
FT-2024-27262;05/04/2024;4762.01;1047.64;5809.65
FT-2024-27353;17/12/2024;1294.61;284.81;1579.42
FT-2024-27386;21/02/2024;2810.24;618.25;3428.49
FT-2024-27500;30/08/2024;3984.18;876.52;4860.70
FT-2024-27501;25/09/2024;4729.06;1040.39;5769.45
FT-2024-27527;22/01/2024;12977.16;2854.98;15832.14
FT-2024-27530;17/10/2024;12966.13;2852.55;15818.68
FT-2024-27543;23/08/2024;5002.09;1100.46;6102.55
FT-2024-27606;21/07/2024;16646.46;3662.22;20308.68
FT-2024-27656;31/08/2024;6759.93;1487.18;8247.11
FT-2024-27677;19/10/2024;13938.71;3066.52;17005.23
FT-2024-27727;09/07/2024;7611.12;1674.45;9285.57
FT-2024-27759;16/04/2024;3932.64;865.18;4797.82
FT-2024-27794;16/09/2024;6626.03;1457.73;8083.76
FT-2024-27826;14/07/2024;15159.89;3335.18;18495.07
FT-2024-27856;07/07/2024;2601.52;572.33;3173.85
FT-2024-27857;22/01/2024;6829.44;1502.48;8331.92
FT-2024-27860;05/09/2024;2037.74;448.30;2486.04
FT-2024-27862;26/07/2024;11785.28;2592.76;14378.04
FT-2024-27882;28/03/2024;3710.63;816.34;4526.97
FT-2024-27890;09/04/2024;6351.05;1397.23;7748.28
FT-2024-27960;02/08/2024;3038.58;668.49;3707.07
FT-2024-27988;15/10/2024;4506.16;991.36;5497.52
FT-2024-27990;17/01/2024;2374.98;522.50;2897.48
FT-2024-28049;31/12/2024;3144.17;691.72;3835.89
FT-2024-28058;21/12/2024;1669.10;367.20;2036.30
FT-2024-28079;25/02/2024;7288.96;1603.57;8892.53
FT-2024-28094;25/11/2024;515.03;113.31;628.34
FT-2024-28108;05/09/2024;1559.39;343.07;1902.46
FT-2024-28112;16/10/2024;6160.23;1355.25;7515.48
FT-2024-28119;14/02/2024;14732.98;3241.26;17974.24
FT-2024-28181;12/04/2024;1214.75;267.25;1482.00
FT-2024-28190;22/03/2024;12763.68;2808.01;15571.69
FT-2024-28248;31/01/2024;3361.19;739.46;4100.65
FT-2024-28301;27/09/2024;9103.84;2002.84;11106.68
FT-2024-28322;11/11/2024;4633.62;1019.40;5653.02
FT-2024-28340;21/05/2024;2075.48;456.61;2532.09
FT-2024-28371;25/07/2024;7411.50;1630.53;9042.03
FT-2024-28411;06/01/2025;3072.73;676.00;3748.73
FT-2024-28417;03/04/2024;2146.44;472.22;2618.66
FT-2024-28439;20/11/2024;2258.54;496.88;2755.42
FT-2024-28535;14/05/2024;2099.66;461.93;2561.59
FT-2024-28602;16/12/2024;5027.37;1106.02;6133.39
FT-2024-28733;10/06/2024;5112.25;1124.69;6236.94
FT-2024-28777;15/06/2024;6556.79;1442.49;7999.28
FT-2024-28783;28/05/2024;1107.63;243.68;1351.31
FT-2024-28787;30/09/2024;8315.13;1829.33;10144.46
FT-2024-28812;01/04/2024;2929.60;644.51;3574.11
FT-2024-28831;16/08/2024;4242.76;933.41;5176.17
FT-2024-28839;01/11/2024;2768.36;609.04;3377.40
FT-2024-28842;28/03/2024;2095.81;461.08;2556.89
FT-2024-28876;16/12/2024;1866.15;410.55;2276.70
FT-2024-28896;18/12/2024;6791.05;1494.03;8285.08
FT-2024-28908;05/01/2025;3387.64;745.28;4132.92
FT-2024-28968;05/03/2024;8623.85;1897.25;10521.10
FT-2024-29020;10/12/2024;9102.46;2002.54;11105.00
FT-2024-29051;25/04/2024;4633.52;1019.37;5652.89
FT-2024-29080;14/12/2024;3820.06;840.41;4660.47
FT-2024-29093;13/04/2024;4765.30;1048.37;5813.67
FT-2024-29115;18/10/2024;6087.89;1339.34;7427.23
FT-2024-29155;23/09/2024;5050.89;1111.20;6162.09
FT-2024-29180;23/01/2024;11787.78;2593.31;14381.09
FT-2024-29213;30/11/2024;2171.40;477.71;2649.11
FT-2024-29279;13/10/2024;10875.09;2392.52;13267.61
FT-2024-29286;17/03/2024;5470.47;1203.50;6673.97
FT-2024-29415;13/08/2024;4465.32;982.37;5447.69
FT-2024-29440;25/07/2024;3768.66;829.11;4597.77
FT-2024-29484;14/07/2024;7359.14;1619.01;8978.15
FT-2024-29489;20/05/2024;13707.29;3015.60;16722.89
FT-2024-29491;24/07/2024;2182.55;480.16;2662.71
FT-2024-29514;01/02/2024;12234.61;2691.61;14926.22
FT-2024-29577;04/05/2024;7324.75;1611.44;8936.19
FT-2024-29607;06/09/2024;2919.30;642.25;3561.55
FT-2024-29622;04/02/2024;3928.58;864.29;4792.87
FT-2024-29684;19/05/2024;4652.77;1023.61;5676.38
FT-2024-29685;04/09/2024;5760.42;1267.29;7027.71
FT-2024-29734;09/04/2024;13842.79;3045.41;16888.20
FT-2024-29784;12/05/2024;4264.40;938.17;5202.57
FT-2024-29816;24/07/2024;5640.78;1240.97;6881.75
FT-2024-29821;11/07/2024;11200.61;2464.13;13664.74
FT-2024-29834;22/12/2024;5167.68;1136.89;6304.57
FT-2024-29874;01/05/2024;10138.57;2230.49;12369.06
FT-2024-29876;25/02/2024;8954.57;1970.01;10924.58
FT-2024-29907;07/04/2024;8345.04;1835.91;10180.95
FT-2024-29912;10/09/2024;12264.26;2698.14;14962.40
FT-2024-29993;17/05/2024;13243.55;2913.58;16157.13
FT-2024-30004;07/01/2024;5298.49;1165.67;6464.16
FT-2024-30033;05/05/2024;13881.38;3053.90;16935.28
FT-2024-30105;17/10/2024;8164.85;1796.27;9961.12
FT-2024-30128;09/07/2024;3144.16;691.72;3835.88
FT-2024-30145;01/04/2024;3750.65;825.14;4575.79
FT-2024-30188;25/04/2024;16123.80;3547.24;19671.04
FT-2024-30236;21/08/2024;3237.12;712.17;3949.29
FT-2024-30276;16/11/2024;876.98;192.94;1069.92
FT-2024-30287;23/04/2024;12952.83;2849.62;15802.45
FT-2024-30292;13/12/2024;5162.48;1135.75;6298.23
FT-2024-30355;02/12/2024;4600.05;1012.01;5612.06
FT-2024-30424;03/02/2024;2776.23;610.77;3387.00
FT-2024-30474;10/01/2024;4598.45;1011.66;5610.11
FT-2024-30482;06/08/2024;7886.79;1735.09;9621.88
FT-2024-30486;30/11/2024;2479.97;545.59;3025.56
FT-2024-30498;14/07/2024;6665.67;1466.45;8132.12
FT-2024-30506;30/12/2024;8552.58;1881.57;10434.15
FT-2024-30524;18/01/2024;5203.87;1144.85;6348.72
FT-2024-30561;19/09/2024;13220.27;2908.46;16128.73
FT-2024-30590;16/05/2024;8025.70;1765.65;9791.35
FT-2024-30617;29/02/2024;11583.28;2548.32;14131.60
FT-2024-30681;08/02/2024;3207.41;705.63;3913.04
FT-2024-30693;29/03/2024;2551.96;561.43;3113.39
FT-2024-30733;19/11/2024;10028.35;2206.24;12234.59
FT-2024-30834;11/07/2024;5002.50;1100.55;6103.05
FT-2024-30987;07/05/2024;10216.04;2247.53;12463.57
FT-2024-31002;28/10/2024;9578.81;2107.34;11686.15
FT-2024-31014;06/06/2024;5230.65;1150.74;6381.39
FT-2024-31107;04/08/2024;11802.58;2596.57;14399.15
FT-2024-31177;16/08/2024;7050.70;1551.15;8601.85
FT-2024-31241;06/08/2024;13050.44;2871.10;15921.54
FT-2024-31366;03/08/2024;7512.70;1652.79;9165.49
FT-2024-31368;04/04/2024;5314.73;1169.24;6483.97
FT-2024-31382;03/06/2024;8597.94;1891.55;10489.49
FT-2024-31391;04/06/2024;2943.41;647.55;3590.96
FT-2024-31413;12/03/2024;7031.17;1546.86;8578.03
FT-2024-31466;10/06/2024;11254.72;2476.04;13730.76
FT-2024-31470;28/06/2024;8093.89;1780.66;9874.55
FT-2024-31508;19/10/2024;4407.12;969.57;5376.69
FT-2024-31540;19/05/2024;6105.92;1343.30;7449.22
FT-2024-31541;24/05/2024;2464.81;542.26;3007.07
FT-2024-31551;17/07/2024;5270.63;1159.54;6430.17
FT-2024-31570;05/08/2024;6169.61;1357.31;7526.92
FT-2024-31581;22/09/2024;1771.62;389.76;2161.38
FT-2024-31691;12/09/2024;2368.41;521.05;2889.46
FT-2024-31714;12/09/2024;2190.11;481.82;2671.93
FT-2024-31777;18/02/2024;11147.80;2452.52;13600.32
FT-2024-31790;27/05/2024;3484.53;766.60;4251.13
FT-2024-31801;06/02/2024;7639.91;1680.78;9320.69
FT-2024-31808;09/11/2024;4131.60;908.95;5040.55
FT-2024-31840;07/04/2024;6741.66;1483.17;8224.83
FT-2024-31847;28/12/2024;2103.91;462.86;2566.77
FT-2024-31855;25/07/2024;14756.59;3246.45;18003.04
FT-2024-31862;23/03/2024;9643.93;2121.66;11765.59
FT-2024-31870;12/03/2024;11308.33;2487.83;13796.16
FT-2024-31874;29/06/2024;856.32;188.39;1044.71
FT-2024-31902;06/01/2025;9230.27;2030.66;11260.93
FT-2024-31951;29/02/2024;10725.01;2359.50;13084.51
FT-2024-31955;03/02/2024;1196.19;263.16;1459.35
FT-2024-32015;21/12/2024;3308.52;727.87;4036.39
FT-2024-32121;16/08/2024;14842.08;3265.26;18107.34
FT-2024-32128;13/10/2024;6893.25;1516.52;8409.77
FT-2024-32166;28/02/2024;2721.89;598.82;3320.71
FT-2024-32178;13/02/2024;4040.00;888.80;4928.80
FT-2024-32200;19/02/2024;8293.84;1824.64;10118.48
FT-2024-32201;01/05/2024;3061.46;673.52;3734.98
FT-2024-32207;19/10/2024;3146.74;692.28;3839.02
FT-2024-32239;09/03/2024;7055.63;1552.24;8607.87
FT-2024-32313;27/01/2024;5449.53;1198.90;6648.43
FT-2024-32393;29/03/2024;5405.92;1189.30;6595.22
FT-2024-32419;09/02/2024;4084.65;898.62;4983.27
FT-2024-32490;16/06/2024;564.73;124.24;688.97
FT-2024-32568;06/07/2024;13780.72;3031.76;16812.48
FT-2024-32589;13/06/2024;9921.32;2182.69;12104.01
FT-2024-32642;07/03/2024;4293.65;944.60;5238.25
FT-2024-32739;29/03/2024;4167.54;916.86;5084.40
FT-2024-32775;20/03/2024;4798.67;1055.71;5854.38
FT-2024-32783;16/07/2024;7082.77;1558.21;8640.98
FT-2024-32829;23/02/2024;9008.43;1981.85;10990.28
FT-2024-32839;14/06/2024;2412.52;530.75;2943.27
FT-2024-32871;03/11/2024;5412.31;1190.71;6603.02
FT-2024-32916;07/01/2024;2667.49;586.85;3254.34
FT-2024-32917;21/01/2024;13992.70;3078.39;17071.09
FT-2024-32925;26/08/2024;5475.09;1204.52;6679.61
FT-2024-32939;19/11/2024;3351.35;737.30;4088.65
FT-2024-33040;11/03/2024;8947.46;1968.44;10915.90
FT-2024-33107;28/12/2024;7728.14;1700.19;9428.33
FT-2024-33116;08/05/2024;5369.03;1181.19;6550.22
FT-2024-33173;12/12/2024;4620.80;1016.58;5637.38
FT-2024-33296;19/10/2024;5661.76;1245.59;6907.35
FT-2024-33351;05/02/2024;1476.04;324.73;1800.77
FT-2024-33377;05/10/2024;13450.68;2959.15;16409.83
FT-2024-33454;08/02/2024;3392.11;746.26;4138.37
FT-2024-33499;22/09/2024;8326.74;1831.88;10158.62
FT-2024-33501;16/08/2024;4810.02;1058.20;5868.22
FT-2024-33506;02/01/2025;2071.22;455.67;2526.89
FT-2024-33511;16/01/2024;7580.54;1667.72;9248.26
FT-2024-33656;04/01/2024;10385.47;2284.80;12670.27
FT-2024-33693;08/09/2024;8764.86;1928.27;10693.13
FT-2024-33699;12/03/2024;1759.87;387.17;2147.04
FT-2024-33721;13/11/2024;12975.92;2854.70;15830.62
FT-2024-33749;25/01/2024;6925.64;1523.64;8449.28
FT-2024-33750;26/11/2024;650.42;143.09;793.51
FT-2024-33842;21/11/2024;3705.71;815.26;4520.97
FT-2024-33877;13/06/2024;2198.31;483.63;2681.94
FT-2024-33882;09/08/2024;9684.11;2130.50;11814.61
FT-2024-33904;04/12/2024;2957.26;650.60;3607.86
FT-2024-33956;09/07/2024;5568.78;1225.13;6793.91
FT-2024-33957;31/05/2024;4868.60;1071.09;5939.69
FT-2024-33961;01/06/2024;7355.64;1618.24;8973.88
FT-2024-34010;28/07/2024;4239.38;932.66;5172.04
FT-2024-34017;17/02/2024;2626.14;577.75;3203.89
FT-2024-34030;26/03/2024;1875.26;412.56;2287.82
FT-2024-34048;15/09/2024;3628.06;798.17;4426.23
FT-2024-34122;04/07/2024;2936.63;646.06;3582.69
FT-2024-34157;15/06/2024;1433.86;315.45;1749.31
FT-2024-34163;18/05/2024;7888.35;1735.44;9623.79
FT-2024-34164;09/02/2024;12890.13;2835.83;15725.96
FT-2024-34231;27/04/2024;946.60;208.25;1154.85
FT-2024-34371;30/01/2024;1804.48;396.99;2201.47
FT-2024-34384;23/06/2024;9207.17;2025.58;11232.75
FT-2024-34416;19/04/2024;3633.52;799.37;4432.89
FT-2024-34432;10/02/2024;4378.06;963.17;5341.23
FT-2024-34454;09/04/2024;1898.71;417.72;2316.43
FT-2024-34508;27/08/2024;4185.99;920.92;5106.91
FT-2024-34546;11/05/2024;2550.26;561.06;3111.32
FT-2024-34553;29/06/2024;1944.63;427.82;2372.45
FT-2024-34615;18/05/2024;861.27;189.48;1050.75
FT-2024-34664;30/04/2024;3002.88;660.63;3663.51
FT-2024-34693;18/11/2024;4198.89;923.76;5122.65
FT-2024-34787;12/09/2024;2781.96;612.03;3393.99
FT-2024-34799;11/05/2024;5434.68;1195.63;6630.31
FT-2024-34812;04/08/2024;8779.83;1931.56;10711.39
FT-2024-34840;23/11/2024;3953.00;869.66;4822.66
FT-2024-34847;16/12/2024;7108.32;1563.83;8672.15
FT-2024-34983;09/10/2024;7253.90;1595.86;8849.76
FT-2024-35010;24/09/2024;9847.81;2166.52;12014.33
FT-2024-35022;08/05/2024;3452.20;759.48;4211.68
FT-2024-35183;02/05/2024;6903.13;1518.69;8421.82
FT-2024-35207;16/07/2024;14225.03;3129.51;17354.54
FT-2024-35214;04/04/2024;4120.35;906.48;5026.83
FT-2024-35276;19/05/2024;2487.29;547.20;3034.49
FT-2024-35286;24/04/2024;3569.79;785.35;4355.14
FT-2024-35322;20/05/2024;4442.41;977.33;5419.74
FT-2024-35323;05/12/2024;783.84;172.44;956.28
FT-2024-35335;06/07/2024;9779.71;2151.54;11931.25
FT-2024-35441;20/01/2024;7652.87;1683.63;9336.50
FT-2024-35457;22/01/2024;5240.61;1152.93;6393.54
FT-2024-35479;25/06/2024;3888.96;855.57;4744.53
FT-2024-35540;04/12/2024;6344.14;1395.71;7739.85
FT-2024-35541;18/11/2024;1052.03;231.45;1283.48
FT-2024-35564;15/04/2024;2332.31;513.11;2845.42
FT-2024-35618;28/01/2024;3648.27;802.62;4450.89
FT-2024-35682;17/08/2024;6154.01;1353.88;7507.89
FT-2024-35701;02/06/2024;3189.24;701.63;3890.87
FT-2024-35785;04/08/2024;7985.55;1756.82;9742.37
FT-2024-35877;18/09/2024;4981.86;1096.01;6077.87
FT-2024-35908;17/11/2024;10000.27;2200.06;12200.33
FT-2024-35912;21/10/2024;1889.06;415.59;2304.65
FT-2024-35970;27/08/2024;10276.78;2260.89;12537.67
FT-2024-35973;12/08/2024;13320.87;2930.59;16251.46
FT-2024-35992;08/10/2024;5889.50;1295.69;7185.19
FT-2024-36006;23/10/2024;8691.27;1912.08;10603.35
FT-2024-36014;07/12/2024;2991.61;658.15;3649.76
FT-2024-36022;15/02/2024;4370.97;961.61;5332.58
FT-2024-36066;25/06/2024;8824.61;1941.41;10766.02
FT-2024-36116;27/01/2024;2872.91;632.04;3504.95
FT-2024-36130;28/05/2024;142.75;31.41;174.16
FT-2024-36140;19/07/2024;3812.68;838.79;4651.47
FT-2024-36144;02/04/2024;4862.48;1069.75;5932.23
FT-2024-36181;22/04/2024;7237.01;1592.14;8829.15
FT-2024-36321;18/11/2024;3917.03;861.75;4778.78
FT-2024-36331;08/11/2024;4486.39;987.01;5473.40
FT-2024-36402;09/08/2024;4513.43;992.95;5506.38
FT-2024-36478;24/12/2024;9332.46;2053.14;11385.60
FT-2024-36486;21/04/2024;15281.29;3361.88;18643.17
FT-2024-36493;10/03/2024;10980.28;2415.66;13395.94
FT-2024-36542;18/09/2024;4993.35;1098.54;6091.89
FT-2024-36554;29/03/2024;5283.34;1162.33;6445.67
FT-2024-36608;28/07/2024;9641.16;2121.06;11762.22
FT-2024-36676;09/07/2024;14491.49;3188.13;17679.62
FT-2024-36689;27/08/2024;8738.91;1922.56;10661.47
FT-2024-36743;10/02/2024;8413.52;1850.97;10264.49
FT-2024-36798;01/06/2024;4780.42;1051.69;5832.11
FT-2024-36808;20/08/2024;6523.76;1435.23;7958.99
FT-2024-36824;26/07/2024;1175.18;258.54;1433.72
FT-2024-36837;10/12/2024;4253.66;935.81;5189.47
FT-2024-36881;25/04/2024;4412.96;970.85;5383.81
FT-2024-36904;05/06/2024;14663.23;3225.91;17889.14
FT-2024-36955;24/07/2024;1845.82;406.08;2251.90
FT-2024-37002;24/05/2024;1116.89;245.72;1362.61
FT-2024-37021;02/11/2024;8661.99;1905.64;10567.63
FT-2024-37036;24/04/2024;5555.35;1222.18;6777.53
FT-2024-37092;28/04/2024;4080.72;897.76;4978.48
FT-2024-37130;19/09/2024;7265.82;1598.48;8864.30
FT-2024-37131;31/08/2024;4077.43;897.03;4974.46
FT-2024-37137;06/09/2024;6465.59;1422.43;7888.02
FT-2024-37180;15/12/2024;9645.28;2121.96;11767.24
FT-2024-37192;26/08/2024;12703.36;2794.74;15498.10
FT-2024-37277;05/06/2024;6496.51;1429.23;7925.74
FT-2024-37369;15/10/2024;6404.39;1408.97;7813.36
FT-2024-37388;21/03/2024;7334.42;1613.57;8947.99
FT-2024-37608;22/06/2024;740.18;162.84;903.02
FT-2024-37739;02/11/2024;933.40;205.35;1138.75
FT-2024-37774;13/06/2024;5338.67;1174.51;6513.18
FT-2024-37781;29/10/2024;1949.92;428.98;2378.90
FT-2024-37822;03/11/2024;7726.26;1699.78;9426.04
FT-2024-37852;31/05/2024;6898.86;1517.75;8416.61
FT-2024-37854;05/02/2024;1868.74;411.12;2279.86
FT-2024-37861;01/07/2024;1154.63;254.02;1408.65
FT-2024-37922;31/07/2024;6381.93;1404.02;7785.95
FT-2024-37973;10/06/2024;7352.30;1617.51;8969.81
FT-2024-38014;26/10/2024;7610.90;1674.40;9285.30
FT-2024-38073;17/01/2024;4004.53;881.00;4885.53
FT-2024-38156;03/11/2024;9929.97;2184.59;12114.56
FT-2024-38175;02/05/2024;3970.59;873.53;4844.12
FT-2024-38188;09/03/2024;7353.12;1617.69;8970.81
FT-2024-38202;03/06/2024;15937.20;3506.18;19443.38
FT-2024-38216;27/07/2024;2301.54;506.34;2807.88
FT-2024-38229;18/09/2024;6576.51;1446.83;8023.34
FT-2024-38259;09/08/2024;9639.81;2120.76;11760.57
FT-2024-38264;11/07/2024;8255.20;1816.14;10071.34
FT-2024-38306;22/09/2024;1180.08;259.62;1439.70
FT-2024-38331;25/03/2024;4547.19;1000.38;5547.57
FT-2024-38336;29/07/2024;3378.87;743.35;4122.22
FT-2024-38535;04/04/2024;5915.53;1301.42;7216.95
FT-2024-38539;31/01/2024;5977.28;1315.00;7292.28
FT-2024-38541;02/11/2024;2476.22;544.77;3020.99
FT-2024-38572;08/03/2024;4512.32;992.71;5505.03
FT-2024-38583;11/04/2024;8319.57;1830.31;10149.88
FT-2024-38654;27/07/2024;4249.60;934.91;5184.51
FT-2024-38686;02/06/2024;3392.52;746.35;4138.87
FT-2024-38724;20/10/2024;4832.81;1063.22;5896.03
FT-2024-38729;22/10/2024;10600.57;2332.13;12932.70
FT-2024-38806;30/01/2024;6290.74;1383.96;7674.70
FT-2024-38813;02/05/2024;1916.58;421.65;2338.23
FT-2024-38871;11/12/2024;8927.89;1964.14;10892.03
FT-2024-38887;13/08/2024;3001.44;660.32;3661.76
FT-2024-38889;03/07/2024;8371.21;1841.67;10212.88
FT-2024-38892;27/03/2024;4572.53;1005.96;5578.49
FT-2024-38894;21/11/2024;7228.68;1590.31;8818.99
FT-2024-38925;05/01/2025;6727.41;1480.03;8207.44
FT-2024-38927;03/03/2024;2030.70;446.75;2477.45
FT-2024-38979;29/01/2024;5807.31;1277.61;7084.92
FT-2024-38997;24/06/2024;5507.13;1211.57;6718.70
FT-2024-39062;11/04/2024;3702.01;814.44;4516.45
FT-2024-39074;23/10/2024;8595.09;1890.92;10486.01
FT-2024-39149;17/10/2024;10676.76;2348.89;13025.65
FT-2024-39155;17/01/2024;2414.09;531.10;2945.19
FT-2024-39181;07/02/2024;5448.36;1198.64;6647.00
FT-2024-39183;01/05/2024;13997.65;3079.48;17077.13
FT-2024-39306;20/10/2024;9346.84;2056.30;11403.14
FT-2024-39378;07/10/2024;10241.47;2253.12;12494.59
FT-2024-39454;06/04/2024;6420.44;1412.50;7832.94
FT-2024-39511;14/03/2024;5736.38;1262.00;6998.38
FT-2024-39525;16/05/2024;2869.74;631.34;3501.08
FT-2024-39551;29/08/2024;6728.90;1480.36;8209.26
FT-2024-39662;15/09/2024;1608.65;353.90;1962.55
FT-2024-39670;02/01/2025;5705.26;1255.16;6960.42
FT-2024-39678;27/01/2024;6862.57;1509.77;8372.34
FT-2024-39682;24/10/2024;3368.32;741.03;4109.35
FT-2024-39689;28/06/2024;2116.20;465.56;2581.76
FT-2024-39702;17/06/2024;4304.91;947.08;5251.99
FT-2024-39755;30/05/2024;2492.93;548.44;3041.37
FT-2024-39756;19/06/2024;2439.56;536.70;2976.26
FT-2024-39787;11/10/2024;13384.51;2944.59;16329.10
FT-2024-39942;05/03/2024;4882.65;1074.18;5956.83
FT-2024-39973;26/08/2024;8197.36;1803.42;10000.78
FT-2024-40031;06/10/2024;3963.88;872.05;4835.93
FT-2024-40050;14/12/2024;6791.29;1494.08;8285.37
FT-2024-40095;08/01/2024;6430.70;1414.75;7845.45
FT-2024-40132;19/07/2024;3705.71;815.26;4520.97
FT-2024-40143;24/02/2024;3444.45;757.78;4202.23
FT-2024-40147;28/05/2024;4754.07;1045.90;5799.97
FT-2024-40241;09/06/2024;14325.35;3151.58;17476.93
FT-2024-40327;19/06/2024;5814.66;1279.23;7093.89
FT-2024-40379;03/09/2024;7209.58;1586.11;8795.69
FT-2024-40475;25/05/2024;3320.77;730.57;4051.34
FT-2024-40553;23/03/2024;7293.95;1604.67;8898.62
FT-2024-40562;15/05/2024;4411.76;970.59;5382.35
FT-2024-40573;04/12/2024;7933.22;1745.31;9678.53
FT-2024-40580;01/11/2024;6200.42;1364.09;7564.51
FT-2024-40584;07/09/2024;3580.80;787.78;4368.58
FT-2024-40646;02/09/2024;5919.42;1302.27;7221.69
FT-2024-40658;19/09/2024;995.72;219.06;1214.78
FT-2024-40665;15/01/2024;10177.41;2239.03;12416.44
FT-2024-40679;15/03/2024;3176.04;698.73;3874.77
FT-2024-40767;15/09/2024;4251.52;935.33;5186.85
FT-2024-40812;20/04/2024;5537.46;1218.24;6755.70
FT-2024-40816;15/09/2024;8734.86;1921.67;10656.53
FT-2024-40878;27/12/2024;10802.24;2376.49;13178.73
FT-2024-40879;19/12/2024;10618.00;2335.96;12953.96
FT-2024-41074;29/02/2024;5557.08;1222.56;6779.64
FT-2024-41082;21/10/2024;3600.72;792.16;4392.88
FT-2024-41269;15/11/2024;10787.80;2373.32;13161.12
FT-2024-41378;03/02/2024;508.68;111.91;620.59
FT-2024-41396;21/02/2024;12364.24;2720.13;15084.37
FT-2024-41401;14/02/2024;8413.64;1851.00;10264.64
FT-2024-41410;16/05/2024;5492.44;1208.34;6700.78
FT-2024-41411;11/03/2024;12209.24;2686.03;14895.27
FT-2024-41490;07/03/2024;12392.44;2726.34;15118.78
FT-2024-41511;22/06/2024;13962.99;3071.86;17034.85
FT-2024-41560;02/03/2024;8838.02;1944.36;10782.38
FT-2024-41618;14/05/2024;10597.15;2331.37;12928.52
FT-2024-41640;05/10/2024;11366.62;2500.66;13867.28
FT-2024-41646;21/08/2024;2193.74;482.62;2676.36
FT-2024-41675;20/10/2024;2440.73;536.96;2977.69
FT-2024-41725;22/01/2024;4679.19;1029.42;5708.61
FT-2024-41727;30/01/2024;8904.09;1958.90;10862.99
FT-2024-41743;19/06/2024;8804.30;1936.95;10741.25
FT-2024-41853;12/07/2024;7434.27;1635.54;9069.81
FT-2024-41882;12/12/2024;4647.63;1022.48;5670.11
FT-2024-41892;22/09/2024;7640.51;1680.91;9321.42
FT-2024-41903;18/01/2024;7900.12;1738.03;9638.15
FT-2024-41929;05/01/2024;9809.01;2157.98;11966.99
FT-2024-41990;01/07/2024;4959.19;1091.02;6050.21
FT-2024-42103;17/08/2024;6888.82;1515.54;8404.36
FT-2024-42114;27/06/2024;3264.26;718.14;3982.40
FT-2024-42123;18/07/2024;4572.15;1005.87;5578.02
FT-2024-42125;25/07/2024;5030.94;1106.81;6137.75
FT-2024-42139;29/01/2024;1392.73;306.40;1699.13
FT-2024-42194;28/07/2024;2523.25;555.12;3078.37
FT-2024-42198;16/07/2024;1838.17;404.40;2242.57
FT-2024-42284;11/02/2024;948.43;208.65;1157.08
FT-2024-42329;19/06/2024;8058.16;1772.80;9830.96
FT-2024-42368;02/05/2024;5116.97;1125.73;6242.70
FT-2024-42422;24/05/2024;7831.28;1722.88;9554.16
FT-2024-42599;24/07/2024;2827.08;621.96;3449.04
FT-2024-42611;18/02/2024;5293.06;1164.47;6457.53
FT-2024-42624;23/07/2024;3066.28;674.58;3740.86
FT-2024-42699;15/03/2024;5753.60;1265.79;7019.39
FT-2024-42801;08/04/2024;8826.89;1941.92;10768.81
FT-2024-42908;07/06/2024;4893.88;1076.65;5970.53
FT-2024-42925;17/06/2024;4610.85;1014.39;5625.24
FT-2024-42947;15/01/2024;4282.00;942.04;5224.04
FT-2024-43013;11/11/2024;11351.41;2497.31;13848.72
FT-2024-43036;01/11/2024;14899.12;3277.81;18176.93
FT-2024-43042;06/04/2024;4326.40;951.81;5278.21
FT-2024-43050;17/09/2024;4954.52;1089.99;6044.51
FT-2024-43080;24/03/2024;4275.69;940.65;5216.34
FT-2024-43095;26/03/2024;2698.54;593.68;3292.22
FT-2024-43169;22/11/2024;2858.68;628.91;3487.59
FT-2024-43215;20/02/2024;5455.60;1200.23;6655.83
FT-2024-43242;02/01/2024;9920.19;2182.44;12102.63
FT-2024-43295;04/09/2024;8219.54;1808.30;10027.84
FT-2024-43297;25/07/2024;6119.26;1346.24;7465.50
FT-2024-43362;23/04/2024;2778.36;611.24;3389.60
FT-2024-43384;07/02/2024;3423.57;753.19;4176.76
FT-2024-43391;12/10/2024;2912.02;640.64;3552.66
FT-2024-43397;08/01/2024;1271.20;279.66;1550.86
FT-2024-43461;20/02/2024;15625.95;3437.71;19063.66
FT-2024-43547;19/09/2024;11475.21;2524.55;13999.76
FT-2024-43569;23/07/2024;2317.30;509.81;2827.11
FT-2024-43580;20/03/2024;3460.96;761.41;4222.37
FT-2024-43607;16/07/2024;4688.44;1031.46;5719.90
FT-2024-43609;29/04/2024;6588.09;1449.38;8037.47
FT-2024-43626;03/10/2024;4789.31;1053.65;5842.96
FT-2024-43653;30/03/2024;1336.48;294.03;1630.51
FT-2024-43713;27/10/2024;4748.37;1044.64;5793.01
FT-2024-43740;17/10/2024;11362.76;2499.81;13862.57
FT-2024-43838;29/09/2024;4340.11;954.82;5294.93
FT-2024-43882;14/02/2024;5995.13;1318.93;7314.06
FT-2024-43893;22/04/2024;1244.63;273.82;1518.45
FT-2024-44133;07/04/2024;4485.51;986.81;5472.32
FT-2024-44215;28/04/2024;2756.91;606.52;3363.43
FT-2024-44234;01/08/2024;7669.28;1687.24;9356.52
FT-2024-44247;30/03/2024;6142.74;1351.40;7494.14
FT-2024-44294;01/05/2024;5434.89;1195.68;6630.57
FT-2024-44295;28/07/2024;2531.26;556.88;3088.14
FT-2024-44353;03/08/2024;2074.05;456.29;2530.34
FT-2024-44369;28/05/2024;3791.92;834.22;4626.14
FT-2024-44408;10/04/2024;4972.11;1093.86;6065.97
FT-2024-44427;24/12/2024;7366.15;1620.55;8986.70
FT-2024-44453;17/01/2024;7075.82;1556.68;8632.50
FT-2024-44489;21/02/2024;6192.76;1362.41;7555.17
FT-2024-44547;01/05/2024;2722.66;598.99;3321.65
FT-2024-44637;08/07/2024;11714.87;2577.27;14292.14
FT-2024-44661;17/09/2024;8256.15;1816.35;10072.50
FT-2024-44691;19/06/2024;1765.09;388.32;2153.41
FT-2024-44734;19/02/2024;4565.67;1004.45;5570.12
FT-2024-44736;28/11/2024;4434.77;975.65;5410.42
FT-2024-44744;29/04/2024;3815.02;839.30;4654.32
FT-2024-44765;06/09/2024;3452.75;759.61;4212.36
FT-2024-44817;04/11/2024;698.24;153.61;851.85
FT-2024-44843;16/09/2024;12375.75;2722.66;15098.41
FT-2024-44871;02/11/2024;921.80;202.80;1124.60
FT-2024-44890;06/08/2024;13979.02;3075.38;17054.40
FT-2024-44893;05/02/2024;12127.62;2668.08;14795.70
FT-2024-44913;03/07/2024;6671.54;1467.74;8139.28
FT-2024-44990;21/02/2024;8749.29;1924.84;10674.13
FT-2024-45098;08/04/2024;6557.19;1442.58;7999.77
FT-2024-45119;21/03/2024;11180.80;2459.78;13640.58
FT-2024-45133;18/04/2024;7377.95;1623.15;9001.10
FT-2024-45160;17/06/2024;14678.83;3229.34;17908.17
FT-2024-45165;01/08/2024;9897.50;2177.45;12074.95
FT-2024-45299;25/12/2024;6968.80;1533.14;8501.94
FT-2024-45407;22/01/2024;6053.98;1331.88;7385.86
FT-2024-45462;05/08/2024;2793.42;614.55;3407.97
FT-2024-45468;19/04/2024;2957.75;650.71;3608.46
FT-2024-45523;12/06/2024;10177.08;2238.96;12416.04
FT-2024-45533;22/04/2024;1889.15;415.61;2304.76
FT-2024-45561;23/02/2024;10130.19;2228.64;12358.83
FT-2024-45574;24/08/2024;6638.60;1460.49;8099.09
FT-2024-45580;19/07/2024;2812.93;618.84;3431.77
FT-2024-45595;27/12/2024;2394.71;526.84;2921.55
FT-2024-45705;03/11/2024;5027.24;1105.99;6133.23
FT-2024-45747;05/01/2024;6085.92;1338.90;7424.82
FT-2024-45788;14/03/2024;12316.38;2709.60;15025.98
FT-2024-45805;02/10/2024;5642.98;1241.46;6884.44
FT-2024-45827;10/06/2024;15575.11;3426.52;19001.63
FT-2024-45848;05/02/2024;6580.35;1447.68;8028.03
FT-2024-45868;13/01/2024;2619.33;576.25;3195.58
FT-2024-45974;04/09/2024;3428.54;754.28;4182.82
FT-2024-45994;31/03/2024;3116.83;685.70;3802.53
FT-2024-46087;18/07/2024;9813.13;2158.89;11972.02
FT-2024-46106;10/11/2024;1968.85;433.15;2402.00
FT-2024-46120;25/11/2024;6916.30;1521.59;8437.89
FT-2024-46143;28/09/2024;2913.91;641.06;3554.97
FT-2024-46146;24/02/2024;15604.07;3432.90;19036.97
FT-2024-46152;09/02/2024;6832.50;1503.15;8335.65
FT-2024-46211;14/03/2024;8544.58;1879.81;10424.39
FT-2024-46212;19/01/2024;509.03;111.99;621.02
FT-2024-46262;25/02/2024;5105.98;1123.32;6229.30
FT-2024-46264;04/03/2024;3063.69;674.01;3737.70
FT-2024-46330;13/01/2024;4276.56;940.84;5217.40
FT-2024-46342;02/03/2024;6844.06;1505.69;8349.75
FT-2024-46344;27/10/2024;828.59;182.29;1010.88
FT-2024-46374;31/07/2024;14760.31;3247.27;18007.58
FT-2024-46380;27/09/2024;5130.60;1128.73;6259.33
FT-2024-46421;03/01/2025;6832.44;1503.14;8335.58
FT-2024-46533;04/08/2024;1195.66;263.05;1458.71
FT-2024-46535;08/02/2024;8981.26;1975.88;10957.14
FT-2024-46546;07/03/2024;5350.13;1177.03;6527.16
FT-2024-46596;17/09/2024;5084.41;1118.57;6202.98
FT-2024-46619;05/03/2024;6807.08;1497.56;8304.64
FT-2024-46631;14/05/2024;3801.06;836.23;4637.29
FT-2024-46647;21/03/2024;7593.86;1670.65;9264.51
FT-2024-46697;20/06/2024;8016.72;1763.68;9780.40
FT-2024-46734;15/07/2024;8896.64;1957.26;10853.90
FT-2024-46797;29/04/2024;3960.21;871.25;4831.46
FT-2024-46822;05/01/2024;6622.60;1456.97;8079.57
FT-2024-46855;07/01/2024;5727.87;1260.13;6988.00
FT-2024-46887;30/07/2024;6867.86;1510.93;8378.79
FT-2024-46890;23/04/2024;2386.86;525.11;2911.97
FT-2024-46891;26/03/2024;1292.65;284.38;1577.03
FT-2024-46929;24/08/2024;3139.74;690.74;3830.48
FT-2024-46949;27/10/2024;4374.60;962.41;5337.01
FT-2024-47010;16/10/2024;4652.33;1023.51;5675.84
FT-2024-47025;01/06/2024;6220.02;1368.40;7588.42
FT-2024-47061;19/03/2024;9675.21;2128.55;11803.76
FT-2024-47067;27/06/2024;7776.28;1710.78;9487.06
FT-2024-47126;06/01/2024;3070.14;675.43;3745.57
FT-2024-47132;19/01/2024;6125.20;1347.54;7472.74
FT-2024-47169;08/04/2024;5891.01;1296.02;7187.03
FT-2024-47244;23/11/2024;3557.91;782.74;4340.65
FT-2024-47246;21/05/2024;3710.29;816.26;4526.55
FT-2024-47298;19/03/2024;7079.66;1557.53;8637.19
FT-2024-47458;21/03/2024;12982.91;2856.24;15839.15
FT-2024-47470;24/02/2024;11962.85;2631.83;14594.68
FT-2024-47543;01/05/2024;13481.58;2965.95;16447.53
FT-2024-47545;03/10/2024;1133.85;249.45;1383.30
FT-2024-47588;20/07/2024;6615.43;1455.39;8070.82
FT-2024-47653;08/09/2024;5185.87;1140.89;6326.76
FT-2024-47692;04/01/2025;8899.04;1957.79;10856.83
FT-2024-47780;23/11/2024;3120.93;686.60;3807.53
FT-2024-47837;29/06/2024;12316.03;2709.53;15025.56
FT-2024-47842;21/02/2024;6228.49;1370.27;7598.76
FT-2024-47854;28/10/2024;2443.28;537.52;2980.80
FT-2024-47858;24/02/2024;5604.87;1233.07;6837.94
FT-2024-47892;10/08/2024;5970.75;1313.57;7284.32
FT-2024-47901;12/06/2024;6376.94;1402.93;7779.87
FT-2024-47915;01/09/2024;1613.90;355.06;1968.96
FT-2024-47950;20/12/2024;11269.97;2479.39;13749.36
FT-2024-47978;16/01/2024;9756.25;2146.38;11902.63
FT-2024-48092;01/01/2025;8419.96;1852.39;10272.35
FT-2024-48121;09/06/2024;4105.69;903.25;5008.94
FT-2024-48128;01/12/2024;11044.41;2429.77;13474.18
FT-2024-48166;09/04/2024;10902.73;2398.60;13301.33
FT-2024-48171;20/09/2024;7034.77;1547.65;8582.42
FT-2024-48173;11/08/2024;5591.82;1230.20;6822.02
FT-2024-48183;07/08/2024;996.39;219.21;1215.60
FT-2024-48205;28/09/2024;7802.38;1716.52;9518.90
FT-2024-48257;13/03/2024;2385.11;524.72;2909.83
FT-2024-48264;25/03/2024;7358.06;1618.77;8976.83
FT-2024-48368;09/10/2024;4239.05;932.59;5171.64
FT-2024-48393;24/09/2024;3589.18;789.62;4378.80
FT-2024-48517;20/07/2024;4215.96;927.51;5143.47
FT-2024-48522;28/07/2024;6879.74;1513.54;8393.28
FT-2024-48523;27/08/2024;5403.97;1188.87;6592.84
FT-2024-48559;01/08/2024;538.82;118.54;657.36
FT-2024-48643;12/01/2024;7306.93;1607.52;8914.45
FT-2024-48660;21/03/2024;2385.67;524.85;2910.52
FT-2024-48689;11/04/2024;5382.12;1184.07;6566.19
FT-2024-48760;29/10/2024;2355.03;518.11;2873.14
FT-2024-48787;19/05/2024;1763.76;388.03;2151.79
FT-2024-48839;08/02/2024;1032.89;227.24;1260.13
FT-2024-48849;24/11/2024;8363.33;1839.93;10203.26
FT-2024-49013;02/10/2024;1473.76;324.23;1797.99
FT-2024-49043;06/07/2024;11823.80;2601.24;14425.04
FT-2024-49044;02/09/2024;5052.01;1111.44;6163.45
FT-2024-49055;27/02/2024;13956.67;3070.47;17027.14
FT-2024-49072;31/12/2024;3200.73;704.16;3904.89
FT-2024-49080;01/02/2024;1113.79;245.03;1358.82
FT-2024-49131;28/06/2024;12640.92;2781.00;15421.92
FT-2024-49136;18/06/2024;4804.97;1057.09;5862.06
FT-2024-49198;03/06/2024;4032.29;887.10;4919.39
FT-2024-49270;10/03/2024;5859.25;1289.04;7148.29
FT-2024-49290;26/07/2024;778.50;171.27;949.77
FT-2024-49311;02/01/2025;8041.55;1769.14;9810.69
FT-2024-49414;27/09/2024;2110.27;464.26;2574.53
FT-2024-49419;13/05/2024;6359.89;1399.18;7759.07
FT-2024-49428;18/06/2024;5996.48;1319.23;7315.71
FT-2024-49506;23/07/2024;7036.76;1548.09;8584.85
FT-2024-49540;25/07/2024;2447.77;538.51;2986.28
FT-2024-49550;24/05/2024;1695.22;372.95;2068.17
FT-2024-49616;30/06/2024;8316.53;1829.64;10146.17
FT-2024-49640;31/08/2024;12064.88;2654.27;14719.15
FT-2024-49763;22/06/2024;5690.16;1251.84;6942.00
FT-2024-49773;16/11/2024;5606.33;1233.39;6839.72
FT-2024-49821;03/06/2024;1546.52;340.23;1886.75
FT-2024-49872;14/09/2024;5268.08;1158.98;6427.06
FT-2024-49946;24/07/2024;4580.11;1007.62;5587.73
FT-2024-49952;24/09/2024;11622.81;2557.02;14179.83
FT-2024-49954;05/07/2024;2136.33;469.99;2606.32
FT-2024-49967;07/09/2024;7189.94;1581.79;8771.73
FT-2024-50007;28/02/2024;2697.18;593.38;3290.56
FT-2024-50030;22/10/2024;8212.18;1806.68;10018.86
FT-2024-50075;20/12/2024;1991.94;438.23;2430.17
FT-2024-50100;16/04/2024;3729.42;820.47;4549.89
FT-2024-50155;08/07/2024;4422.89;973.04;5395.93
FT-2024-50206;13/04/2024;13001.35;2860.30;15861.65
FT-2024-50279;19/01/2024;8070.95;1775.61;9846.56
FT-2024-50291;11/03/2024;7912.84;1740.82;9653.66
FT-2024-50354;10/09/2024;5033.73;1107.42;6141.15
FT-2024-50414;04/06/2024;16279.89;3581.58;19861.47
FT-2024-50420;25/01/2024;2819.41;620.27;3439.68
FT-2024-50494;08/11/2024;2533.81;557.44;3091.25
FT-2024-50523;31/08/2024;5171.86;1137.81;6309.67
FT-2024-50528;27/03/2024;5344.99;1175.90;6520.89
FT-2024-50569;08/02/2024;3947.10;868.36;4815.46
FT-2024-50642;16/08/2024;9796.12;2155.15;11951.27
FT-2024-50649;21/09/2024;2586.79;569.09;3155.88
FT-2024-50672;17/03/2024;5618.00;1235.96;6853.96
FT-2024-50717;22/04/2024;1867.06;410.75;2277.81
FT-2024-50738;13/08/2024;2704.29;594.94;3299.23
FT-2024-50753;14/02/2024;5363.05;1179.87;6542.92
FT-2024-50852;19/04/2024;13229.74;2910.54;16140.28
FT-2024-51066;11/03/2024;12890.30;2835.87;15726.17
FT-2024-51124;21/06/2024;8489.23;1867.63;10356.86
FT-2024-51147;15/09/2024;6351.76;1397.39;7749.15
FT-2024-51288;11/09/2024;6677.79;1469.11;8146.90
FT-2024-51425;27/06/2024;3368.54;741.08;4109.62
FT-2024-51437;17/01/2024;6352.42;1397.53;7749.95
FT-2024-51447;06/02/2024;12782.78;2812.21;15594.99
FT-2024-51464;29/12/2024;6559.95;1443.19;8003.14
FT-2024-51484;16/09/2024;4675.73;1028.66;5704.39
FT-2024-51494;05/09/2024;3595.26;790.96;4386.22
FT-2024-51542;01/01/2025;9970.97;2193.61;12164.58
FT-2024-51590;16/07/2024;1579.85;347.57;1927.42
FT-2024-51614;10/06/2024;4156.17;914.36;5070.53
FT-2024-51640;13/12/2024;5188.75;1141.53;6330.28
FT-2024-51663;19/04/2024;7841.37;1725.10;9566.47
FT-2024-51794;21/01/2024;15267.82;3358.92;18626.74
FT-2024-51797;15/05/2024;9150.89;2013.20;11164.09
FT-2024-51805;17/03/2024;11226.70;2469.87;13696.57
FT-2024-51867;20/08/2024;9398.60;2067.69;11466.29
FT-2024-51891;27/08/2024;8635.99;1899.92;10535.91
FT-2024-51934;15/02/2024;2249.10;494.80;2743.90
FT-2024-51979;05/03/2024;2378.41;523.25;2901.66
FT-2024-51997;04/07/2024;6014.82;1323.26;7338.08
FT-2024-52017;29/12/2024;2950.76;649.17;3599.93
FT-2024-52033;07/12/2024;2423.51;533.17;2956.68
FT-2024-52100;11/05/2024;2094.91;460.88;2555.79
FT-2024-52114;01/05/2024;3181.84;700.00;3881.84
FT-2024-52186;06/01/2025;7464.95;1642.29;9107.24
FT-2024-52236;01/09/2024;1769.77;389.35;2159.12
FT-2024-52250;22/05/2024;6860.22;1509.25;8369.47
FT-2024-52345;01/10/2024;9712.84;2136.82;11849.66
FT-2024-52370;12/07/2024;6283.97;1382.47;7666.44
FT-2024-52379;04/08/2024;2111.65;464.56;2576.21
FT-2024-52456;05/08/2024;4021.75;884.78;4906.53
FT-2024-52496;07/02/2024;13471.96;2963.83;16435.79
FT-2024-52573;05/09/2024;1646.63;362.26;2008.89
FT-2024-52649;22/02/2024;5642.35;1241.32;6883.67
FT-2024-52679;02/08/2024;2566.02;564.52;3130.54
FT-2024-52683;08/02/2024;7616.88;1675.71;9292.59
FT-2024-52733;14/07/2024;10417.55;2291.86;12709.41
FT-2024-52834;19/12/2024;4676.65;1028.86;5705.51
FT-2024-52893;11/12/2024;5832.14;1283.07;7115.21
FT-2024-52931;24/12/2024;5612.31;1234.71;6847.02
FT-2024-52997;15/12/2024;1461.23;321.47;1782.70
FT-2024-53092;03/08/2024;1840.47;404.90;2245.37
FT-2024-53121;19/08/2024;5493.73;1208.62;6702.35
FT-2024-53125;16/09/2024;14885.56;3274.82;18160.38
FT-2024-53184;03/11/2024;12545.78;2760.07;15305.85
FT-2024-53197;27/06/2024;4412.33;970.71;5383.04
FT-2024-53247;08/10/2024;5432.69;1195.19;6627.88
FT-2024-53289;26/06/2024;7848.81;1726.74;9575.55
FT-2024-53296;30/04/2024;3963.93;872.06;4835.99
FT-2024-53339;06/04/2024;9760.46;2147.30;11907.76
FT-2024-53433;18/05/2024;2477.08;544.96;3022.04
FT-2024-53552;01/02/2024;5523.85;1215.25;6739.10
FT-2024-53573;14/05/2024;7286.17;1602.96;8889.13
FT-2024-53592;28/02/2024;8230.66;1810.75;10041.41
FT-2024-53599;09/03/2024;9377.06;2062.95;11440.01
FT-2024-53634;25/05/2024;1199.53;263.90;1463.43
FT-2024-53783;02/01/2025;8558.88;1882.95;10441.83
FT-2024-53832;27/10/2024;7691.43;1692.11;9383.54
FT-2024-53858;31/01/2024;4305.94;947.31;5253.25
FT-2024-53867;30/04/2024;2402.50;528.55;2931.05
FT-2024-53921;12/02/2024;2230.60;490.73;2721.33
FT-2024-53946;11/05/2024;3920.91;862.60;4783.51
FT-2024-53964;25/12/2024;7157.31;1574.61;8731.92
FT-2024-53972;03/11/2024;8150.71;1793.16;9943.87
FT-2024-53992;20/04/2024;4548.65;1000.70;5549.35
FT-2024-54039;04/06/2024;3077.82;677.12;3754.94
FT-2024-54092;03/11/2024;4602.31;1012.51;5614.82
FT-2024-54095;15/05/2024;3386.13;744.95;4131.08
FT-2024-54128;30/03/2024;7904.89;1739.08;9643.97
FT-2024-54139;14/08/2024;4568.56;1005.08;5573.64
FT-2024-54141;17/03/2024;5669.04;1247.19;6916.23
FT-2024-54212;02/06/2024;2285.29;502.76;2788.05
FT-2024-54361;19/05/2024;5701.92;1254.42;6956.34
FT-2024-54421;20/06/2024;1604.28;352.94;1957.22
FT-2024-54457;30/07/2024;4243.37;933.54;5176.91
FT-2024-54488;27/01/2024;3034.29;667.54;3701.83
FT-2024-54611;21/04/2024;13467.43;2962.83;16430.26
FT-2024-54623;23/11/2024;4285.50;942.81;5228.31
FT-2024-54625;06/06/2024;3410.29;750.26;4160.55
FT-2024-54656;19/10/2024;5548.83;1220.74;6769.57
FT-2024-54707;10/07/2024;7165.26;1576.36;8741.62
FT-2024-54708;28/02/2024;2661.88;585.61;3247.49
FT-2024-54711;13/06/2024;3697.76;813.51;4511.27
FT-2024-54748;07/03/2024;2411.74;530.58;2942.32
FT-2024-54758;18/04/2024;7641.75;1681.18;9322.93
FT-2024-54761;30/11/2024;5017.75;1103.90;6121.65
FT-2024-54842;26/11/2024;3318.44;730.06;4048.50
FT-2024-54851;30/11/2024;10112.60;2224.77;12337.37
FT-2024-54866;03/09/2024;4043.72;889.62;4933.34
FT-2024-54885;09/07/2024;12110.16;2664.24;14774.40
FT-2024-54901;06/03/2024;10595.00;2330.90;12925.90
FT-2024-54909;18/09/2024;7783.41;1712.35;9495.76
FT-2024-54924;30/07/2024;5332.14;1173.07;6505.21
FT-2024-54974;14/07/2024;7745.52;1704.01;9449.53
FT-2024-55055;03/12/2024;8591.12;1890.05;10481.17
FT-2024-55065;26/06/2024;11310.70;2488.35;13799.05
FT-2024-55066;24/10/2024;7562.20;1663.68;9225.88
FT-2024-55125;26/07/2024;1451.71;319.38;1771.09
FT-2024-55159;14/09/2024;2704.57;595.01;3299.58
FT-2024-55203;27/06/2024;3944.87;867.87;4812.74
FT-2024-55243;09/10/2024;3991.36;878.10;4869.46
FT-2024-55272;23/01/2024;2560.44;563.30;3123.74
FT-2024-55306;29/02/2024;10409.50;2290.09;12699.59
FT-2024-55344;09/10/2024;13505.12;2971.13;16476.25
FT-2024-55372;21/02/2024;1729.05;380.39;2109.44
FT-2024-55404;05/06/2024;8560.75;1883.37;10444.12
FT-2024-55405;04/10/2024;673.27;148.12;821.39
FT-2024-55441;17/04/2024;16043.32;3529.53;19572.85
FT-2024-55487;18/06/2024;2901.90;638.42;3540.32
FT-2024-55517;21/12/2024;3169.86;697.37;3867.23
FT-2024-55630;05/10/2024;3499.85;769.97;4269.82
FT-2024-55662;20/12/2024;861.56;189.54;1051.10
FT-2024-55690;05/09/2024;10961.55;2411.54;13373.09
FT-2024-55712;10/07/2024;2280.05;501.61;2781.66
FT-2024-55721;05/06/2024;3776.85;830.91;4607.76
FT-2024-55743;26/12/2024;3378.98;743.38;4122.36
FT-2024-55810;25/07/2024;6462.85;1421.83;7884.68
FT-2024-55816;25/01/2024;1357.23;298.59;1655.82
FT-2024-55829;07/01/2024;3495.19;768.94;4264.13
FT-2024-55847;26/08/2024;12068.16;2655.00;14723.16
FT-2024-55875;22/08/2024;15714.50;3457.19;19171.69
FT-2024-55900;05/01/2024;2169.53;477.30;2646.83
FT-2024-55937;28/07/2024;9980.18;2195.64;12175.82
FT-2024-55985;22/05/2024;691.16;152.06;843.22
FT-2024-56083;20/06/2024;499.58;109.91;609.49
FT-2024-56164;08/04/2024;6371.77;1401.79;7773.56
FT-2024-56167;07/07/2024;3993.44;878.56;4872.00
FT-2024-56199;13/05/2024;3382.71;744.20;4126.91
FT-2024-56213;29/02/2024;11087.36;2439.22;13526.58
FT-2024-56219;17/03/2024;3934.19;865.52;4799.71
FT-2024-56237;16/02/2024;6266.57;1378.65;7645.22
FT-2024-56252;12/01/2024;5896.25;1297.17;7193.42
FT-2024-56310;20/06/2024;1679.38;369.46;2048.84
FT-2024-56342;10/07/2024;7241.74;1593.18;8834.92
FT-2024-56348;27/03/2024;10704.81;2355.06;13059.87
FT-2024-56408;24/01/2024;11860.74;2609.36;14470.10
FT-2024-56409;20/06/2024;9160.54;2015.32;11175.86
FT-2024-56535;02/08/2024;7530.67;1656.75;9187.42
FT-2024-56681;01/10/2024;3426.72;753.88;4180.60
FT-2024-56735;24/10/2024;9911.97;2180.63;12092.60
FT-2024-56812;16/01/2024;6759.64;1487.12;8246.76
FT-2024-56819;04/04/2024;14235.19;3131.74;17366.93
FT-2024-56821;26/10/2024;12347.84;2716.52;15064.36
FT-2024-56826;08/05/2024;1977.43;435.03;2412.46
FT-2024-56837;27/02/2024;8894.16;1956.72;10850.88
FT-2024-56894;18/10/2024;5484.12;1206.51;6690.63
FT-2024-56938;07/09/2024;7337.26;1614.20;8951.46
FT-2024-56973;13/12/2024;2915.32;641.37;3556.69
FT-2024-57000;25/05/2024;1634.67;359.63;1994.30
FT-2024-57025;02/07/2024;6696.77;1473.29;8170.06
FT-2024-57028;18/02/2024;4218.43;928.05;5146.48
FT-2024-57044;25/07/2024;1493.74;328.62;1822.36
FT-2024-57059;09/06/2024;7489.25;1647.63;9136.88
FT-2024-57076;03/12/2024;9049.03;1990.79;11039.82
FT-2024-57270;06/04/2024;1665.36;366.38;2031.74
FT-2024-57310;11/07/2024;7826.52;1721.83;9548.35
FT-2024-57373;30/08/2024;2870.64;631.54;3502.18
FT-2024-57377;19/12/2024;4141.85;911.21;5053.06
FT-2024-57391;10/03/2024;2769.16;609.22;3378.38
FT-2024-57433;01/03/2024;2485.32;546.77;3032.09
FT-2024-57508;02/04/2024;2663.30;585.93;3249.23
FT-2024-57587;30/05/2024;7816.65;1719.66;9536.31
FT-2024-57683;06/04/2024;422.40;92.93;515.33
FT-2024-57727;15/01/2024;9347.88;2056.53;11404.41
FT-2024-57733;26/07/2024;4965.35;1092.38;6057.73
FT-2024-57737;25/06/2024;8753.43;1925.75;10679.18
FT-2024-57766;03/12/2024;13637.84;3000.32;16638.16
FT-2024-57862;01/11/2024;9932.76;2185.21;12117.97
FT-2024-57880;30/04/2024;6531.35;1436.90;7968.25
FT-2024-57938;04/10/2024;2860.68;629.35;3490.03
FT-2024-57983;03/09/2024;15675.43;3448.59;19124.02
FT-2024-58001;08/04/2024;6167.18;1356.78;7523.96
FT-2024-58108;08/09/2024;4067.96;894.95;4962.91
FT-2024-58180;30/06/2024;3096.01;681.12;3777.13
FT-2024-58198;12/04/2024;2348.21;516.61;2864.82
FT-2024-58212;15/05/2024;1716.38;377.60;2093.98
FT-2024-58215;22/10/2024;9901.27;2178.28;12079.55
FT-2024-58271;16/05/2024;6341.28;1395.08;7736.36
FT-2024-58288;08/03/2024;6043.76;1329.63;7373.39
FT-2024-58316;19/01/2024;4588.66;1009.51;5598.17
FT-2024-58338;15/11/2024;9899.31;2177.85;12077.16
FT-2024-58352;29/03/2024;8199.35;1803.86;10003.21
FT-2024-58358;25/05/2024;5063.50;1113.97;6177.47
FT-2024-58412;31/03/2024;822.23;180.89;1003.12
FT-2024-58423;11/06/2024;9487.34;2087.21;11574.55
FT-2024-58457;30/03/2024;944.83;207.86;1152.69
FT-2024-58536;06/02/2024;1555.66;342.25;1897.91
FT-2024-58538;08/11/2024;10212.75;2246.80;12459.55
FT-2024-58548;09/09/2024;7017.97;1543.95;8561.92
FT-2024-58586;10/02/2024;6907.55;1519.66;8427.21
FT-2024-58601;18/08/2024;1085.30;238.77;1324.07
FT-2024-58658;19/03/2024;4868.07;1070.98;5939.05
FT-2024-58705;09/11/2024;13665.53;3006.42;16671.95
FT-2024-58721;26/02/2024;9530.87;2096.79;11627.66
FT-2024-58722;07/02/2024;9715.64;2137.44;11853.08
FT-2024-58740;22/09/2024;2945.11;647.92;3593.03
FT-2024-58815;16/09/2024;3346.73;736.28;4083.01
FT-2024-58829;15/07/2024;6908.00;1519.76;8427.76
FT-2024-58885;08/10/2024;897.04;197.35;1094.39
FT-2024-58894;25/10/2024;3005.68;661.25;3666.93
FT-2024-58917;30/04/2024;3503.54;770.78;4274.32
FT-2024-59099;10/03/2024;7193.63;1582.60;8776.23
FT-2024-59231;14/09/2024;5484.24;1206.53;6690.77
FT-2024-59278;22/03/2024;12322.12;2710.87;15032.99
FT-2024-59310;16/11/2024;6192.57;1362.37;7554.94
FT-2024-59361;27/07/2024;14148.03;3112.57;17260.60
FT-2024-59496;18/10/2024;9959.95;2191.19;12151.14
FT-2024-59527;08/02/2024;7621.22;1676.67;9297.89
FT-2024-59543;14/08/2024;5394.92;1186.88;6581.80
FT-2024-59588;21/02/2024;1434.93;315.68;1750.61
FT-2024-59698;02/03/2024;9606.95;2113.53;11720.48
FT-2024-59709;14/02/2024;9372.15;2061.87;11434.02
FT-2024-59720;05/02/2024;11871.53;2611.74;14483.27
FT-2024-59827;04/09/2024;10230.42;2250.69;12481.11
FT-2024-59844;09/05/2024;2529.26;556.44;3085.70
FT-2024-59871;20/02/2024;2869.77;631.35;3501.12
FT-2024-59880;07/11/2024;5996.95;1319.33;7316.28
FT-2024-59896;18/03/2024;6417.29;1411.80;7829.09
FT-2024-59947;06/07/2024;705.33;155.17;860.50
FT-2024-60007;13/06/2024;4185.01;920.70;5105.71
FT-2024-60030;11/08/2024;6316.86;1389.71;7706.57
FT-2024-60039;24/12/2024;4660.04;1025.21;5685.25
FT-2024-60067;08/12/2024;3506.43;771.41;4277.84
FT-2024-60190;27/01/2024;9497.51;2089.45;11586.96
FT-2024-60208;09/04/2024;5991.13;1318.05;7309.18
FT-2024-60301;11/06/2024;5909.33;1300.05;7209.38
FT-2024-60332;23/04/2024;1408.96;309.97;1718.93
FT-2024-60471;03/05/2024;862.87;189.83;1052.70
FT-2024-60501;14/06/2024;10719.67;2358.33;13078.00
FT-2024-60502;17/02/2024;13621.22;2996.67;16617.89
FT-2024-60510;02/03/2024;1181.75;259.99;1441.74
FT-2024-60531;26/01/2024;11073.86;2436.25;13510.11
FT-2024-60538;12/03/2024;15033.42;3307.35;18340.77
FT-2024-60549;16/04/2024;3182.42;700.13;3882.55
FT-2024-60594;17/07/2024;10949.55;2408.90;13358.45
FT-2024-60647;24/11/2024;7518.88;1654.15;9173.03
FT-2024-60692;10/02/2024;7436.43;1636.01;9072.44
FT-2024-60699;26/10/2024;1085.56;238.82;1324.38
FT-2024-60706;19/12/2024;11904.51;2618.99;14523.50
FT-2024-60711;18/10/2024;4371.82;961.80;5333.62
FT-2024-60713;12/04/2024;933.45;205.36;1138.81
FT-2024-60780;20/03/2024;7450.58;1639.13;9089.71
FT-2024-60802;06/11/2024;2878.15;633.19;3511.34
FT-2024-60840;12/04/2024;12903.42;2838.75;15742.17
FT-2024-60911;17/11/2024;3728.49;820.27;4548.76
FT-2024-60943;25/05/2024;7669.03;1687.19;9356.22
FT-2024-61003;08/02/2024;5727.43;1260.03;6987.46
FT-2024-61008;27/07/2024;4745.22;1043.95;5789.17
FT-2024-61070;14/02/2024;13996.15;3079.15;17075.30
FT-2024-61098;20/11/2024;2092.74;460.40;2553.14
FT-2024-61126;18/05/2024;6235.76;1371.87;7607.63
FT-2024-61235;06/09/2024;410.57;90.33;500.90
FT-2024-61244;19/10/2024;6638.34;1460.43;8098.77
FT-2024-61260;19/05/2024;878.66;193.31;1071.97
FT-2024-61264;29/10/2024;4692.14;1032.27;5724.41
FT-2024-61273;22/04/2024;2227.02;489.94;2716.96
FT-2024-61312;03/02/2024;8815.51;1939.41;10754.92
FT-2024-61316;12/07/2024;6728.42;1480.25;8208.67
FT-2024-61321;25/03/2024;412.43;90.73;503.16
FT-2024-61490;22/02/2024;4845.72;1066.06;5911.78
FT-2024-61525;21/09/2024;4008.60;881.89;4890.49
FT-2024-61551;14/12/2024;4565.97;1004.51;5570.48
FT-2024-61559;12/05/2024;7840.13;1724.83;9564.96
FT-2024-61615;23/09/2024;3958.23;870.81;4829.04
FT-2024-61619;27/07/2024;3514.24;773.13;4287.37
FT-2024-61625;28/01/2024;3498.71;769.72;4268.43
FT-2024-61658;15/06/2024;6233.32;1371.33;7604.65
FT-2024-61667;03/10/2024;13118.83;2886.14;16004.97
FT-2024-61677;10/11/2024;6671.89;1467.82;8139.71
FT-2024-61679;08/07/2024;10576.04;2326.73;12902.77
FT-2024-61747;05/12/2024;8578.78;1887.33;10466.11
FT-2024-61756;28/07/2024;2620.21;576.45;3196.66
FT-2024-61764;28/11/2024;6051.71;1331.38;7383.09
FT-2024-61803;19/06/2024;7968.49;1753.07;9721.56
FT-2024-61818;25/10/2024;1402.29;308.50;1710.79
FT-2024-61830;26/05/2024;9110.33;2004.27;11114.60
FT-2024-61846;17/01/2024;3772.44;829.94;4602.38
FT-2024-61885;13/04/2024;4755.73;1046.26;5801.99
FT-2024-61889;02/05/2024;1999.60;439.91;2439.51
FT-2024-61947;30/10/2024;819.79;180.35;1000.14
FT-2024-61948;02/07/2024;2185.89;480.90;2666.79
FT-2024-61961;20/10/2024;1616.49;355.63;1972.12
FT-2024-62037;11/02/2024;12345.54;2716.02;15061.56
FT-2024-62045;07/07/2024;3885.89;854.90;4740.79
FT-2024-62051;13/07/2024;2861.72;629.58;3491.30
FT-2024-62070;14/09/2024;7964.63;1752.22;9716.85
FT-2024-62107;08/09/2024;2328.68;512.31;2840.99
FT-2024-62113;13/10/2024;630.58;138.73;769.31
FT-2024-62144;06/12/2024;5750.75;1265.16;7015.91
FT-2024-62181;12/08/2024;3567.43;784.83;4352.26
FT-2024-62205;22/09/2024;10125.11;2227.52;12352.63
FT-2024-62215;15/11/2024;4795.17;1054.94;5850.11
FT-2024-62229;26/10/2024;3417.14;751.77;4168.91
FT-2024-62240;13/03/2024;1975.01;434.50;2409.51
FT-2024-62246;31/08/2024;1840.37;404.88;2245.25
FT-2024-62280;01/08/2024;6437.88;1416.33;7854.21
FT-2024-62314;07/09/2024;10512.92;2312.84;12825.76
FT-2024-62385;12/07/2024;7862.31;1729.71;9592.02
FT-2024-62386;13/01/2024;6210.29;1366.26;7576.55
FT-2024-62513;26/09/2024;4828.96;1062.37;5891.33
FT-2024-62557;21/09/2024;1455.18;320.14;1775.32
FT-2024-62611;01/10/2024;6310.36;1388.28;7698.64
FT-2024-62675;19/01/2024;8406.53;1849.44;10255.97
FT-2024-62778;26/05/2024;10703.65;2354.80;13058.45
FT-2024-62850;11/05/2024;13484.53;2966.60;16451.13
FT-2024-62901;19/04/2024;8120.54;1786.52;9907.06
FT-2024-62927;23/03/2024;15796.21;3475.17;19271.38
FT-2024-62965;28/12/2024;2260.84;497.38;2758.22
FT-2024-63068;04/08/2024;5073.46;1116.16;6189.62
FT-2024-63075;26/05/2024;1478.73;325.32;1804.05
FT-2024-63094;05/10/2024;4316.46;949.62;5266.08
FT-2024-63101;20/02/2024;13834.84;3043.66;16878.50
FT-2024-63102;01/03/2024;12141.30;2671.09;14812.39
FT-2024-63168;25/09/2024;11708.34;2575.83;14284.17
FT-2024-63208;30/05/2024;5931.90;1305.02;7236.92
FT-2024-63212;11/01/2024;7454.78;1640.05;9094.83
FT-2024-63214;17/07/2024;5767.80;1268.92;7036.72
FT-2024-63245;18/09/2024;6075.17;1336.54;7411.71
FT-2024-63300;21/07/2024;2427.27;534.00;2961.27
FT-2024-63386;23/04/2024;9987.83;2197.32;12185.15
FT-2024-63408;06/12/2024;11229.31;2470.45;13699.76
FT-2024-63420;16/10/2024;2913.73;641.02;3554.75
FT-2024-63421;12/06/2024;11313.67;2489.01;13802.68
FT-2024-63556;24/07/2024;7787.70;1713.29;9500.99
FT-2024-63592;29/03/2024;15110.13;3324.23;18434.36
FT-2024-63612;20/01/2024;5179.58;1139.51;6319.09
FT-2024-63621;12/04/2024;4831.51;1062.93;5894.44
FT-2024-63624;11/06/2024;3098.70;681.71;3780.41
FT-2024-63659;08/08/2024;2751.73;605.38;3357.11
FT-2024-63858;15/03/2024;7260.44;1597.30;8857.74
FT-2024-63865;09/01/2024;4085.05;898.71;4983.76
FT-2024-63900;04/09/2024;5049.97;1110.99;6160.96
FT-2024-63920;14/02/2024;5437.12;1196.17;6633.29
FT-2024-63939;23/09/2024;7709.02;1695.98;9405.00
FT-2024-63976;23/01/2024;1286.92;283.12;1570.04
FT-2024-63982;24/08/2024;2062.25;453.69;2515.94
FT-2024-64087;20/02/2024;3369.50;741.29;4110.79
FT-2024-64179;07/08/2024;2104.53;463.00;2567.53
FT-2024-64276;09/05/2024;12250.13;2695.03;14945.16
FT-2024-64283;17/12/2024;2621.77;576.79;3198.56
FT-2024-64322;07/09/2024;7952.75;1749.61;9702.36
FT-2024-64329;05/09/2024;2714.92;597.28;3312.20
FT-2024-64339;06/05/2024;8737.13;1922.17;10659.30
FT-2024-64418;21/12/2024;9880.28;2173.66;12053.94
FT-2024-64439;24/06/2024;1960.50;431.31;2391.81
FT-2024-64619;01/04/2024;11361.52;2499.53;13861.05
FT-2024-64624;17/07/2024;2204.05;484.89;2688.94
FT-2024-64626;09/01/2024;12830.87;2822.79;15653.66
FT-2024-64659;11/03/2024;7600.65;1672.14;9272.79
FT-2024-64660;22/09/2024;7321.43;1610.71;8932.14
FT-2024-64670;22/04/2024;6532.61;1437.17;7969.78
FT-2024-64764;06/10/2024;3844.26;845.74;4690.00
FT-2024-64799;08/01/2024;12082.56;2658.16;14740.72
FT-2024-64852;17/03/2024;1792.51;394.35;2186.86
FT-2024-64854;06/05/2024;12448.88;2738.75;15187.63
FT-2024-64867;04/07/2024;4542.48;999.35;5541.83
FT-2024-64937;10/09/2024;3332.84;733.22;4066.06
FT-2024-64938;18/01/2024;7866.60;1730.65;9597.25
FT-2024-64960;05/09/2024;1253.20;275.70;1528.90
FT-2024-64965;09/09/2024;1752.74;385.60;2138.34
FT-2024-64981;01/11/2024;1989.91;437.78;2427.69
FT-2024-65006;26/02/2024;11538.15;2538.39;14076.54
FT-2024-65191;26/02/2024;6819.13;1500.21;8319.34
FT-2024-65241;07/03/2024;2811.08;618.44;3429.52
FT-2024-65283;02/11/2024;4500.91;990.20;5491.11
FT-2024-65292;22/04/2024;1411.24;310.47;1721.71
FT-2024-65313;28/11/2024;3863.04;849.87;4712.91
FT-2024-65325;25/06/2024;5929.99;1304.60;7234.59
FT-2024-65346;25/02/2024;6142.98;1351.46;7494.44
FT-2024-65357;11/03/2024;3303.41;726.75;4030.16
FT-2024-65386;28/12/2024;4095.81;901.08;4996.89
FT-2024-65436;29/09/2024;11673.68;2568.21;14241.89
FT-2024-65568;29/05/2024;4127.13;907.97;5035.10
FT-2024-65623;12/12/2024;7901.22;1738.27;9639.49
FT-2024-65641;10/11/2024;6557.65;1442.68;8000.33
FT-2024-65654;27/04/2024;8338.84;1834.54;10173.38
FT-2024-65659;03/09/2024;3023.52;665.17;3688.69
FT-2024-65676;16/07/2024;6131.64;1348.96;7480.60
FT-2024-65704;26/09/2024;6501.27;1430.28;7931.55
FT-2024-65787;14/09/2024;6827.02;1501.94;8328.96
FT-2024-65819;30/01/2024;5733.42;1261.35;6994.77
FT-2024-65823;08/04/2024;2534.10;557.50;3091.60
FT-2024-65847;05/01/2025;630.44;138.70;769.14
FT-2024-65849;13/05/2024;8355.62;1838.24;10193.86
FT-2024-65916;21/10/2024;7616.79;1675.69;9292.48
FT-2024-65963;02/06/2024;9503.41;2090.75;11594.16
FT-2024-66034;03/12/2024;2584.51;568.59;3153.10
FT-2024-66095;30/03/2024;6965.70;1532.45;8498.15
FT-2024-66118;10/12/2024;9579.82;2107.56;11687.38
FT-2024-66126;08/10/2024;1304.91;287.08;1591.99
FT-2024-66135;12/09/2024;13093.63;2880.60;15974.23
FT-2024-66227;27/07/2024;8341.60;1835.15;10176.75
FT-2024-66233;01/05/2024;1683.29;370.32;2053.61
FT-2024-66235;03/10/2024;2880.49;633.71;3514.20
FT-2024-66292;21/01/2024;5012.71;1102.80;6115.51
FT-2024-66293;07/05/2024;6774.13;1490.31;8264.44
FT-2024-66413;17/02/2024;6106.71;1343.48;7450.19
FT-2024-66467;01/09/2024;6553.59;1441.79;7995.38
FT-2024-66484;08/12/2024;10376.36;2282.80;12659.16
FT-2024-66492;25/04/2024;10346.80;2276.30;12623.10
FT-2024-66500;18/11/2024;1015.40;223.39;1238.79
FT-2024-66526;18/02/2024;7150.75;1573.16;8723.91
FT-2024-66548;31/08/2024;1320.23;290.45;1610.68
FT-2024-66565;04/07/2024;9064.78;1994.25;11059.03
FT-2024-66585;04/11/2024;8037.21;1768.19;9805.40
FT-2024-66601;26/11/2024;10450.54;2299.12;12749.66
FT-2024-66846;12/10/2024;3394.96;746.89;4141.85
FT-2024-66884;10/07/2024;6313.34;1388.93;7702.27
FT-2024-66960;05/09/2024;2211.30;486.49;2697.79
FT-2024-66981;20/10/2024;3846.04;846.13;4692.17
FT-2024-66988;11/10/2024;4692.81;1032.42;5725.23
FT-2024-67086;18/01/2024;4625.87;1017.69;5643.56
FT-2024-67110;23/02/2024;4560.73;1003.36;5564.09
FT-2024-67147;11/02/2024;6905.25;1519.15;8424.40
FT-2024-67168;26/12/2024;5121.99;1126.84;6248.83
FT-2024-67184;23/04/2024;6951.45;1529.32;8480.77
FT-2024-67239;15/06/2024;1632.77;359.21;1991.98
FT-2024-67244;11/03/2024;4009.91;882.18;4892.09
FT-2024-67292;06/10/2024;728.13;160.19;888.32
FT-2024-67303;13/04/2024;5806.81;1277.50;7084.31
FT-2024-67304;11/01/2024;14192.72;3122.40;17315.12
FT-2024-67367;20/01/2024;6398.55;1407.68;7806.23
FT-2024-67393;31/08/2024;11675.17;2568.54;14243.71
FT-2024-67414;09/03/2024;1454.66;320.03;1774.69
FT-2024-67419;11/04/2024;8284.00;1822.48;10106.48
FT-2024-67504;21/01/2024;843.00;185.46;1028.46
FT-2024-67514;09/02/2024;4078.64;897.30;4975.94
FT-2024-67518;03/12/2024;13247.32;2914.41;16161.73
FT-2024-67597;10/04/2024;7050.30;1551.07;8601.37
FT-2024-67648;28/07/2024;8106.54;1783.44;9889.98
FT-2024-67665;28/06/2024;2456.22;540.37;2996.59
FT-2024-67710;05/08/2024;9081.94;1998.03;11079.97
FT-2024-67726;17/09/2024;2990.35;657.88;3648.23
FT-2024-67732;29/08/2024;7755.58;1706.23;9461.81
FT-2024-67769;12/11/2024;14021.37;3084.70;17106.07
FT-2024-67779;27/05/2024;7289.64;1603.72;8893.36
FT-2024-67811;24/02/2024;11269.48;2479.29;13748.77
FT-2024-67850;09/10/2024;5491.69;1208.17;6699.86
FT-2024-67872;05/11/2024;1652.11;363.46;2015.57
FT-2024-67924;25/03/2024;7637.13;1680.17;9317.30
FT-2024-67967;17/10/2024;5243.42;1153.55;6396.97
FT-2024-68014;08/12/2024;3886.69;855.07;4741.76
FT-2024-68034;30/10/2024;7535.01;1657.70;9192.71
FT-2024-68045;01/07/2024;10378.63;2283.30;12661.93
FT-2024-68151;12/01/2024;14000.84;3080.18;17081.02
FT-2024-68350;18/08/2024;1691.57;372.15;2063.72
FT-2024-68396;04/08/2024;4521.08;994.64;5515.72
FT-2024-68445;09/07/2024;4411.67;970.57;5382.24
FT-2024-68476;07/07/2024;4228.47;930.26;5158.73
FT-2024-68511;07/12/2024;6031.48;1326.93;7358.41
FT-2024-68618;26/10/2024;11149.06;2452.79;13601.85
FT-2024-68641;04/06/2024;3804.08;836.90;4640.98
FT-2024-68675;21/02/2024;1856.31;408.39;2264.70
FT-2024-68750;16/11/2024;7113.39;1564.95;8678.34
FT-2024-68786;29/03/2024;10134.58;2229.61;12364.19
FT-2024-68796;11/10/2024;6378.19;1403.20;7781.39
FT-2024-68808;01/08/2024;15728.69;3460.31;19189.00
FT-2024-68836;08/08/2024;4705.07;1035.12;5740.19
FT-2024-68857;06/04/2024;1596.38;351.20;1947.58
FT-2024-68895;04/03/2024;9834.16;2163.52;11997.68
FT-2024-68911;06/12/2024;4526.78;995.89;5522.67
FT-2024-69009;29/02/2024;2502.55;550.56;3053.11
FT-2024-69067;24/07/2024;3780.87;831.79;4612.66
FT-2024-69112;04/05/2024;6291.28;1384.08;7675.36
FT-2024-69157;31/12/2024;5475.50;1204.61;6680.11
FT-2024-69209;08/06/2024;3496.28;769.18;4265.46
FT-2024-69229;23/01/2024;6495.37;1428.98;7924.35
FT-2024-69234;31/01/2024;7626.50;1677.83;9304.33
FT-2024-69247;11/01/2024;10922.40;2402.93;13325.33
FT-2024-69252;19/03/2024;7341.24;1615.07;8956.31
FT-2024-69257;31/10/2024;2107.17;463.58;2570.75
FT-2024-69272;02/04/2024;3208.98;705.98;3914.96
FT-2024-69318;22/03/2024;5074.87;1116.47;6191.34
FT-2024-69336;09/07/2024;2898.74;637.72;3536.46
FT-2024-69362;14/10/2024;2999.80;659.96;3659.76
FT-2024-69378;28/06/2024;4538.85;998.55;5537.40
FT-2024-69380;04/10/2024;3051.28;671.28;3722.56
FT-2024-69426;09/04/2024;7773.47;1710.16;9483.63
FT-2024-69446;15/09/2024;8762.21;1927.69;10689.90
FT-2024-69470;16/08/2024;3615.56;795.42;4410.98
FT-2024-69563;05/02/2024;7707.18;1695.58;9402.76
FT-2024-69587;10/01/2024;9739.42;2142.67;11882.09
FT-2024-69590;11/01/2024;1332.72;293.20;1625.92
FT-2024-69592;23/06/2024;1712.74;376.80;2089.54
FT-2024-69603;17/07/2024;2797.28;615.40;3412.68
FT-2024-69617;17/11/2024;12453.64;2739.80;15193.44
FT-2024-69627;31/08/2024;821.39;180.71;1002.10
FT-2024-69680;04/02/2024;9568.36;2105.04;11673.40
FT-2024-69702;25/06/2024;6829.67;1502.53;8332.20
FT-2024-69714;21/03/2024;12621.24;2776.67;15397.91
FT-2024-69747;06/12/2024;1672.41;367.93;2040.34
FT-2024-69842;27/05/2024;7296.83;1605.30;8902.13
FT-2024-69844;05/01/2025;9008.71;1981.92;10990.63
FT-2024-69894;27/06/2024;9725.44;2139.60;11865.04
FT-2024-69906;18/10/2024;1106.35;243.40;1349.75
FT-2024-69944;24/05/2024;1279.96;281.59;1561.55
FT-2024-69952;25/05/2024;4876.70;1072.87;5949.57
FT-2024-69980;22/04/2024;10458.96;2300.97;12759.93
FT-2024-70007;27/04/2024;6527.53;1436.06;7963.59
FT-2024-70060;25/03/2024;3470.77;763.57;4234.34
FT-2024-70075;17/05/2024;12548.65;2760.70;15309.35
FT-2024-70096;27/01/2024;4344.47;955.78;5300.25
FT-2024-70097;02/12/2024;9406.12;2069.35;11475.47
FT-2024-70129;12/05/2024;1578.13;347.19;1925.32
FT-2024-70144;29/06/2024;8040.94;1769.01;9809.95
FT-2024-70150;24/07/2024;8822.87;1941.03;10763.90
FT-2024-70181;19/06/2024;2508.75;551.92;3060.67
FT-2024-70229;03/02/2024;3035.90;667.90;3703.80
FT-2024-70238;04/08/2024;1674.42;368.37;2042.79
FT-2024-70245;17/09/2024;8727.50;1920.05;10647.55
FT-2024-70271;30/04/2024;1404.81;309.06;1713.87
FT-2024-70291;06/09/2024;5342.19;1175.28;6517.47
FT-2024-70294;25/05/2024;2167.09;476.76;2643.85
FT-2024-70353;19/02/2024;5247.80;1154.52;6402.32
FT-2024-70387;24/08/2024;4713.34;1036.93;5750.27
FT-2024-70433;09/04/2024;2118.28;466.02;2584.30
FT-2024-70454;11/12/2024;7376.97;1622.93;8999.90
FT-2024-70487;09/01/2024;9597.81;2111.52;11709.33
FT-2024-70583;24/12/2024;9407.35;2069.62;11476.97
FT-2024-70636;13/03/2024;913.71;201.02;1114.73
FT-2024-70685;27/05/2024;7030.57;1546.73;8577.30
FT-2024-70702;07/08/2024;10059.49;2213.09;12272.58
FT-2024-70705;30/12/2024;5385.88;1184.89;6570.77
FT-2024-70718;03/01/2024;5375.78;1182.67;6558.45
FT-2024-70725;18/03/2024;4464.38;982.16;5446.54
FT-2024-70870;24/02/2024;10193.27;2242.52;12435.79
FT-2024-70873;02/02/2024;4786.72;1053.08;5839.80
FT-2024-70886;20/05/2024;2120.57;466.53;2587.10
FT-2024-70897;17/04/2024;8085.59;1778.83;9864.42
FT-2024-70917;16/05/2024;11075.31;2436.57;13511.88
FT-2024-70925;12/06/2024;3535.68;777.85;4313.53
FT-2024-70946;03/06/2024;8460.41;1861.29;10321.70
FT-2024-70961;15/02/2024;3527.14;775.97;4303.11
FT-2024-71022;01/08/2024;3078.00;677.16;3755.16
FT-2024-71037;23/10/2024;8939.19;1966.62;10905.81
FT-2024-71050;22/07/2024;3404.67;749.03;4153.70
FT-2024-71079;09/11/2024;8970.23;1973.45;10943.68
FT-2024-71088;15/11/2024;11397.84;2507.52;13905.36
FT-2024-71126;06/05/2024;4672.63;1027.98;5700.61
FT-2024-71192;08/12/2024;4217.58;927.87;5145.45
FT-2024-71208;15/03/2024;9056.11;1992.34;11048.45
FT-2024-71295;30/04/2024;932.11;205.06;1137.17
FT-2024-71312;07/11/2024;3437.91;756.34;4194.25
FT-2024-71342;19/09/2024;11713.60;2576.99;14290.59
FT-2024-71388;02/03/2024;10876.93;2392.92;13269.85
FT-2024-71394;20/01/2024;2823.44;621.16;3444.60
FT-2024-71410;12/07/2024;4292.72;944.40;5237.12
FT-2024-71411;05/02/2024;2529.47;556.48;3085.95
FT-2024-71416;07/12/2024;8667.68;1906.89;10574.57
FT-2024-71458;20/10/2024;9201.11;2024.24;11225.35
FT-2024-71549;11/06/2024;5252.00;1155.44;6407.44
FT-2024-71550;14/11/2024;4082.91;898.24;4981.15
FT-2024-71599;26/07/2024;560.96;123.41;684.37
FT-2024-71621;24/03/2024;2090.40;459.89;2550.29
FT-2024-71693;11/04/2024;2161.60;475.55;2637.15
FT-2024-71722;07/03/2024;9678.84;2129.34;11808.18
FT-2024-71724;07/12/2024;401.01;88.22;489.23
FT-2024-71751;24/03/2024;10547.64;2320.48;12868.12
FT-2024-71759;29/02/2024;1963.21;431.91;2395.12
FT-2024-71899;08/12/2024;4863.70;1070.01;5933.71
FT-2024-71917;14/06/2024;1330.16;292.64;1622.80
FT-2024-71957;08/12/2024;8822.78;1941.01;10763.79
FT-2024-71987;01/12/2024;2787.83;613.32;3401.15
FT-2024-72073;28/11/2024;8868.62;1951.10;10819.72
FT-2024-72114;08/05/2024;9607.51;2113.65;11721.16
FT-2024-72187;07/08/2024;5602.43;1232.53;6834.96
FT-2024-72212;26/03/2024;11707.36;2575.62;14282.98
FT-2024-72239;26/03/2024;5350.46;1177.10;6527.56
FT-2024-72246;06/09/2024;11460.72;2521.36;13982.08
FT-2024-72338;25/08/2024;9498.71;2089.72;11588.43
FT-2024-72386;02/11/2024;318.15;69.99;388.14
FT-2024-72402;19/03/2024;2829.28;622.44;3451.72
FT-2024-72403;22/03/2024;4066.98;894.74;4961.72
FT-2024-72406;30/10/2024;12475.37;2744.58;15219.95
FT-2024-72443;29/05/2024;9321.77;2050.79;11372.56
FT-2024-72531;29/09/2024;5635.66;1239.85;6875.51
FT-2024-72590;08/05/2024;5935.55;1305.82;7241.37
FT-2024-72591;31/03/2024;8250.81;1815.18;10065.99
FT-2024-72669;15/07/2024;10891.86;2396.21;13288.07
FT-2024-72680;09/06/2024;1674.78;368.45;2043.23
FT-2024-72688;23/09/2024;11282.02;2482.04;13764.06
FT-2024-72689;02/02/2024;3051.61;671.35;3722.96
FT-2024-72699;09/06/2024;3836.88;844.11;4680.99
FT-2024-72743;01/12/2024;5358.12;1178.79;6536.91
FT-2024-72761;13/09/2024;3563.40;783.95;4347.35
FT-2024-72792;16/04/2024;16289.54;3583.70;19873.24
FT-2024-72815;07/12/2024;4652.45;1023.54;5675.99
FT-2024-72824;02/03/2024;7810.72;1718.36;9529.08
FT-2024-72843;29/05/2024;2016.02;443.52;2459.54
FT-2024-72900;13/08/2024;4199.96;923.99;5123.95
FT-2024-72968;07/04/2024;3479.34;765.45;4244.79
FT-2024-73066;13/06/2024;1567.94;344.95;1912.89
FT-2024-73086;25/07/2024;8307.53;1827.66;10135.19
FT-2024-73106;02/04/2024;6836.81;1504.10;8340.91
FT-2024-73232;24/04/2024;7796.24;1715.17;9511.41
FT-2024-73324;20/02/2024;5221.81;1148.80;6370.61
FT-2024-73341;03/02/2024;7112.50;1564.75;8677.25
FT-2024-73459;18/04/2024;13842.64;3045.38;16888.02
FT-2024-73469;07/07/2024;3938.23;866.41;4804.64
FT-2024-73483;28/07/2024;6012.21;1322.69;7334.90
FT-2024-73652;26/11/2024;614.97;135.29;750.26
FT-2024-73701;16/06/2024;5832.59;1283.17;7115.76
FT-2024-73738;21/11/2024;1765.83;388.48;2154.31
FT-2024-73765;31/03/2024;6737.44;1482.24;8219.68
FT-2024-73804;18/08/2024;10563.62;2324.00;12887.62
FT-2024-73905;07/01/2024;2072.17;455.88;2528.05
FT-2024-73907;17/02/2024;7244.66;1593.83;8838.49
FT-2024-73943;17/09/2024;8297.75;1825.51;10123.26
FT-2024-73950;07/12/2024;11650.87;2563.19;14214.06
FT-2024-73954;14/03/2024;5414.51;1191.19;6605.70
FT-2024-74039;31/03/2024;11062.78;2433.81;13496.59
FT-2024-74044;15/01/2024;6878.90;1513.36;8392.26
FT-2024-74130;31/10/2024;1386.17;304.96;1691.13
FT-2024-74161;06/11/2024;15458.85;3400.95;18859.80
FT-2024-74258;22/05/2024;11219.35;2468.26;13687.61
FT-2024-74320;14/03/2024;7706.63;1695.46;9402.09
FT-2024-74362;10/06/2024;2490.45;547.90;3038.35
FT-2024-74376;16/07/2024;293.39;64.55;357.94
FT-2024-74407;08/07/2024;9840.18;2164.84;12005.02
FT-2024-74422;09/03/2024;10224.47;2249.38;12473.85
FT-2024-74481;31/07/2024;4812.84;1058.82;5871.66
FT-2024-74490;24/04/2024;3145.38;691.98;3837.36
FT-2024-74504;05/01/2024;4389.89;965.78;5355.67
FT-2024-74508;29/05/2024;14664.77;3226.25;17891.02
FT-2024-74535;17/02/2024;5586.01;1228.92;6814.93
FT-2024-74560;03/03/2024;9211.63;2026.56;11238.19
FT-2024-74601;15/04/2024;4773.71;1050.22;5823.93
FT-2024-74611;24/10/2024;4202.05;924.45;5126.50
FT-2024-74660;03/02/2024;6884.37;1514.56;8398.93
FT-2024-74697;23/02/2024;3934.95;865.69;4800.64
FT-2024-74751;03/12/2024;15584.25;3428.53;19012.78
FT-2024-74798;28/06/2024;10377.44;2283.04;12660.48
FT-2024-74802;14/10/2024;9726.65;2139.86;11866.51
FT-2024-74828;30/08/2024;8290.05;1823.81;10113.86
FT-2024-74844;15/12/2024;531.39;116.91;648.30
FT-2024-74850;19/08/2024;4424.26;973.34;5397.60
FT-2024-74902;11/07/2024;5828.93;1282.36;7111.29
FT-2024-74982;20/12/2024;4918.85;1082.15;6001.00
FT-2024-74994;09/06/2024;4858.20;1068.80;5927.00
FT-2024-75041;26/06/2024;3206.02;705.32;3911.34
FT-2024-75047;12/03/2024;5395.03;1186.91;6581.94
FT-2024-75062;10/01/2024;6700.74;1474.16;8174.90
FT-2024-75069;08/09/2024;2886.65;635.06;3521.71
FT-2024-75096;26/08/2024;6403.87;1408.85;7812.72
FT-2024-75105;12/09/2024;7159.77;1575.15;8734.92
FT-2024-75140;16/10/2024;11762.47;2587.74;14350.21
FT-2024-75148;15/10/2024;7992.44;1758.34;9750.78
FT-2024-75178;29/03/2024;1679.84;369.56;2049.40
FT-2024-75256;18/11/2024;586.46;129.02;715.48
FT-2024-75268;28/03/2024;4171.90;917.82;5089.72
FT-2024-75322;30/04/2024;5294.60;1164.81;6459.41
FT-2024-75354;08/09/2024;4022.01;884.84;4906.85
FT-2024-75537;27/05/2024;856.87;188.51;1045.38
FT-2024-75539;30/04/2024;6358.48;1398.87;7757.35
FT-2024-75560;06/02/2024;7260.75;1597.37;8858.12
FT-2024-75563;10/01/2024;5113.03;1124.87;6237.90
FT-2024-75589;24/03/2024;10404.71;2289.04;12693.75
FT-2024-75602;10/03/2024;10075.30;2216.57;12291.87
FT-2024-75614;30/10/2024;328.60;72.29;400.89
FT-2024-75654;22/02/2024;5570.92;1225.60;6796.52
FT-2024-75801;21/07/2024;6187.77;1361.31;7549.08
FT-2024-75804;26/05/2024;3446.61;758.25;4204.86
FT-2024-75888;13/02/2024;8019.22;1764.23;9783.45
FT-2024-75905;04/10/2024;8824.06;1941.29;10765.35
FT-2024-75907;12/07/2024;10244.58;2253.81;12498.39
FT-2024-75922;07/04/2024;4267.47;938.84;5206.31
FT-2024-75939;11/03/2024;8828.23;1942.21;10770.44
FT-2024-75940;13/05/2024;9260.04;2037.21;11297.25
FT-2024-76015;22/06/2024;8062.28;1773.70;9835.98
FT-2024-76088;04/05/2024;5568.02;1224.96;6792.98
FT-2024-76121;07/06/2024;4985.41;1096.79;6082.20
FT-2024-76122;24/10/2024;5291.64;1164.16;6455.80
FT-2024-76129;20/02/2024;1115.67;245.45;1361.12
FT-2024-76161;07/12/2024;11261.48;2477.53;13739.01
FT-2024-76166;30/08/2024;13738.55;3022.48;16761.03
FT-2024-76173;26/03/2024;2131.35;468.90;2600.25
FT-2024-76179;29/12/2024;5946.00;1308.12;7254.12
FT-2024-76246;26/11/2024;7179.55;1579.50;8759.05
FT-2024-76459;15/12/2024;5471.51;1203.73;6675.24
FT-2024-76470;22/08/2024;3534.25;777.53;4311.78
FT-2024-76478;10/01/2024;2557.67;562.69;3120.36
FT-2024-76533;12/03/2024;12992.54;2858.36;15850.90
FT-2024-76554;02/02/2024;1635.16;359.74;1994.90
FT-2024-76558;03/01/2025;12025.71;2645.66;14671.37
FT-2024-76610;04/10/2024;1456.42;320.41;1776.83
FT-2024-76653;25/04/2024;4372.67;961.99;5334.66
FT-2024-76687;05/04/2024;3405.13;749.13;4154.26
FT-2024-76701;12/05/2024;6685.93;1470.90;8156.83
FT-2024-76716;29/06/2024;11334.00;2493.48;13827.48
FT-2024-76801;09/04/2024;2164.79;476.25;2641.04
FT-2024-76816;28/04/2024;10374.15;2282.31;12656.46
FT-2024-76871;10/03/2024;1654.42;363.97;2018.39
FT-2024-76890;11/01/2024;5443.40;1197.55;6640.95
FT-2024-76936;17/06/2024;9322.15;2050.87;11373.02
FT-2024-76952;15/02/2024;8006.14;1761.35;9767.49
FT-2024-77009;19/06/2024;10872.39;2391.93;13264.32
FT-2024-77016;12/07/2024;2352.93;517.64;2870.57
FT-2024-77025;12/09/2024;7689.18;1691.62;9380.80
FT-2024-77199;17/10/2024;4613.24;1014.91;5628.15
FT-2024-77215;29/10/2024;1792.84;394.42;2187.26
FT-2024-77241;04/06/2024;1513.61;332.99;1846.60
FT-2024-77403;30/05/2024;4591.45;1010.12;5601.57
FT-2024-77494;16/01/2024;4096.80;901.30;4998.10
FT-2024-77511;14/09/2024;11833.77;2603.43;14437.20
FT-2024-77532;26/02/2024;4255.15;936.13;5191.28
FT-2024-77571;28/02/2024;1991.35;438.10;2429.45
FT-2024-77708;24/06/2024;4237.54;932.26;5169.80
FT-2024-77753;22/10/2024;4044.78;889.85;4934.63
FT-2024-77767;05/06/2024;11475.01;2524.50;13999.51
FT-2024-77818;01/05/2024;2076.04;456.73;2532.77
FT-2024-77837;30/10/2024;8279.84;1821.56;10101.40
FT-2024-77844;11/10/2024;12828.33;2822.23;15650.56
FT-2024-77851;17/05/2024;13410.33;2950.27;16360.60
FT-2024-77856;07/07/2024;4286.97;943.13;5230.10
FT-2024-77872;15/07/2024;4306.18;947.36;5253.54
FT-2024-77954;21/11/2024;4063.56;893.98;4957.54
FT-2024-77964;07/03/2024;5012.98;1102.86;6115.84
FT-2024-77980;09/06/2024;3673.19;808.10;4481.29
FT-2024-78068;08/10/2024;6032.08;1327.06;7359.14
FT-2024-78079;07/05/2024;11674.07;2568.30;14242.37
FT-2024-78119;15/04/2024;14131.85;3109.01;17240.86
FT-2024-78123;06/06/2024;7954.64;1750.02;9704.66
FT-2024-78187;19/01/2024;6081.86;1338.01;7419.87
FT-2024-78243;17/03/2024;4925.70;1083.65;6009.35
FT-2024-78247;08/11/2024;322.31;70.91;393.22
FT-2024-78251;31/07/2024;2944.18;647.72;3591.90
FT-2024-78295;03/11/2024;5010.06;1102.21;6112.27
FT-2024-78312;17/11/2024;3827.37;842.02;4669.39
FT-2024-78349;06/01/2025;1120.52;246.51;1367.03
FT-2024-78358;03/07/2024;4569.99;1005.40;5575.39
FT-2024-78371;12/01/2024;5815.77;1279.47;7095.24
FT-2024-78386;22/03/2024;1605.26;353.16;1958.42
FT-2024-78450;11/05/2024;7337.42;1614.23;8951.65
FT-2024-78484;16/07/2024;5506.68;1211.47;6718.15
FT-2024-78504;02/06/2024;3978.18;875.20;4853.38
FT-2024-78511;02/02/2024;7072.44;1555.94;8628.38
FT-2024-78595;04/12/2024;1996.81;439.30;2436.11
FT-2024-78611;31/07/2024;3323.23;731.11;4054.34
FT-2024-78655;10/01/2024;7656.40;1684.41;9340.81
FT-2024-78668;07/05/2024;12595.27;2770.96;15366.23
FT-2024-78800;01/11/2024;7367.37;1620.82;8988.19
FT-2024-78882;07/01/2024;3280.25;721.65;4001.90
FT-2024-78971;01/07/2024;2157.68;474.69;2632.37
FT-2024-78989;24/06/2024;3917.23;861.79;4779.02
FT-2024-79021;03/08/2024;2145.57;472.03;2617.60
FT-2024-79027;28/10/2024;5205.73;1145.26;6350.99
FT-2024-79053;11/06/2024;7903.72;1738.82;9642.54
FT-2024-79054;07/08/2024;7178.76;1579.33;8758.09
FT-2024-79102;19/10/2024;1875.34;412.57;2287.91
FT-2024-79125;31/07/2024;4950.63;1089.14;6039.77
FT-2024-79234;25/01/2024;3101.20;682.26;3783.46
FT-2024-79261;11/11/2024;4833.84;1063.44;5897.28
FT-2024-79299;18/11/2024;2708.68;595.91;3304.59
FT-2024-79312;10/04/2024;5898.42;1297.65;7196.07
FT-2024-79360;07/07/2024;4142.15;911.27;5053.42
FT-2024-79453;14/04/2024;6818.66;1500.11;8318.77
FT-2024-79458;10/04/2024;4647.56;1022.46;5670.02
FT-2024-79511;16/09/2024;442.40;97.33;539.73
FT-2024-79566;23/04/2024;10970.14;2413.43;13383.57
FT-2024-79617;13/02/2024;5261.07;1157.44;6418.51
FT-2024-79622;04/04/2024;5087.48;1119.25;6206.73
FT-2024-79627;19/07/2024;11597.88;2551.53;14149.41
FT-2024-79664;01/08/2024;8620.62;1896.54;10517.16
FT-2024-79715;16/04/2024;12635.48;2779.81;15415.29
FT-2024-79767;07/05/2024;6583.06;1448.27;8031.33
FT-2024-79793;09/06/2024;4762.06;1047.65;5809.71
FT-2024-79829;26/07/2024;4573.30;1006.13;5579.43
FT-2024-79865;16/07/2024;7638.04;1680.37;9318.41
FT-2024-79889;10/11/2024;1079.73;237.54;1317.27
FT-2024-79919;16/01/2024;4858.75;1068.92;5927.67
FT-2024-79925;22/01/2024;6174.44;1358.38;7532.82
FT-2024-79928;20/08/2024;11723.51;2579.17;14302.68
FT-2024-79930;12/11/2024;14428.90;3174.36;17603.26
FT-2024-80013;17/06/2024;10196.31;2243.19;12439.50
FT-2024-80055;12/03/2024;2360.90;519.40;2880.30
FT-2024-80056;28/12/2024;6962.90;1531.84;8494.74
FT-2024-80090;29/11/2024;1743.96;383.67;2127.63
FT-2024-80145;20/03/2024;6942.64;1527.38;8470.02
FT-2024-80214;18/08/2024;9061.81;1993.60;11055.41
FT-2024-80223;03/12/2024;4143.01;911.46;5054.47
FT-2024-80244;08/08/2024;11179.78;2459.55;13639.33
FT-2024-80256;30/08/2024;4245.90;934.10;5180.00
FT-2024-80327;20/11/2024;2326.79;511.89;2838.68
FT-2024-80421;14/01/2024;9512.53;2092.76;11605.29
FT-2024-80448;23/09/2024;5070.00;1115.40;6185.40
FT-2024-80494;23/05/2024;6458.12;1420.79;7878.91
FT-2024-80548;24/04/2024;3760.59;827.33;4587.92
FT-2024-80550;10/02/2024;3282.82;722.22;4005.04
FT-2024-80555;20/12/2024;10953.12;2409.69;13362.81
FT-2024-80608;31/10/2024;3366.80;740.70;4107.50
FT-2024-80642;22/10/2024;2300.95;506.21;2807.16
FT-2024-80669;26/05/2024;3641.46;801.12;4442.58
FT-2024-80708;10/03/2024;10365.92;2280.50;12646.42
FT-2024-80739;08/01/2024;2926.25;643.77;3570.02
FT-2024-80752;17/01/2024;14669.41;3227.27;17896.68
FT-2024-80813;04/09/2024;8323.14;1831.09;10154.23
FT-2024-80815;14/11/2024;10669.54;2347.30;13016.84
FT-2024-81036;14/05/2024;1985.85;436.89;2422.74
FT-2024-81045;31/05/2024;3364.07;740.10;4104.17
FT-2024-81077;03/03/2024;5014.57;1103.21;6117.78
FT-2024-81094;29/01/2024;9800.00;2156.00;11956.00
FT-2024-81113;24/10/2024;10069.01;2215.18;12284.19
FT-2024-81121;04/07/2024;1717.88;377.93;2095.81
FT-2024-81192;07/04/2024;4876.06;1072.73;5948.79
FT-2024-81263;27/04/2024;7607.89;1673.74;9281.63
FT-2024-81298;19/08/2024;12252.72;2695.60;14948.32
FT-2024-81315;29/07/2024;2351.29;517.28;2868.57
FT-2024-81428;01/11/2024;4432.89;975.24;5408.13
FT-2024-81454;28/10/2024;6031.74;1326.98;7358.72
FT-2024-81489;04/01/2025;6536.86;1438.11;7974.97
FT-2024-81536;13/03/2024;13480.31;2965.67;16445.98
FT-2024-81559;22/04/2024;2319.48;510.29;2829.77
FT-2024-81604;18/07/2024;3152.38;693.52;3845.90
FT-2024-81618;08/05/2024;14275.58;3140.63;17416.21
FT-2024-81651;18/02/2024;13333.53;2933.38;16266.91
FT-2024-81656;09/02/2024;5323.14;1171.09;6494.23
FT-2024-81737;24/02/2024;2327.55;512.06;2839.61
FT-2024-81744;08/09/2024;5612.58;1234.77;6847.35
FT-2024-81801;19/01/2024;2889.37;635.66;3525.03
FT-2024-81804;20/08/2024;3173.60;698.19;3871.79
FT-2024-81864;14/11/2024;5441.96;1197.23;6639.19
FT-2024-81922;12/04/2024;2315.64;509.44;2825.08
FT-2024-81941;27/08/2024;8582.21;1888.09;10470.30
FT-2024-82079;31/08/2024;4020.41;884.49;4904.90
FT-2024-82116;25/07/2024;6863.15;1509.89;8373.04
FT-2024-82134;16/01/2024;6341.13;1395.05;7736.18
FT-2024-82197;16/02/2024;14136.38;3110.00;17246.38
FT-2024-82206;23/11/2024;7425.81;1633.68;9059.49
FT-2024-82214;09/02/2024;4578.31;1007.23;5585.54
FT-2024-82216;16/07/2024;8174.39;1798.37;9972.76
FT-2024-82250;06/09/2024;5266.39;1158.61;6425.00
FT-2024-82266;16/12/2024;4697.25;1033.39;5730.64
FT-2024-82307;28/09/2024;8474.20;1864.32;10338.52
FT-2024-82310;14/01/2024;11617.34;2555.81;14173.15
FT-2024-82391;30/07/2024;7594.75;1670.85;9265.60
FT-2024-82405;14/02/2024;4592.14;1010.27;5602.41
FT-2024-82409;27/04/2024;2997.19;659.38;3656.57
FT-2024-82627;14/08/2024;2011.52;442.53;2454.05
FT-2024-82635;26/07/2024;4224.79;929.45;5154.24
FT-2024-82637;25/01/2024;4992.98;1098.46;6091.44
FT-2024-82644;23/03/2024;6954.93;1530.08;8485.01
FT-2024-82652;20/04/2024;4589.85;1009.77;5599.62
FT-2024-82699;29/12/2024;8765.01;1928.30;10693.31
FT-2024-82701;06/09/2024;6414.61;1411.21;7825.82
FT-2024-82756;28/02/2024;3638.43;800.45;4438.88
FT-2024-82768;18/09/2024;5801.89;1276.42;7078.31
FT-2024-82790;18/06/2024;1978.80;435.34;2414.14
FT-2024-82816;17/03/2024;1405.41;309.19;1714.60
FT-2024-82843;06/12/2024;3200.33;704.07;3904.40
FT-2024-82878;07/04/2024;504.13;110.91;615.04
FT-2024-82910;21/02/2024;4978.03;1095.17;6073.20
FT-2024-82914;20/07/2024;7623.22;1677.11;9300.33
FT-2024-82920;12/03/2024;6713.41;1476.95;8190.36
FT-2024-82955;01/04/2024;1965.19;432.34;2397.53
FT-2024-82961;05/09/2024;6263.58;1377.99;7641.57
FT-2024-83048;29/01/2024;4466.45;982.62;5449.07
FT-2024-83072;06/09/2024;2728.51;600.27;3328.78
FT-2024-83088;21/03/2024;6778.12;1491.19;8269.31
FT-2024-83127;15/05/2024;3567.37;784.82;4352.19
FT-2024-83190;28/04/2024;6196.20;1363.16;7559.36
FT-2024-83193;15/02/2024;4582.43;1008.13;5590.56
FT-2024-83208;13/01/2024;7577.50;1667.05;9244.55
FT-2024-83225;27/07/2024;5028.16;1106.20;6134.36
FT-2024-83260;03/03/2024;2759.58;607.11;3366.69
FT-2024-83305;27/03/2024;761.57;167.55;929.12
FT-2024-83309;16/11/2024;4541.07;999.04;5540.11
FT-2024-83311;05/09/2024;6994.33;1538.75;8533.08
FT-2024-83317;22/06/2024;5582.04;1228.05;6810.09
FT-2024-83337;09/12/2024;8207.98;1805.76;10013.74
FT-2024-83385;19/07/2024;1396.21;307.17;1703.38
FT-2024-83494;15/11/2024;5373.28;1182.12;6555.40
FT-2024-83500;11/09/2024;12613.55;2774.98;15388.53
FT-2024-83646;09/06/2024;5888.49;1295.47;7183.96
FT-2024-83704;18/04/2024;9865.10;2170.32;12035.42
FT-2024-83739;12/11/2024;4625.28;1017.56;5642.84
FT-2024-83745;17/08/2024;9540.05;2098.81;11638.86
FT-2024-83765;28/08/2024;2905.18;639.14;3544.32
FT-2024-83776;23/04/2024;6949.95;1528.99;8478.94
FT-2024-83778;05/01/2025;10194.71;2242.84;12437.55
FT-2024-83840;25/01/2024;12116.96;2665.73;14782.69
FT-2024-83904;27/08/2024;7820.97;1720.61;9541.58
FT-2024-83906;12/01/2024;4952.91;1089.64;6042.55
FT-2024-83933;23/05/2024;2010.53;442.32;2452.85
FT-2024-83939;14/02/2024;4006.03;881.33;4887.36
FT-2024-83949;07/01/2024;1294.71;284.84;1579.55
FT-2024-84066;01/08/2024;10539.59;2318.71;12858.30
FT-2024-84126;25/02/2024;6103.72;1342.82;7446.54
FT-2024-84177;15/03/2024;2669.25;587.24;3256.49
FT-2024-84191;18/01/2024;8684.91;1910.68;10595.59
FT-2024-84198;31/05/2024;3094.16;680.72;3774.88
FT-2024-84343;12/08/2024;1798.66;395.71;2194.37
FT-2024-84402;11/02/2024;3071.87;675.81;3747.68
FT-2024-84419;12/07/2024;4397.19;967.38;5364.57
FT-2024-84471;16/12/2024;5877.98;1293.16;7171.14
FT-2024-84491;25/04/2024;1778.71;391.32;2170.03
FT-2024-84500;14/04/2024;1776.73;390.88;2167.61
FT-2024-84522;20/07/2024;4922.32;1082.91;6005.23
FT-2024-84556;15/04/2024;8890.88;1955.99;10846.87
FT-2024-84682;22/06/2024;7052.15;1551.47;8603.62
FT-2024-84725;12/05/2024;5043.69;1109.61;6153.30
FT-2024-84806;30/11/2024;9642.61;2121.37;11763.98
FT-2024-84828;26/10/2024;5921.85;1302.81;7224.66
FT-2024-84864;08/07/2024;13281.21;2921.87;16203.08
FT-2024-84867;05/01/2024;2326.72;511.88;2838.60
FT-2024-84875;02/12/2024;10263.02;2257.86;12520.88
FT-2024-84886;24/02/2024;10242.85;2253.43;12496.28
FT-2024-84923;29/06/2024;5347.12;1176.37;6523.49
FT-2024-85051;02/12/2024;2533.09;557.28;3090.37
FT-2024-85129;29/09/2024;5116.33;1125.59;6241.92
FT-2024-85136;13/10/2024;4365.55;960.42;5325.97
FT-2024-85143;06/07/2024;3141.16;691.06;3832.22
FT-2024-85148;15/04/2024;11689.86;2571.77;14261.63
FT-2024-85163;29/07/2024;2371.03;521.63;2892.66
FT-2024-85213;03/08/2024;2310.58;508.33;2818.91
FT-2024-85221;07/02/2024;2270.35;499.48;2769.83
FT-2024-85224;17/08/2024;6536.78;1438.09;7974.87
FT-2024-85240;18/12/2024;4568.50;1005.07;5573.57
FT-2024-85351;07/12/2024;1379.75;303.55;1683.30
FT-2024-85362;10/08/2024;16484.29;3626.54;20110.83
FT-2024-85380;25/07/2024;7168.33;1577.03;8745.36
FT-2024-85427;15/10/2024;11727.54;2580.06;14307.60
FT-2024-85549;18/07/2024;8853.31;1947.73;10801.04
FT-2024-85657;17/11/2024;2834.14;623.51;3457.65
FT-2024-85687;11/02/2024;9073.24;1996.11;11069.35
FT-2024-85701;15/08/2024;4940.76;1086.97;6027.73
FT-2024-85790;08/04/2024;10111.85;2224.61;12336.46
FT-2024-85886;31/08/2024;4006.63;881.46;4888.09
FT-2024-85902;23/03/2024;5784.03;1272.49;7056.52
FT-2024-85904;17/02/2024;5446.85;1198.31;6645.16
FT-2024-85998;26/06/2024;11994.93;2638.88;14633.81
FT-2024-86012;01/08/2024;3422.64;752.98;4175.62
FT-2024-86023;13/06/2024;9807.24;2157.59;11964.83
FT-2024-86075;07/07/2024;4043.28;889.52;4932.80
FT-2024-86084;07/06/2024;7293.32;1604.53;8897.85
FT-2024-86164;05/04/2024;13800.28;3036.06;16836.34
FT-2024-86212;01/10/2024;12564.70;2764.23;15328.93
FT-2024-86369;25/10/2024;3062.57;673.77;3736.34
FT-2024-86386;20/08/2024;10803.93;2376.86;13180.79
FT-2024-86414;29/07/2024;1024.65;225.42;1250.07
FT-2024-86418;04/10/2024;9394.96;2066.89;11461.85
FT-2024-86463;22/07/2024;4439.21;976.63;5415.84
FT-2024-86539;19/07/2024;8671.32;1907.69;10579.01
FT-2024-86556;24/05/2024;9801.17;2156.26;11957.43
FT-2024-86574;16/11/2024;3761.51;827.53;4589.04
FT-2024-86613;28/10/2024;1387.01;305.14;1692.15
FT-2024-86626;12/12/2024;10648.02;2342.56;12990.58
FT-2024-86672;05/02/2024;1056.60;232.45;1289.05
FT-2024-86680;25/01/2024;10353.13;2277.69;12630.82
FT-2024-86731;08/05/2024;6709.59;1476.11;8185.70
FT-2024-86751;22/06/2024;5674.60;1248.41;6923.01
FT-2024-86907;26/12/2024;4195.42;922.99;5118.41
FT-2024-86914;29/07/2024;1720.52;378.51;2099.03
FT-2024-87056;29/08/2024;9647.36;2122.42;11769.78
FT-2024-87064;11/08/2024;2232.18;491.08;2723.26
FT-2024-87134;10/09/2024;572.17;125.88;698.05
FT-2024-87174;11/02/2024;1836.63;404.06;2240.69
FT-2024-87198;05/07/2024;11588.92;2549.56;14138.48
FT-2024-87205;14/10/2024;9704.83;2135.06;11839.89
FT-2024-87208;12/11/2024;13715.38;3017.38;16732.76
FT-2024-87245;20/02/2024;2205.61;485.23;2690.84
FT-2024-87255;15/12/2024;353.63;77.80;431.43
FT-2024-87256;15/01/2024;7065.71;1554.46;8620.17
FT-2024-87299;28/07/2024;4809.96;1058.19;5868.15
FT-2024-87308;18/03/2024;5547.64;1220.48;6768.12
FT-2024-87321;21/05/2024;10827.07;2381.96;13209.03
FT-2024-87369;23/11/2024;6613.44;1454.96;8068.40
FT-2024-87393;27/12/2024;4197.92;923.54;5121.46
FT-2024-87480;22/10/2024;8281.46;1821.92;10103.38
FT-2024-87488;03/06/2024;3251.00;715.22;3966.22
FT-2024-87507;02/02/2024;3792.62;834.38;4627.00
FT-2024-87541;17/09/2024;4283.20;942.30;5225.50
FT-2024-87545;21/05/2024;3273.80;720.24;3994.04
FT-2024-87567;15/09/2024;4524.49;995.39;5519.88
FT-2024-87576;21/03/2024;10740.80;2362.98;13103.78
FT-2024-87590;27/11/2024;3089.54;679.70;3769.24
FT-2024-87629;05/02/2024;11447.13;2518.37;13965.50
FT-2024-87647;09/09/2024;13494.23;2968.73;16462.96
FT-2024-87658;22/10/2024;3826.23;841.77;4668.00
FT-2024-87765;03/03/2024;6687.45;1471.24;8158.69
FT-2024-87770;12/04/2024;3472.92;764.04;4236.96
FT-2024-87773;20/06/2024;7117.54;1565.86;8683.40
FT-2024-87855;23/04/2024;7998.20;1759.60;9757.80
FT-2024-87864;15/10/2024;3308.58;727.89;4036.47
FT-2024-87879;16/01/2024;9632.91;2119.24;11752.15
FT-2024-87888;22/02/2024;1788.32;393.43;2181.75
FT-2024-87908;05/11/2024;2564.48;564.19;3128.67
FT-2024-87914;03/05/2024;3222.73;709.00;3931.73
FT-2024-87942;04/08/2024;7559.97;1663.19;9223.16
FT-2024-88028;08/06/2024;6079.14;1337.41;7416.55
FT-2024-88029;09/10/2024;14703.49;3234.77;17938.26
FT-2024-88039;04/12/2024;754.20;165.92;920.12
FT-2024-88064;27/04/2024;10590.27;2329.86;12920.13
FT-2024-88069;22/12/2024;8595.83;1891.08;10486.91
FT-2024-88072;19/04/2024;15799.53;3475.90;19275.43
FT-2024-88083;22/05/2024;5578.10;1227.18;6805.28
FT-2024-88179;30/09/2024;12057.75;2652.70;14710.45
FT-2024-88251;18/03/2024;2490.70;547.95;3038.65
FT-2024-88284;05/02/2024;3650.16;803.04;4453.20
FT-2024-88319;14/04/2024;1621.74;356.78;1978.52
FT-2024-88332;26/05/2024;4067.19;894.78;4961.97
FT-2024-88342;25/04/2024;2201.31;484.29;2685.60
FT-2024-88418;14/07/2024;3271.02;719.62;3990.64
FT-2024-88479;06/08/2024;8996.49;1979.23;10975.72
FT-2024-88505;12/11/2024;5603.36;1232.74;6836.10
FT-2024-88582;14/01/2024;6912.33;1520.71;8433.04
FT-2024-88607;06/09/2024;13198.53;2903.68;16102.21
FT-2024-88647;30/06/2024;1983.87;436.45;2420.32
FT-2024-88651;15/10/2024;9381.34;2063.89;11445.23
FT-2024-88692;23/05/2024;2930.57;644.73;3575.30
FT-2024-88762;26/12/2024;11357.35;2498.62;13855.97
FT-2024-88801;09/01/2024;6057.45;1332.64;7390.09
FT-2024-88804;09/08/2024;8895.96;1957.11;10853.07
FT-2024-88810;04/06/2024;8013.57;1762.99;9776.56
FT-2024-88825;17/09/2024;11909.94;2620.19;14530.13
FT-2024-88847;20/04/2024;5274.11;1160.30;6434.41
FT-2024-88869;06/03/2024;2550.83;561.18;3112.01
FT-2024-88917;22/03/2024;9941.11;2187.04;12128.15
FT-2024-88926;03/09/2024;4985.22;1096.75;6081.97
FT-2024-88938;07/02/2024;2711.86;596.61;3308.47
FT-2024-89022;05/06/2024;4373.90;962.26;5336.16
FT-2024-89044;09/08/2024;8469.56;1863.30;10332.86
FT-2024-89049;11/11/2024;7332.98;1613.26;8946.24
FT-2024-89083;09/04/2024;5766.66;1268.67;7035.33
FT-2024-89154;18/08/2024;5746.84;1264.30;7011.14
FT-2024-89172;30/04/2024;4046.70;890.27;4936.97
FT-2024-89201;06/01/2025;2874.54;632.40;3506.94
FT-2024-89249;05/12/2024;4192.29;922.30;5114.59
FT-2024-89266;13/10/2024;3081.19;677.86;3759.05
FT-2024-89289;19/07/2024;4102.06;902.45;5004.51
FT-2024-89331;10/10/2024;14512.95;3192.85;17705.80
FT-2024-89341;16/11/2024;11203.92;2464.86;13668.78
FT-2024-89399;12/11/2024;3213.77;707.03;3920.80
FT-2024-89461;21/06/2024;4611.30;1014.49;5625.79
FT-2024-89537;24/04/2024;6920.27;1522.46;8442.73
FT-2024-89543;12/04/2024;2624.34;577.35;3201.69
FT-2024-89607;02/05/2024;1180.42;259.69;1440.11
FT-2024-89621;21/02/2024;16536.69;3638.07;20174.76
FT-2024-89633;09/03/2024;2873.67;632.21;3505.88
FT-2024-89634;04/05/2024;9402.74;2068.60;11471.34
FT-2024-89682;24/09/2024;12402.14;2728.47;15130.61
FT-2024-89707;30/06/2024;1795.46;395.00;2190.46
FT-2024-89824;12/07/2024;14123.57;3107.19;17230.76
FT-2024-89834;11/08/2024;3893.08;856.48;4749.56
FT-2024-89897;23/06/2024;5876.85;1292.91;7169.76
FT-2024-89945;26/10/2024;3073.83;676.24;3750.07
FT-2024-89977;18/12/2024;9635.08;2119.72;11754.80
FT-2024-89984;15/12/2024;8618.49;1896.07;10514.56
FT-2024-90030;10/01/2024;10731.83;2361.00;13092.83
FT-2024-90032;17/07/2024;9895.52;2177.01;12072.53
FT-2024-90053;27/11/2024;10537.91;2318.34;12856.25
FT-2024-90095;07/12/2024;1640.96;361.01;2001.97
FT-2024-90108;16/05/2024;7979.22;1755.43;9734.65
FT-2024-90120;25/11/2024;2956.83;650.50;3607.33
FT-2024-90216;10/06/2024;1862.87;409.83;2272.70
FT-2024-90277;27/10/2024;6119.09;1346.20;7465.29
FT-2024-90311;06/04/2024;4757.60;1046.67;5804.27
FT-2024-90358;03/11/2024;8373.59;1842.19;10215.78
FT-2024-90423;22/03/2024;5528.96;1216.37;6745.33
FT-2024-90478;15/01/2024;9308.23;2047.81;11356.04
FT-2024-90500;09/09/2024;8331.50;1832.93;10164.43
FT-2024-90515;27/07/2024;7472.55;1643.96;9116.51
FT-2024-90519;25/06/2024;1208.27;265.82;1474.09
FT-2024-90538;19/04/2024;4073.35;896.14;4969.49
FT-2024-90545;25/12/2024;4975.07;1094.52;6069.59
FT-2024-90546;21/08/2024;3292.53;724.36;4016.89
FT-2024-90589;09/01/2024;4075.78;896.67;4972.45
FT-2024-90641;13/09/2024;13228.73;2910.32;16139.05
FT-2024-90676;21/08/2024;2953.00;649.66;3602.66
FT-2024-90766;01/11/2024;430.64;94.74;525.38
FT-2024-90783;06/03/2024;9128.40;2008.25;11136.65
FT-2024-90817;13/05/2024;11048.91;2430.76;13479.67
FT-2024-90821;12/12/2024;3074.81;676.46;3751.27
FT-2024-90836;10/12/2024;3722.80;819.02;4541.82
FT-2024-90983;20/09/2024;7689.89;1691.78;9381.67
FT-2024-90984;31/01/2024;5259.98;1157.20;6417.18
FT-2024-91003;23/05/2024;11269.45;2479.28;13748.73
FT-2024-91101;17/10/2024;4529.97;996.59;5526.56
FT-2024-91120;27/08/2024;12186.13;2680.95;14867.08
FT-2024-91122;17/05/2024;2218.18;488.00;2706.18
FT-2024-91153;15/09/2024;1745.54;384.02;2129.56
FT-2024-91180;23/12/2024;4270.40;939.49;5209.89
FT-2024-91184;13/11/2024;8258.52;1816.87;10075.39
FT-2024-91330;21/03/2024;492.36;108.32;600.68
FT-2024-91331;05/12/2024;3456.42;760.41;4216.83
FT-2024-91406;28/04/2024;547.08;120.36;667.44
FT-2024-91413;10/12/2024;12335.74;2713.86;15049.60
FT-2024-91471;20/05/2024;13988.79;3077.53;17066.32
FT-2024-91528;09/11/2024;4610.15;1014.23;5624.38
FT-2024-91539;11/04/2024;1380.36;303.68;1684.04
FT-2024-91609;31/03/2024;6141.14;1351.05;7492.19
FT-2024-91647;07/05/2024;1044.22;229.73;1273.95
FT-2024-91702;06/01/2024;888.70;195.51;1084.21
FT-2024-91750;26/06/2024;1963.55;431.98;2395.53
FT-2024-91776;29/10/2024;3372.73;742.00;4114.73
FT-2024-91795;04/06/2024;4719.51;1038.29;5757.80
FT-2024-91811;20/12/2024;6858.46;1508.86;8367.32
FT-2024-91867;10/10/2024;5920.81;1302.58;7223.39
FT-2024-91897;09/06/2024;3749.67;824.93;4574.60
FT-2024-91936;11/09/2024;7852.16;1727.48;9579.64
FT-2024-91976;22/11/2024;5921.41;1302.71;7224.12
FT-2024-92021;26/06/2024;9698.56;2133.68;11832.24
FT-2024-92075;30/11/2024;12024.67;2645.43;14670.10
FT-2024-92124;25/03/2024;2393.42;526.55;2919.97
FT-2024-92192;10/03/2024;2893.93;636.66;3530.59
FT-2024-92200;09/07/2024;6093.12;1340.49;7433.61
FT-2024-92214;18/12/2024;6885.96;1514.91;8400.87
FT-2024-92279;25/05/2024;685.91;150.90;836.81
FT-2024-92290;03/01/2025;8056.55;1772.44;9828.99
FT-2024-92494;24/02/2024;2908.84;639.94;3548.78
FT-2024-92512;12/10/2024;3782.03;832.05;4614.08
FT-2024-92513;01/01/2025;3987.29;877.20;4864.49
FT-2024-92517;11/05/2024;3587.11;789.16;4376.27
FT-2024-92558;11/03/2024;10160.91;2235.40;12396.31
FT-2024-92583;14/11/2024;5537.80;1218.32;6756.12
FT-2024-92618;01/06/2024;2476.38;544.80;3021.18
FT-2024-92621;18/07/2024;3170.81;697.58;3868.39
FT-2024-92729;17/12/2024;5168.96;1137.17;6306.13
FT-2024-92760;24/01/2024;6974.66;1534.43;8509.09
FT-2024-92767;01/05/2024;1128.08;248.18;1376.26
FT-2024-92790;12/02/2024;4120.85;906.59;5027.44
FT-2024-92833;15/01/2024;14565.28;3204.36;17769.64
FT-2024-92859;26/07/2024;3142.52;691.35;3833.87
FT-2024-92875;18/06/2024;2306.02;507.32;2813.34
FT-2024-92894;17/01/2024;3680.54;809.72;4490.26
FT-2024-92914;08/07/2024;5626.67;1237.87;6864.54
FT-2024-92919;06/11/2024;4127.91;908.14;5036.05
FT-2024-92973;18/02/2024;3336.62;734.06;4070.68
FT-2024-92985;07/04/2024;7020.80;1544.58;8565.38
FT-2024-93108;29/08/2024;6071.93;1335.82;7407.75
FT-2024-93112;14/01/2024;3645.46;802.00;4447.46
FT-2024-93167;16/06/2024;9960.71;2191.36;12152.07
FT-2024-93208;30/06/2024;9435.73;2075.86;11511.59
FT-2024-93251;12/07/2024;1083.33;238.33;1321.66
FT-2024-93327;12/04/2024;3972.90;874.04;4846.94
FT-2024-93350;26/03/2024;14950.37;3289.08;18239.45
FT-2024-93367;12/03/2024;4076.79;896.89;4973.68
FT-2024-93541;28/02/2024;12266.87;2698.71;14965.58
FT-2024-93604;12/07/2024;6722.02;1478.84;8200.86
FT-2024-93608;18/06/2024;6887.56;1515.26;8402.82
FT-2024-93655;21/04/2024;1493.53;328.58;1822.11
FT-2024-93674;12/03/2024;8717.90;1917.94;10635.84
FT-2024-93721;08/05/2024;6181.72;1359.98;7541.70
FT-2024-93752;14/01/2024;4350.42;957.09;5307.51
FT-2024-93794;25/06/2024;2007.88;441.73;2449.61
FT-2024-93836;09/05/2024;2569.15;565.21;3134.36
FT-2024-93917;11/06/2024;3981.72;875.98;4857.70
FT-2024-93974;09/10/2024;1760.85;387.39;2148.24
FT-2024-94089;11/07/2024;3803.72;836.82;4640.54
FT-2024-94151;10/07/2024;1519.93;334.38;1854.31
FT-2024-94198;10/02/2024;2943.19;647.50;3590.69
FT-2024-94236;14/11/2024;4241.63;933.16;5174.79
FT-2024-94277;24/01/2024;7242.45;1593.34;8835.79
FT-2024-94379;16/12/2024;8261.13;1817.45;10078.58
FT-2024-94409;03/11/2024;7041.67;1549.17;8590.84
FT-2024-94423;10/06/2024;3886.57;855.05;4741.62
FT-2024-94447;12/03/2024;8394.85;1846.87;10241.72
FT-2024-94455;01/07/2024;4881.23;1073.87;5955.10
FT-2024-94481;06/07/2024;6539.71;1438.74;7978.45
FT-2024-94498;26/03/2024;5867.90;1290.94;7158.84
FT-2024-94567;30/04/2024;1067.30;234.81;1302.11
FT-2024-94656;04/02/2024;2525.55;555.62;3081.17
FT-2024-94667;31/03/2024;9109.46;2004.08;11113.54
FT-2024-94762;22/02/2024;3421.87;752.81;4174.68
FT-2024-94864;29/08/2024;5609.84;1234.16;6844.00
FT-2024-94916;01/01/2025;1408.27;309.82;1718.09
FT-2024-94953;14/02/2024;4898.12;1077.59;5975.71
FT-2024-94968;04/08/2024;7199.58;1583.91;8783.49
FT-2024-94979;06/04/2024;10549.79;2320.95;12870.74
FT-2024-95018;01/08/2024;15473.47;3404.16;18877.63
FT-2024-95123;25/11/2024;10982.65;2416.18;13398.83
FT-2024-95153;01/02/2024;1934.16;425.52;2359.68
FT-2024-95183;17/12/2024;15984.16;3516.52;19500.68
FT-2024-95235;15/08/2024;8187.06;1801.15;9988.21
FT-2024-95250;10/07/2024;4467.07;982.76;5449.83
FT-2024-95255;12/02/2024;6378.94;1403.37;7782.31
FT-2024-95279;12/09/2024;6327.50;1392.05;7719.55
FT-2024-95380;27/10/2024;11950.52;2629.11;14579.63
FT-2024-95392;04/06/2024;6072.82;1336.02;7408.84
FT-2024-95404;25/02/2024;2288.43;503.45;2791.88
FT-2024-95428;24/05/2024;7222.58;1588.97;8811.55
FT-2024-95450;27/02/2024;3202.15;704.47;3906.62
FT-2024-95482;21/11/2024;4258.75;936.92;5195.67
FT-2024-95618;30/12/2024;5001.11;1100.24;6101.35
FT-2024-95627;05/10/2024;2600.45;572.10;3172.55
FT-2024-95642;21/05/2024;3556.42;782.41;4338.83
FT-2024-95729;07/09/2024;3278.32;721.23;3999.55
FT-2024-95743;24/02/2024;5387.15;1185.17;6572.32
FT-2024-95827;20/01/2024;7004.13;1540.91;8545.04
FT-2024-95848;18/11/2024;10282.75;2262.20;12544.95
FT-2024-95963;06/01/2024;3960.85;871.39;4832.24
FT-2024-95964;15/09/2024;3626.08;797.74;4423.82
FT-2024-95987;18/08/2024;7969.61;1753.31;9722.92
FT-2024-96080;09/03/2024;11337.40;2494.23;13831.63
FT-2024-96085;04/10/2024;4639.72;1020.74;5660.46
FT-2024-96142;26/08/2024;3723.67;819.21;4542.88
FT-2024-96155;10/11/2024;4747.63;1044.48;5792.11
FT-2024-96190;11/11/2024;6053.73;1331.82;7385.55
FT-2024-96246;08/12/2024;14717.73;3237.90;17955.63
FT-2024-96256;30/01/2024;8958.24;1970.81;10929.05
FT-2024-96271;03/04/2024;5341.90;1175.22;6517.12
FT-2024-96284;09/02/2024;1183.77;260.43;1444.20
FT-2024-96394;16/02/2024;3144.70;691.83;3836.53
FT-2024-96409;22/07/2024;14605.88;3213.29;17819.17
FT-2024-96412;02/02/2024;5724.41;1259.37;6983.78
FT-2024-96423;21/12/2024;4020.55;884.52;4905.07
FT-2024-96462;12/12/2024;5587.75;1229.31;6817.06
FT-2024-96525;15/08/2024;5547.46;1220.44;6767.90
FT-2024-96531;07/05/2024;5381.43;1183.91;6565.34
FT-2024-96554;02/01/2025;4062.52;893.75;4956.27
FT-2024-96580;10/04/2024;2912.15;640.67;3552.82
FT-2024-96609;07/03/2024;1635.50;359.81;1995.31
FT-2024-96630;21/06/2024;7719.62;1698.32;9417.94
FT-2024-96652;27/11/2024;9245.43;2033.99;11279.42
FT-2024-96670;02/09/2024;8535.21;1877.75;10412.96
FT-2024-96708;26/02/2024;10520.97;2314.61;12835.58
FT-2024-96806;02/03/2024;2987.96;657.35;3645.31
FT-2024-96811;18/01/2024;3463.11;761.88;4224.99
FT-2024-96818;10/01/2024;3127.23;687.99;3815.22
FT-2024-96830;20/01/2024;1189.23;261.63;1450.86
FT-2024-96880;21/01/2024;1395.19;306.94;1702.13
FT-2024-96906;13/05/2024;9785.53;2152.82;11938.35
FT-2024-96952;22/07/2024;6408.99;1409.98;7818.97
FT-2024-96957;28/08/2024;1856.11;408.34;2264.45
FT-2024-96963;04/11/2024;4059.16;893.02;4952.18
FT-2024-96964;15/11/2024;11215.33;2467.37;13682.70
FT-2024-97003;13/04/2024;671.31;147.69;819.00
FT-2024-97009;28/07/2024;6383.64;1404.40;7788.04
FT-2024-97057;23/08/2024;13037.56;2868.26;15905.82
FT-2024-97063;14/07/2024;2821.01;620.62;3441.63
FT-2024-97069;26/01/2024;5459.29;1201.04;6660.33
FT-2024-97091;20/08/2024;1445.80;318.08;1763.88
FT-2024-97156;26/09/2024;11233.35;2471.34;13704.69
FT-2024-97237;29/09/2024;1593.08;350.48;1943.56
FT-2024-97335;06/04/2024;4670.34;1027.47;5697.81
FT-2024-97428;01/11/2024;6752.21;1485.49;8237.70
FT-2024-97459;03/09/2024;4178.58;919.29;5097.87
FT-2024-97493;17/01/2024;4113.43;904.95;5018.38
FT-2024-97518;16/08/2024;4450.23;979.05;5429.28
FT-2024-97543;28/08/2024;2671.74;587.78;3259.52
FT-2024-97617;08/01/2024;1705.40;375.19;2080.59
FT-2024-97646;09/10/2024;2327.28;512.00;2839.28
FT-2024-97697;07/12/2024;5272.67;1159.99;6432.66
FT-2024-97710;14/11/2024;3444.24;757.73;4201.97
FT-2024-97728;07/03/2024;3417.75;751.90;4169.65
FT-2024-97784;19/08/2024;3593.86;790.65;4384.51
FT-2024-97826;19/03/2024;2430.20;534.64;2964.84
FT-2024-97831;16/04/2024;3940.78;866.97;4807.75
FT-2024-97861;27/09/2024;6262.58;1377.77;7640.35
FT-2024-97908;10/08/2024;4839.94;1064.79;5904.73
FT-2024-97912;04/10/2024;11225.88;2469.69;13695.57
FT-2024-97920;26/03/2024;4695.20;1032.94;5728.14
FT-2024-98016;11/03/2024;13745.36;3023.98;16769.34
FT-2024-98042;31/07/2024;1201.27;264.28;1465.55
FT-2024-98086;23/11/2024;1131.42;248.91;1380.33
FT-2024-98113;22/04/2024;16109.18;3544.02;19653.20
FT-2024-98200;02/07/2024;3298.29;725.62;4023.91
FT-2024-98239;09/07/2024;10335.31;2273.77;12609.08
FT-2024-98247;25/05/2024;5814.65;1279.22;7093.87
FT-2024-98267;07/10/2024;3721.09;818.64;4539.73
FT-2024-98290;19/05/2024;13396.17;2947.16;16343.33
FT-2024-98295;05/01/2024;4425.18;973.54;5398.72
FT-2024-98333;27/06/2024;5710.90;1256.40;6967.30
FT-2024-98366;06/06/2024;12182.98;2680.26;14863.24
FT-2024-98430;02/09/2024;5014.62;1103.22;6117.84
FT-2024-98493;30/12/2024;6356.71;1398.48;7755.19
FT-2024-98531;14/10/2024;14051.23;3091.27;17142.50
FT-2024-98535;27/02/2024;2385.86;524.89;2910.75
FT-2024-98558;10/05/2024;8047.70;1770.49;9818.19
FT-2024-98594;20/01/2024;9147.74;2012.50;11160.24
FT-2024-98698;28/08/2024;3084.08;678.50;3762.58
FT-2024-98760;24/01/2024;1470.16;323.44;1793.60
FT-2024-98829;27/04/2024;6891.87;1516.21;8408.08
FT-2024-98833;19/04/2024;6277.57;1381.07;7658.64
FT-2024-98939;01/10/2024;6228.84;1370.34;7599.18
FT-2024-98960;10/03/2024;5498.00;1209.56;6707.56
FT-2024-98983;09/10/2024;10865.37;2390.38;13255.75
FT-2024-99021;01/09/2024;12624.33;2777.35;15401.68
FT-2024-99041;12/09/2024;9832.27;2163.10;11995.37
FT-2024-99070;06/03/2024;2625.42;577.59;3203.01
FT-2024-99076;28/07/2024;1657.21;364.59;2021.80
FT-2024-99123;24/04/2024;8875.21;1952.55;10827.76
FT-2024-99202;25/07/2024;766.82;168.70;935.52
FT-2024-99204;13/07/2024;1613.65;355.00;1968.65
FT-2024-99210;24/09/2024;1719.55;378.30;2097.85
FT-2024-99214;19/01/2024;4144.11;911.70;5055.81
FT-2024-99221;11/04/2024;13558.97;2982.97;16541.94
FT-2024-99236;16/08/2024;2489.30;547.65;3036.95
FT-2024-99242;14/08/2024;2516.37;553.60;3069.97
FT-2024-99318;05/03/2024;8438.20;1856.40;10294.60
FT-2024-99323;15/06/2024;8355.92;1838.30;10194.22
FT-2024-99339;22/08/2024;1108.82;243.94;1352.76
FT-2024-99367;29/09/2024;1528.11;336.18;1864.29
FT-2024-99379;09/06/2024;9157.55;2014.66;11172.21
FT-2024-99386;09/03/2024;1281.85;282.01;1563.86
FT-2024-99446;26/09/2024;13322.34;2930.91;16253.25
FT-2024-99516;05/08/2024;958.52;210.87;1169.39
FT-2024-99527;01/10/2024;4201.42;924.31;5125.73
FT-2024-99590;29/09/2024;10970.70;2413.55;13384.25
FT-2024-99628;28/05/2024;6556.79;1442.49;7999.28
FT-2024-99629;03/02/2024;10113.80;2225.04;12338.84
FT-2024-99651;23/03/2024;12843.84;2825.64;15669.48
FT-2024-99658;10/06/2024;10179.64;2239.52;12419.16
FT-2024-99677;03/08/2024;6818.09;1499.98;8318.07
FT-2024-99693;14/12/2024;11391.24;2506.07;13897.31
FT-2024-99799;11/12/2024;6503.15;1430.69;7933.84
FT-2024-99864;16/02/2024;13072.75;2876.01;15948.76
FT-2024-99884;30/03/2024;5297.63;1165.48;6463.11
FT-2024-99885;06/07/2024;2601.25;572.27;3173.52
FT-2025-00049;03/04/2025;10672.12;2347.87;13019.99
FT-2025-00057;13/10/2025;8856.79;1948.49;10805.28
FT-2025-00171;27/08/2025;420.93;92.60;513.53
FT-2025-00290;12/04/2025;2015.38;443.38;2458.76
FT-2025-00348;25/08/2025;8974.70;1974.43;10949.13
FT-2025-00361;16/09/2025;5789.03;1273.59;7062.62
FT-2025-00377;29/11/2025;9957.01;2190.54;12147.55
FT-2025-00448;13/05/2025;525.12;115.53;640.65
FT-2025-00475;12/02/2025;2597.76;571.51;3169.27
FT-2025-00483;10/08/2025;7118.70;1566.11;8684.81
FT-2025-00602;08/01/2025;3334.43;733.57;4068.00
FT-2025-00728;31/05/2025;6859.50;1509.09;8368.59
FT-2025-00839;21/11/2025;5638.18;1240.40;6878.58
FT-2025-00892;14/03/2025;758.16;166.80;924.96
FT-2025-00985;15/11/2025;515.43;113.39;628.82
FT-2025-01091;15/02/2025;388.13;85.39;473.52
FT-2025-01097;27/01/2025;3846.87;846.31;4693.18
FT-2025-01098;24/07/2025;6355.19;1398.14;7753.33
FT-2025-01156;09/12/2025;4905.12;1079.13;5984.25
FT-2025-01214;16/08/2025;8043.89;1769.66;9813.55
FT-2025-01319;06/07/2025;8371.23;1841.67;10212.90
FT-2025-01340;05/05/2025;2799.29;615.84;3415.13
FT-2025-01345;10/07/2025;1331.40;292.91;1624.31
FT-2025-01386;30/06/2025;3927.74;864.10;4791.84
FT-2025-01522;25/05/2025;6644.04;1461.69;8105.73
FT-2025-01534;10/07/2025;6055.48;1332.21;7387.69
FT-2025-01555;29/09/2025;554.91;122.08;676.99
FT-2025-01570;03/09/2025;1864.19;410.12;2274.31
FT-2025-01724;23/07/2025;7648.27;1682.62;9330.89
FT-2025-01851;15/01/2025;13764.56;3028.20;16792.76
FT-2025-01853;19/01/2025;11415.16;2511.34;13926.50
FT-2025-01854;10/03/2025;11954.76;2630.05;14584.81
FT-2025-01898;10/07/2025;5132.52;1129.15;6261.67
FT-2025-01933;16/02/2025;9048.91;1990.76;11039.67
FT-2025-02185;10/08/2025;2490.60;547.93;3038.53
FT-2025-02208;27/01/2025;5402.00;1188.44;6590.44
FT-2025-02240;21/06/2025;578.19;127.20;705.39
FT-2025-02302;09/03/2025;552.00;121.44;673.44
FT-2025-02317;18/01/2025;6189.75;1361.75;7551.50
FT-2025-02321;15/01/2025;1117.07;245.76;1362.83
FT-2025-02379;27/08/2025;2564.71;564.24;3128.95
FT-2025-02410;16/03/2025;3554.24;781.93;4336.17
FT-2025-02452;05/12/2025;4470.36;983.48;5453.84
FT-2025-02490;02/06/2025;1527.10;335.96;1863.06
FT-2025-02501;05/06/2025;4724.56;1039.40;5763.96
FT-2025-02586;09/11/2025;14427.20;3173.98;17601.18
FT-2025-02626;07/12/2025;3493.83;768.64;4262.47
FT-2025-02675;19/11/2025;9394.70;2066.83;11461.53
FT-2025-02740;12/01/2025;2640.70;580.95;3221.65
FT-2025-02744;23/05/2025;12852.56;2827.56;15680.12
FT-2025-02876;03/06/2025;9070.23;1995.45;11065.68
FT-2025-02898;18/11/2025;5539.43;1218.67;6758.10
FT-2025-03155;10/04/2025;903.68;198.81;1102.49
FT-2025-03214;09/08/2025;9975.26;2194.56;12169.82
FT-2025-03289;21/04/2025;3831.23;842.87;4674.10
FT-2025-03352;31/03/2025;6279.70;1381.53;7661.23
FT-2025-03372;18/05/2025;6002.04;1320.45;7322.49
FT-2025-03376;29/01/2025;4705.85;1035.29;5741.14
FT-2025-03388;30/12/2025;1476.22;324.77;1800.99
FT-2025-03443;07/05/2025;375.75;82.67;458.42
FT-2025-03449;23/02/2025;2839.72;624.74;3464.46
FT-2025-03524;22/05/2025;9084.27;1998.54;11082.81
FT-2025-03526;15/03/2025;5709.80;1256.16;6965.96
FT-2025-03561;04/03/2025;668.13;146.99;815.12
FT-2025-03580;10/02/2025;15195.10;3342.92;18538.02
FT-2025-03640;02/02/2025;3870.11;851.42;4721.53
FT-2025-03708;24/05/2025;5291.21;1164.07;6455.28
FT-2025-03855;18/11/2025;6682.71;1470.20;8152.91
FT-2025-03919;15/04/2025;4785.13;1052.73;5837.86
FT-2025-04270;29/01/2025;562.01;123.64;685.65
FT-2025-04277;16/09/2025;2869.86;631.37;3501.23
FT-2025-04384;09/03/2025;4087.34;899.21;4986.55
FT-2025-04422;04/06/2025;1619.45;356.28;1975.73
FT-2025-04441;06/04/2025;12658.28;2784.82;15443.10
FT-2025-04452;11/06/2025;3067.36;674.82;3742.18
FT-2025-04479;16/03/2025;2705.32;595.17;3300.49
FT-2025-04487;23/09/2025;7152.06;1573.45;8725.51
FT-2025-04499;02/04/2025;5254.26;1155.94;6410.20
FT-2025-04528;21/09/2025;2634.91;579.68;3214.59
FT-2025-04556;05/10/2025;7588.64;1669.50;9258.14
FT-2025-04767;21/07/2025;12958.52;2850.87;15809.39
FT-2025-04771;19/06/2025;1020.06;224.41;1244.47
FT-2025-04773;08/04/2025;3729.35;820.46;4549.81
FT-2025-04822;20/04/2025;1860.95;409.41;2270.36
FT-2025-04837;16/12/2025;2654.92;584.08;3239.00
FT-2025-04944;08/05/2025;10694.64;2352.82;13047.46
FT-2025-05016;29/05/2025;5856.16;1288.36;7144.52
FT-2025-05102;24/04/2025;6697.73;1473.50;8171.23
FT-2025-05106;28/08/2025;5420.43;1192.49;6612.92
FT-2025-05173;15/07/2025;602.36;132.52;734.88
FT-2025-05200;10/09/2025;3537.80;778.32;4316.12
FT-2025-05274;13/04/2025;14091.98;3100.24;17192.22
FT-2025-05380;14/01/2025;2244.04;493.69;2737.73
FT-2025-05405;20/07/2025;4936.24;1085.97;6022.21
FT-2025-05565;01/01/2026;4963.24;1091.91;6055.15
FT-2025-05648;08/11/2025;10696.09;2353.14;13049.23
FT-2025-05689;17/06/2025;4853.77;1067.83;5921.60
FT-2025-05726;01/03/2025;6941.24;1527.07;8468.31
FT-2025-05844;25/06/2025;10051.81;2211.40;12263.21
FT-2025-05859;01/04/2025;2227.00;489.94;2716.94
FT-2025-05930;26/06/2025;1632.37;359.12;1991.49
FT-2025-05960;17/09/2025;4418.41;972.05;5390.46
FT-2025-05963;16/03/2025;6057.94;1332.75;7390.69
FT-2025-06000;16/10/2025;10254.25;2255.93;12510.18
FT-2025-06020;18/03/2025;4662.22;1025.69;5687.91
FT-2025-06198;07/09/2025;3522.98;775.06;4298.04
FT-2025-06233;15/09/2025;1422.55;312.96;1735.51
FT-2025-06302;15/03/2025;4288.14;943.39;5231.53
FT-2025-06376;05/07/2025;6952.15;1529.47;8481.62
FT-2025-06526;14/01/2025;3706.82;815.50;4522.32
FT-2025-06570;29/09/2025;4011.81;882.60;4894.41
FT-2025-06650;08/03/2025;5638.17;1240.40;6878.57
FT-2025-06653;31/08/2025;3897.28;857.40;4754.68
FT-2025-06696;02/05/2025;2000.29;440.06;2440.35
FT-2025-06855;27/02/2025;11092.61;2440.37;13532.98
FT-2025-06929;01/12/2025;4260.30;937.27;5197.57
FT-2025-07017;24/05/2025;12204.00;2684.88;14888.88
FT-2025-07024;27/01/2025;1182.56;260.16;1442.72
FT-2025-07034;06/07/2025;6458.51;1420.87;7879.38
FT-2025-07040;23/01/2025;8372.57;1841.97;10214.54
FT-2025-07101;03/09/2025;7266.82;1598.70;8865.52
FT-2025-07103;18/10/2025;9364.28;2060.14;11424.42
FT-2025-07108;20/06/2025;5328.49;1172.27;6500.76
FT-2025-07172;06/07/2025;4553.49;1001.77;5555.26
FT-2025-07175;31/03/2025;3981.73;875.98;4857.71
FT-2025-07315;04/12/2025;5616.95;1235.73;6852.68
FT-2025-07321;03/07/2025;11327.48;2492.05;13819.53
FT-2025-07335;27/08/2025;1468.37;323.04;1791.41
FT-2025-07367;30/09/2025;4094.68;900.83;4995.51
FT-2025-07384;11/06/2025;9075.01;1996.50;11071.51
FT-2025-07403;09/05/2025;5924.53;1303.40;7227.93
FT-2025-07463;26/05/2025;1242.72;273.40;1516.12
FT-2025-07534;27/09/2025;12953.38;2849.74;15803.12
FT-2025-07587;24/12/2025;3447.53;758.46;4205.99
FT-2025-07679;01/10/2025;6502.63;1430.58;7933.21
FT-2025-07771;21/01/2025;5501.87;1210.41;6712.28
FT-2025-07886;19/08/2025;3391.47;746.12;4137.59
FT-2025-07921;10/02/2025;8908.76;1959.93;10868.69
FT-2025-07962;22/09/2025;4961.92;1091.62;6053.54
FT-2025-08255;05/07/2025;1389.98;305.80;1695.78
FT-2025-08364;20/04/2025;2877.18;632.98;3510.16
FT-2025-08486;13/03/2025;1885.33;414.77;2300.10
FT-2025-08573;04/09/2025;5037.93;1108.34;6146.27
FT-2025-08586;10/05/2025;8837.64;1944.28;10781.92
FT-2025-08639;12/01/2025;8109.71;1784.14;9893.85
FT-2025-08645;18/04/2025;5318.65;1170.10;6488.75
FT-2025-08699;20/07/2025;7567.02;1664.74;9231.76
FT-2025-08714;26/06/2025;3949.46;868.88;4818.34
FT-2025-08752;22/09/2025;3031.78;666.99;3698.77
FT-2025-08758;16/03/2025;686.68;151.07;837.75
FT-2025-08818;05/04/2025;3582.22;788.09;4370.31
FT-2025-08868;24/12/2025;4986.86;1097.11;6083.97
FT-2025-08887;06/03/2025;8972.20;1973.88;10946.08
FT-2025-08934;16/05/2025;5404.18;1188.92;6593.10
FT-2025-08947;18/04/2025;3584.38;788.56;4372.94
FT-2025-09007;26/01/2025;949.70;208.93;1158.63
FT-2025-09079;11/08/2025;1100.76;242.17;1342.93
FT-2025-09089;28/10/2025;1699.13;373.81;2072.94
FT-2025-09172;08/03/2025;9538.67;2098.51;11637.18
FT-2025-09312;04/01/2026;2255.80;496.28;2752.08
FT-2025-09353;10/02/2025;6135.84;1349.88;7485.72
FT-2025-09389;08/10/2025;463.56;101.98;565.54
FT-2025-09394;08/10/2025;6129.05;1348.39;7477.44
FT-2025-09398;27/12/2025;4715.42;1037.39;5752.81
FT-2025-09484;27/05/2025;4175.41;918.59;5094.00
FT-2025-09567;20/05/2025;7367.40;1620.83;8988.23
FT-2025-09633;26/06/2025;1387.61;305.27;1692.88
FT-2025-09659;13/09/2025;4771.57;1049.75;5821.32
FT-2025-09705;03/08/2025;9816.70;2159.67;11976.37
FT-2025-09919;15/04/2025;6914.65;1521.22;8435.87
FT-2025-09938;18/05/2025;5637.66;1240.29;6877.95
FT-2025-10027;28/02/2025;4505.24;991.15;5496.39
FT-2025-10067;04/12/2025;7154.82;1574.06;8728.88
FT-2025-10099;02/05/2025;2251.85;495.41;2747.26
FT-2025-10119;21/02/2025;3145.91;692.10;3838.01
FT-2025-10124;23/11/2025;1688.87;371.55;2060.42
FT-2025-10343;25/08/2025;5250.60;1155.13;6405.73
FT-2025-10371;16/01/2025;1459.76;321.15;1780.91
FT-2025-10491;10/07/2025;10837.90;2384.34;13222.24
FT-2025-10563;07/10/2025;2379.38;523.46;2902.84
FT-2025-10646;25/05/2025;4072.62;895.98;4968.60
FT-2025-10738;10/10/2025;6794.95;1494.89;8289.84
FT-2025-10740;28/09/2025;5957.80;1310.72;7268.52
FT-2025-10956;10/10/2025;724.35;159.36;883.71
FT-2025-10989;27/10/2025;5720.64;1258.54;6979.18
FT-2025-11047;29/10/2025;2322.88;511.03;2833.91
FT-2025-11056;27/05/2025;8116.28;1785.58;9901.86
FT-2025-11332;21/02/2025;3287.24;723.19;4010.43
FT-2025-11413;25/01/2025;10792.03;2374.25;13166.28
FT-2025-11456;13/12/2025;4214.48;927.19;5141.67
FT-2025-11481;16/07/2025;9882.74;2174.20;12056.94
FT-2025-11529;11/03/2025;1855.89;408.30;2264.19
FT-2025-11547;21/07/2025;1634.17;359.52;1993.69
FT-2025-11569;01/04/2025;5036.74;1108.08;6144.82
FT-2025-11616;11/01/2025;2804.67;617.03;3421.70
FT-2025-11807;09/09/2025;1728.53;380.28;2108.81
FT-2025-11851;05/05/2025;954.66;210.03;1164.69
FT-2025-11950;13/01/2025;2763.03;607.87;3370.90
FT-2025-11963;16/10/2025;2128.96;468.37;2597.33
FT-2025-11977;04/02/2025;5666.06;1246.53;6912.59
FT-2025-12239;29/03/2025;9726.51;2139.83;11866.34
FT-2025-12251;08/09/2025;6114.27;1345.14;7459.41
FT-2025-12296;13/05/2025;5387.56;1185.26;6572.82
FT-2025-12400;31/05/2025;5544.78;1219.85;6764.63
FT-2025-12414;22/07/2025;7673.42;1688.15;9361.57
FT-2025-12542;13/09/2025;8638.21;1900.41;10538.62
FT-2025-12547;29/06/2025;4825.22;1061.55;5886.77
FT-2025-12578;13/08/2025;4179.94;919.59;5099.53
FT-2025-12609;31/08/2025;8178.11;1799.18;9977.29
FT-2025-12627;09/11/2025;2420.96;532.61;2953.57
FT-2025-12647;17/11/2025;4985.88;1096.89;6082.77
FT-2025-12661;26/09/2025;1578.29;347.22;1925.51
FT-2025-12709;21/11/2025;837.44;184.24;1021.68
FT-2025-12718;06/02/2025;1467.01;322.74;1789.75
FT-2025-12723;12/06/2025;4059.90;893.18;4953.08
FT-2025-12728;17/09/2025;1853.49;407.77;2261.26
FT-2025-12734;27/07/2025;5439.55;1196.70;6636.25
FT-2025-12748;05/12/2025;4847.71;1066.50;5914.21
FT-2025-12756;18/07/2025;6550.31;1441.07;7991.38
FT-2025-12780;24/05/2025;1898.29;417.62;2315.91
FT-2025-12846;09/06/2025;9367.81;2060.92;11428.73
FT-2025-12913;25/01/2025;5481.79;1205.99;6687.78
FT-2025-12971;05/11/2025;3949.48;868.89;4818.37
FT-2025-13028;18/12/2025;6145.00;1351.90;7496.90
FT-2025-13078;16/12/2025;10078.27;2217.22;12295.49
FT-2025-13102;10/10/2025;794.88;174.87;969.75
FT-2025-13162;26/07/2025;8916.38;1961.60;10877.98
FT-2025-13248;20/12/2025;3572.73;786.00;4358.73
FT-2025-13425;01/05/2025;7685.83;1690.88;9376.71
FT-2025-13472;27/02/2025;4665.07;1026.32;5691.39
FT-2025-13482;24/05/2025;14169.57;3117.31;17286.88
FT-2025-13522;28/04/2025;8339.75;1834.75;10174.50
FT-2025-13536;21/09/2025;5088.21;1119.41;6207.62
FT-2025-13663;24/05/2025;1870.16;411.44;2281.60
FT-2025-13685;29/06/2025;3500.99;770.22;4271.21
FT-2025-13717;17/06/2025;10251.24;2255.27;12506.51
FT-2025-13730;05/05/2025;8679.15;1909.41;10588.56
FT-2025-13746;22/05/2025;596.77;131.29;728.06
FT-2025-13794;10/03/2025;3794.19;834.72;4628.91
FT-2025-13856;23/03/2025;9327.07;2051.96;11379.03
FT-2025-13898;15/11/2025;10634.48;2339.59;12974.07
FT-2025-14000;26/09/2025;4307.41;947.63;5255.04
FT-2025-14056;31/03/2025;5805.74;1277.26;7083.00
FT-2025-14073;31/03/2025;9557.52;2102.65;11660.17
FT-2025-14104;13/07/2025;11285.42;2482.79;13768.21
FT-2025-14107;18/07/2025;5296.65;1165.26;6461.91
FT-2025-14217;03/03/2025;10072.05;2215.85;12287.90
FT-2025-14304;19/06/2025;6805.72;1497.26;8302.98
FT-2025-14308;21/02/2025;4573.46;1006.16;5579.62
FT-2025-14491;14/02/2025;2840.49;624.91;3465.40
FT-2025-14606;03/11/2025;8770.07;1929.42;10699.49
FT-2025-14659;25/04/2025;10313.94;2269.07;12583.01
FT-2025-14668;23/12/2025;1117.91;245.94;1363.85
FT-2025-14683;26/04/2025;5406.02;1189.32;6595.34
FT-2025-14795;14/08/2025;7336.32;1613.99;8950.31
FT-2025-14802;23/08/2025;5852.92;1287.64;7140.56
FT-2025-14806;11/02/2025;2427.32;534.01;2961.33
FT-2025-14897;19/07/2025;7868.01;1730.96;9598.97
FT-2025-14930;06/09/2025;5314.12;1169.11;6483.23
FT-2025-14951;13/04/2025;2390.80;525.98;2916.78
FT-2025-14994;06/09/2025;1264.71;278.24;1542.95
FT-2025-15025;04/02/2025;3578.92;787.36;4366.28
FT-2025-15035;05/05/2025;5239.97;1152.79;6392.76
FT-2025-15042;28/12/2025;2200.78;484.17;2684.95
FT-2025-15054;18/07/2025;3682.33;810.11;4492.44
FT-2025-15122;13/02/2025;4904.20;1078.92;5983.12
FT-2025-15161;31/03/2025;1163.65;256.00;1419.65
FT-2025-15173;05/03/2025;10857.54;2388.66;13246.20
FT-2025-15222;21/05/2025;4916.77;1081.69;5998.46
FT-2025-15224;07/06/2025;14357.38;3158.62;17516.00
FT-2025-15247;24/05/2025;2644.87;581.87;3226.74
FT-2025-15256;24/06/2025;4896.32;1077.19;5973.51
FT-2025-15413;07/08/2025;4824.46;1061.38;5885.84
FT-2025-15438;04/09/2025;4640.50;1020.91;5661.41
FT-2025-15456;18/06/2025;2050.91;451.20;2502.11
FT-2025-15497;30/01/2025;9373.73;2062.22;11435.95
FT-2025-15513;05/05/2025;2520.87;554.59;3075.46
FT-2025-15556;17/07/2025;6027.63;1326.08;7353.71
FT-2025-15583;10/01/2025;4573.25;1006.12;5579.37
FT-2025-15586;16/01/2025;4335.07;953.72;5288.79
FT-2025-15666;04/06/2025;5276.73;1160.88;6437.61
FT-2025-15681;28/12/2025;3326.04;731.73;4057.77
FT-2025-15689;05/11/2025;3815.91;839.50;4655.41
FT-2025-15780;14/05/2025;1980.49;435.71;2416.20
FT-2025-15794;26/10/2025;3826.73;841.88;4668.61
FT-2025-15824;13/03/2025;2843.73;625.62;3469.35
FT-2025-15847;13/08/2025;1031.14;226.85;1257.99
FT-2025-15934;11/07/2025;5022.65;1104.98;6127.63
FT-2025-16062;17/04/2025;5153.74;1133.82;6287.56
FT-2025-16146;09/11/2025;7976.88;1754.91;9731.79
FT-2025-16213;14/02/2025;2206.62;485.46;2692.08
FT-2025-16251;27/08/2025;876.22;192.77;1068.99
FT-2025-16346;20/06/2025;8034.68;1767.63;9802.31
FT-2025-16353;07/05/2025;4723.70;1039.21;5762.91
FT-2025-16490;13/06/2025;5726.44;1259.82;6986.26
FT-2025-16504;31/01/2025;917.75;201.91;1119.66
FT-2025-16820;22/06/2025;273.03;60.07;333.10
FT-2025-16834;01/05/2025;9517.74;2093.90;11611.64
FT-2025-16842;25/02/2025;1431.48;314.93;1746.41
FT-2025-16866;19/02/2025;3911.32;860.49;4771.81
FT-2025-16881;01/03/2025;6377.29;1403.00;7780.29
FT-2025-16996;01/01/2026;4290.48;943.91;5234.39
FT-2025-16999;13/04/2025;13447.01;2958.34;16405.35
FT-2025-17050;24/08/2025;5201.23;1144.27;6345.50
FT-2025-17110;10/11/2025;8246.76;1814.29;10061.05
FT-2025-17117;22/11/2025;1593.97;350.67;1944.64
FT-2025-17280;14/07/2025;1410.73;310.36;1721.09
FT-2025-17589;20/08/2025;1172.93;258.04;1430.97
FT-2025-17803;19/01/2025;16501.70;3630.37;20132.07
FT-2025-17823;17/02/2025;15320.48;3370.51;18690.99
FT-2025-17828;06/01/2025;1957.29;430.60;2387.89
FT-2025-17840;05/06/2025;8258.91;1816.96;10075.87
FT-2025-17902;30/05/2025;1049.76;230.95;1280.71
FT-2025-18000;12/01/2025;7213.19;1586.90;8800.09
FT-2025-18141;11/06/2025;8478.15;1865.19;10343.34
FT-2025-18312;15/01/2025;3793.16;834.50;4627.66
FT-2025-18602;14/05/2025;11010.65;2422.34;13432.99
FT-2025-18675;31/07/2025;4658.27;1024.82;5683.09
FT-2025-18692;30/07/2025;2925.65;643.64;3569.29
FT-2025-18698;18/01/2025;12193.80;2682.64;14876.44
FT-2025-18722;07/04/2025;10001.42;2200.31;12201.73
FT-2025-18815;18/09/2025;3610.22;794.25;4404.47
FT-2025-18847;29/05/2025;9039.18;1988.62;11027.80
FT-2025-18874;22/01/2025;8379.43;1843.47;10222.90
FT-2025-19005;17/04/2025;4833.54;1063.38;5896.92
FT-2025-19046;09/01/2025;1527.80;336.12;1863.92
FT-2025-19052;13/06/2025;7574.24;1666.33;9240.57
FT-2025-19061;12/10/2025;6661.15;1465.45;8126.60
FT-2025-19182;11/04/2025;4459.14;981.01;5440.15
FT-2025-19233;05/09/2025;11868.10;2610.98;14479.08
FT-2025-19271;08/10/2025;4074.13;896.31;4970.44
FT-2025-19299;02/05/2025;7400.96;1628.21;9029.17
FT-2025-19392;21/09/2025;4944.44;1087.78;6032.22
FT-2025-19413;17/06/2025;2590.41;569.89;3160.30
FT-2025-19586;30/12/2025;5247.23;1154.39;6401.62
FT-2025-19595;10/05/2025;4717.22;1037.79;5755.01
FT-2025-19599;23/01/2025;4681.04;1029.83;5710.87
FT-2025-19794;02/07/2025;1535.39;337.79;1873.18
FT-2025-19852;10/04/2025;4991.35;1098.10;6089.45
FT-2025-19873;10/09/2025;269.13;59.21;328.34
FT-2025-19887;19/01/2025;5292.33;1164.31;6456.64
FT-2025-19892;01/02/2025;8982.26;1976.10;10958.36
FT-2025-19951;14/02/2025;3654.57;804.01;4458.58
FT-2025-20133;20/02/2025;4403.63;968.80;5372.43
FT-2025-20138;27/06/2025;2907.91;639.74;3547.65
FT-2025-20273;14/12/2025;5082.32;1118.11;6200.43
FT-2025-20305;23/01/2025;4974.61;1094.41;6069.02
FT-2025-20459;09/04/2025;2581.58;567.95;3149.53
FT-2025-20471;19/05/2025;1361.02;299.42;1660.44
FT-2025-20476;15/10/2025;6672.44;1467.94;8140.38
FT-2025-20574;20/02/2025;4728.21;1040.21;5768.42
FT-2025-20880;22/06/2025;1519.76;334.35;1854.11
FT-2025-20921;08/04/2025;1552.53;341.56;1894.09
FT-2025-21047;17/07/2025;13089.05;2879.59;15968.64
FT-2025-21063;08/03/2025;11732.06;2581.05;14313.11
FT-2025-21071;30/07/2025;8237.63;1812.28;10049.91
FT-2025-21177;26/03/2025;7941.52;1747.13;9688.65
FT-2025-21312;17/03/2025;4212.61;926.77;5139.38
FT-2025-21499;26/10/2025;1874.19;412.32;2286.51
FT-2025-21564;07/02/2025;4646.63;1022.26;5668.89
FT-2025-21607;31/01/2025;7556.56;1662.44;9219.00
FT-2025-21689;03/09/2025;5180.70;1139.75;6320.45
FT-2025-21693;30/01/2025;4634.69;1019.63;5654.32
FT-2025-21756;12/02/2025;11501.89;2530.42;14032.31
FT-2025-21823;06/06/2025;6646.11;1462.14;8108.25
FT-2025-21861;21/04/2025;9070.77;1995.57;11066.34
FT-2025-21880;28/02/2025;12985.25;2856.76;15842.01
FT-2025-21935;15/01/2025;886.66;195.07;1081.73
FT-2025-21975;13/01/2025;2644.82;581.86;3226.68
FT-2025-21977;20/08/2025;6311.90;1388.62;7700.52
FT-2025-21982;16/06/2025;7214.93;1587.28;8802.21
FT-2025-22062;20/02/2025;9240.71;2032.96;11273.67
FT-2025-22142;18/11/2025;9982.31;2196.11;12178.42
FT-2025-22380;04/10/2025;1476.38;324.80;1801.18
FT-2025-22442;22/10/2025;3705.78;815.27;4521.05
FT-2025-22529;09/07/2025;10139.06;2230.59;12369.65
FT-2025-22575;24/04/2025;6292.98;1384.46;7677.44
FT-2025-22758;09/03/2025;5930.97;1304.81;7235.78
FT-2025-22816;27/11/2025;2109.65;464.12;2573.77
FT-2025-23092;31/03/2025;10059.10;2213.00;12272.10
FT-2025-23093;12/04/2025;6391.82;1406.20;7798.02
FT-2025-23183;30/11/2025;5934.33;1305.55;7239.88
FT-2025-23291;31/08/2025;2125.79;467.67;2593.46
FT-2025-23406;07/09/2025;3004.86;661.07;3665.93
FT-2025-23410;08/08/2025;4696.01;1033.12;5729.13
FT-2025-23463;16/01/2025;10073.71;2216.22;12289.93
FT-2025-23471;18/04/2025;8622.50;1896.95;10519.45
FT-2025-23496;03/10/2025;2017.52;443.85;2461.37
FT-2025-23516;05/06/2025;12742.73;2803.40;15546.13
FT-2025-23532;28/06/2025;4215.55;927.42;5142.97
FT-2025-23617;09/06/2025;6722.84;1479.02;8201.86
FT-2025-23632;20/01/2025;4256.56;936.44;5193.00
FT-2025-23654;12/04/2025;5825.88;1281.69;7107.57
FT-2025-23755;12/09/2025;9729.29;2140.44;11869.73
FT-2025-23869;19/08/2025;6618.55;1456.08;8074.63
FT-2025-23886;13/10/2025;5394.02;1186.68;6580.70
FT-2025-24125;31/05/2025;8198.04;1803.57;10001.61
FT-2025-24218;25/04/2025;6582.21;1448.09;8030.30
FT-2025-24309;27/09/2025;1664.21;366.13;2030.34
FT-2025-24334;20/05/2025;5317.76;1169.91;6487.67
FT-2025-24349;05/01/2025;2746.77;604.29;3351.06
FT-2025-24359;13/10/2025;6495.24;1428.95;7924.19
FT-2025-24364;03/12/2025;9759.26;2147.04;11906.30
FT-2025-24448;16/11/2025;2157.14;474.57;2631.71
FT-2025-24470;04/01/2026;11020.91;2424.60;13445.51
FT-2025-24487;09/10/2025;12954.24;2849.93;15804.17
FT-2025-24498;22/03/2025;14502.96;3190.65;17693.61
FT-2025-24509;28/07/2025;10331.91;2273.02;12604.93
FT-2025-24520;25/08/2025;4719.96;1038.39;5758.35
FT-2025-24640;04/09/2025;1876.87;412.91;2289.78
FT-2025-24645;02/01/2026;3028.18;666.20;3694.38
FT-2025-24687;22/01/2025;2522.71;555.00;3077.71
FT-2025-24717;26/09/2025;7294.45;1604.78;8899.23
FT-2025-24727;12/02/2025;6485.40;1426.79;7912.19
FT-2025-24762;20/01/2025;2699.03;593.79;3292.82
FT-2025-25115;03/08/2025;4234.87;931.67;5166.54
FT-2025-25124;25/12/2025;4810.22;1058.25;5868.47
FT-2025-25145;24/12/2025;6694.83;1472.86;8167.69
FT-2025-25182;22/04/2025;8996.32;1979.19;10975.51
FT-2025-25193;28/05/2025;11822.77;2601.01;14423.78
FT-2025-25249;06/09/2025;3219.95;708.39;3928.34
FT-2025-25267;23/04/2025;1682.57;370.17;2052.74
FT-2025-25304;05/06/2025;5895.16;1296.94;7192.10
FT-2025-25353;09/10/2025;10390.45;2285.90;12676.35
FT-2025-25366;08/05/2025;3811.11;838.44;4649.55
FT-2025-25439;23/08/2025;4220.25;928.46;5148.71
FT-2025-25446;07/02/2025;1262.35;277.72;1540.07
FT-2025-25457;25/11/2025;9303.72;2046.82;11350.54
FT-2025-25470;26/05/2025;7558.41;1662.85;9221.26
FT-2025-25495;06/08/2025;11055.18;2432.14;13487.32
FT-2025-25615;07/05/2025;5672.72;1248.00;6920.72
FT-2025-25623;10/05/2025;5345.95;1176.11;6522.06
FT-2025-25656;28/02/2025;2035.02;447.70;2482.72
FT-2025-25794;26/10/2025;7790.36;1713.88;9504.24
FT-2025-25859;03/07/2025;5599.37;1231.86;6831.23
FT-2025-25894;15/04/2025;3302.86;726.63;4029.49
FT-2025-25963;20/01/2025;9233.94;2031.47;11265.41
FT-2025-25990;11/12/2025;7237.34;1592.21;8829.55
FT-2025-26191;13/07/2025;13158.04;2894.77;16052.81
FT-2025-26202;06/07/2025;924.41;203.37;1127.78
FT-2025-26387;14/01/2025;1387.14;305.17;1692.31
FT-2025-26419;25/01/2025;2641.66;581.17;3222.83
FT-2025-26574;15/11/2025;4884.85;1074.67;5959.52
FT-2025-26642;19/05/2025;1520.38;334.48;1854.86
FT-2025-26759;20/01/2025;6453.51;1419.77;7873.28
FT-2025-26789;22/01/2025;5810.78;1278.37;7089.15
FT-2025-26818;14/12/2025;1599.20;351.82;1951.02
FT-2025-26966;06/06/2025;5176.24;1138.77;6315.01
FT-2025-26991;09/02/2025;5298.91;1165.76;6464.67
FT-2025-27010;13/07/2025;5801.23;1276.27;7077.50
FT-2025-27062;03/07/2025;2325.03;511.51;2836.54
FT-2025-27117;03/03/2025;1157.16;254.58;1411.74
FT-2025-27179;10/10/2025;11054.77;2432.05;13486.82
FT-2025-27349;15/10/2025;6309.60;1388.11;7697.71
FT-2025-27443;23/03/2025;7523.45;1655.16;9178.61
FT-2025-27492;12/06/2025;5459.80;1201.16;6660.96
FT-2025-27537;04/02/2025;8854.95;1948.09;10803.04
FT-2025-27538;15/06/2025;3791.38;834.10;4625.48
FT-2025-27552;09/11/2025;9634.07;2119.50;11753.57
FT-2025-27593;15/10/2025;1449.77;318.95;1768.72
FT-2025-27666;22/07/2025;5539.44;1218.68;6758.12
FT-2025-27733;21/12/2025;6441.55;1417.14;7858.69
FT-2025-27794;19/09/2025;4725.36;1039.58;5764.94
FT-2025-27804;02/04/2025;1399.62;307.92;1707.54
FT-2025-27899;24/04/2025;3374.33;742.35;4116.68
FT-2025-27991;04/07/2025;1430.07;314.62;1744.69
FT-2025-28056;09/04/2025;5532.83;1217.22;6750.05
FT-2025-28117;29/12/2025;2725.18;599.54;3324.72
FT-2025-28124;01/03/2025;5081.85;1118.01;6199.86
FT-2025-28272;03/03/2025;4171.38;917.70;5089.08
FT-2025-28324;01/09/2025;5559.07;1223.00;6782.07
FT-2025-28415;24/02/2025;2124.21;467.33;2591.54
FT-2025-28419;05/06/2025;10225.51;2249.61;12475.12
FT-2025-28618;31/10/2025;1517.50;333.85;1851.35
FT-2025-28673;09/12/2025;2467.38;542.82;3010.20
FT-2025-28749;12/09/2025;398.53;87.68;486.21
FT-2025-28813;14/09/2025;9752.06;2145.45;11897.51
FT-2025-28851;11/04/2025;1699.46;373.88;2073.34
FT-2025-28856;10/06/2025;10617.05;2335.75;12952.80
FT-2025-28877;04/02/2025;2574.89;566.48;3141.37
FT-2025-29044;26/03/2025;2492.56;548.36;3040.92
FT-2025-29178;29/08/2025;3918.82;862.14;4780.96
FT-2025-29356;10/07/2025;4412.73;970.80;5383.53
FT-2025-29533;15/10/2025;734.31;161.55;895.86
FT-2025-29551;22/02/2025;5817.87;1279.93;7097.80
FT-2025-29585;10/04/2025;2681.10;589.84;3270.94
FT-2025-29746;12/08/2025;2093.25;460.51;2553.76
FT-2025-29818;18/12/2025;6446.57;1418.25;7864.82
FT-2025-29935;07/09/2025;15043.49;3309.57;18353.06
FT-2025-29944;11/09/2025;6628.20;1458.20;8086.40
FT-2025-30117;21/03/2025;1653.03;363.67;2016.70
FT-2025-30217;30/06/2025;4450.10;979.02;5429.12
FT-2025-30304;10/11/2025;7906.72;1739.48;9646.20
FT-2025-30331;14/05/2025;10851.49;2387.33;13238.82
FT-2025-30387;15/02/2025;2943.02;647.46;3590.48
FT-2025-30449;12/06/2025;3815.91;839.50;4655.41
FT-2025-30457;07/10/2025;4642.91;1021.44;5664.35
FT-2025-30461;14/04/2025;12584.59;2768.61;15353.20
FT-2025-30632;13/07/2025;487.67;107.29;594.96
FT-2025-30688;09/01/2025;7135.85;1569.89;8705.74
FT-2025-30817;06/07/2025;12578.30;2767.23;15345.53
FT-2025-30818;20/01/2025;4581.06;1007.83;5588.89
FT-2025-30838;09/06/2025;9424.43;2073.37;11497.80
FT-2025-30839;13/05/2025;5723.47;1259.16;6982.63
FT-2025-30911;18/06/2025;9868.98;2171.18;12040.16
FT-2025-30959;07/08/2025;8191.64;1802.16;9993.80
FT-2025-30983;24/08/2025;3164.80;696.26;3861.06
FT-2025-31093;14/03/2025;4047.99;890.56;4938.55
FT-2025-31140;25/01/2025;2265.29;498.36;2763.65
FT-2025-31162;20/12/2025;6694.45;1472.78;8167.23
FT-2025-31168;05/04/2025;2027.74;446.10;2473.84
FT-2025-31201;24/02/2025;4189.89;921.78;5111.67
FT-2025-31215;12/05/2025;2023.27;445.12;2468.39
FT-2025-31239;03/03/2025;2349.05;516.79;2865.84
FT-2025-31325;04/07/2025;4418.42;972.05;5390.47
FT-2025-31334;10/12/2025;5882.70;1294.19;7176.89
FT-2025-31420;11/11/2025;3731.54;820.94;4552.48
FT-2025-31534;04/03/2025;10210.67;2246.35;12457.02
FT-2025-31570;25/05/2025;12163.48;2675.97;14839.45
FT-2025-31603;17/01/2025;5055.91;1112.30;6168.21
FT-2025-31783;03/04/2025;1243.21;273.51;1516.72
FT-2025-31786;19/05/2025;8343.68;1835.61;10179.29
FT-2025-31828;17/12/2025;9191.16;2022.06;11213.22
FT-2025-31931;23/01/2025;11232.80;2471.22;13704.02
FT-2025-32070;09/03/2025;4907.65;1079.68;5987.33
FT-2025-32127;28/04/2025;9950.96;2189.21;12140.17
FT-2025-32159;08/07/2025;6707.62;1475.68;8183.30
FT-2025-32166;10/10/2025;3967.78;872.91;4840.69
FT-2025-32241;24/05/2025;8186.49;1801.03;9987.52
FT-2025-32255;25/04/2025;6713.96;1477.07;8191.03
FT-2025-32264;16/07/2025;4297.10;945.36;5242.46
FT-2025-32460;17/05/2025;4975.46;1094.60;6070.06
FT-2025-32535;06/08/2025;986.67;217.07;1203.74
FT-2025-32541;13/09/2025;3832.02;843.04;4675.06
FT-2025-32562;30/09/2025;2233.53;491.38;2724.91
FT-2025-32682;02/05/2025;5156.97;1134.53;6291.50
FT-2025-32686;07/04/2025;14647.87;3222.53;17870.40
FT-2025-32737;06/05/2025;11200.79;2464.17;13664.96
FT-2025-32806;26/03/2025;2636.10;579.94;3216.04
FT-2025-32853;12/12/2025;2164.93;476.28;2641.21
FT-2025-32854;04/10/2025;821.33;180.69;1002.02
FT-2025-33078;22/10/2025;3347.19;736.38;4083.57
FT-2025-33093;21/03/2025;13232.36;2911.12;16143.48
FT-2025-33426;28/09/2025;7576.77;1666.89;9243.66
FT-2025-33630;15/09/2025;1754.22;385.93;2140.15
FT-2025-33755;03/02/2025;12463.31;2741.93;15205.24
FT-2025-33850;20/02/2025;15100.63;3322.14;18422.77
FT-2025-33877;24/02/2025;3922.08;862.86;4784.94
FT-2025-33940;28/04/2025;761.08;167.44;928.52
FT-2025-33981;03/07/2025;2567.15;564.77;3131.92
FT-2025-34040;13/11/2025;3167.12;696.77;3863.89
FT-2025-34078;14/10/2025;7239.74;1592.74;8832.48
FT-2025-34247;28/01/2025;8249.43;1814.87;10064.30
FT-2025-34563;19/05/2025;6885.82;1514.88;8400.70
FT-2025-34688;12/05/2025;2102.47;462.54;2565.01
FT-2025-34756;21/02/2025;5891.20;1296.06;7187.26
FT-2025-35054;21/10/2025;13552.03;2981.45;16533.48
FT-2025-35174;31/08/2025;8646.42;1902.21;10548.63
FT-2025-35198;07/07/2025;5933.10;1305.28;7238.38
FT-2025-35216;09/04/2025;7024.29;1545.34;8569.63
FT-2025-35237;13/02/2025;4384.29;964.54;5348.83
FT-2025-35410;22/05/2025;924.60;203.41;1128.01
FT-2025-35520;09/07/2025;8217.36;1807.82;10025.18
FT-2025-35573;27/03/2025;6958.91;1530.96;8489.87
FT-2025-35612;11/07/2025;3961.41;871.51;4832.92
FT-2025-35613;06/07/2025;2921.32;642.69;3564.01
FT-2025-35768;11/08/2025;8843.92;1945.66;10789.58
FT-2025-36043;05/08/2025;1566.44;344.62;1911.06
FT-2025-36080;15/10/2025;408.71;89.92;498.63
FT-2025-36272;06/03/2025;12215.82;2687.48;14903.30
FT-2025-36343;22/04/2025;4781.49;1051.93;5833.42
FT-2025-36368;03/08/2025;11898.28;2617.62;14515.90
FT-2025-36385;13/10/2025;11557.94;2542.75;14100.69
FT-2025-36775;30/01/2025;12312.95;2708.85;15021.80
FT-2025-36805;10/05/2025;9340.24;2054.85;11395.09
FT-2025-36815;18/11/2025;8493.91;1868.66;10362.57
FT-2025-36847;06/02/2025;2245.36;493.98;2739.34
FT-2025-36870;29/08/2025;2584.33;568.55;3152.88
FT-2025-36883;25/03/2025;2515.23;553.35;3068.58
FT-2025-36952;27/11/2025;6487.12;1427.17;7914.29
FT-2025-36957;04/05/2025;6100.70;1342.15;7442.85
FT-2025-37126;02/03/2025;1691.65;372.16;2063.81
FT-2025-37141;14/05/2025;2204.39;484.97;2689.36
FT-2025-37203;27/08/2025;10970.66;2413.55;13384.21
FT-2025-37369;02/03/2025;4740.82;1042.98;5783.80
FT-2025-37572;18/04/2025;9492.29;2088.30;11580.59
FT-2025-37614;18/08/2025;6988.02;1537.36;8525.38
FT-2025-37671;05/08/2025;1730.24;380.65;2110.89
FT-2025-37687;21/02/2025;5933.72;1305.42;7239.14
FT-2025-37771;10/08/2025;7300.76;1606.17;8906.93
FT-2025-37797;17/10/2025;3512.20;772.68;4284.88
FT-2025-37835;10/11/2025;8939.27;1966.64;10905.91
FT-2025-37882;05/06/2025;11991.08;2638.04;14629.12
FT-2025-37919;05/04/2025;2084.33;458.55;2542.88
FT-2025-37982;15/09/2025;6042.93;1329.44;7372.37
FT-2025-38032;07/10/2025;7632.44;1679.14;9311.58
FT-2025-38094;04/04/2025;7356.69;1618.47;8975.16
FT-2025-38097;05/08/2025;8421.48;1852.73;10274.21
FT-2025-38099;17/11/2025;4897.57;1077.47;5975.04
FT-2025-38147;05/04/2025;2822.15;620.87;3443.02
FT-2025-38402;22/02/2025;12684.53;2790.60;15475.13
FT-2025-38409;13/05/2025;1369.03;301.19;1670.22
FT-2025-38427;13/03/2025;10971.01;2413.62;13384.63
FT-2025-38521;04/05/2025;11434.24;2515.53;13949.77
FT-2025-38547;24/10/2025;3329.91;732.58;4062.49
FT-2025-38568;11/01/2025;9528.95;2096.37;11625.32
FT-2025-38629;11/03/2025;2241.33;493.09;2734.42
FT-2025-38730;06/03/2025;5395.72;1187.06;6582.78
FT-2025-38879;24/05/2025;6676.71;1468.88;8145.59
FT-2025-38944;10/12/2025;3699.31;813.85;4513.16
FT-2025-39135;18/05/2025;9081.14;1997.85;11078.99
FT-2025-39149;10/09/2025;10230.44;2250.70;12481.14
FT-2025-39211;11/05/2025;3541.92;779.22;4321.14
FT-2025-39350;05/06/2025;1732.51;381.15;2113.66
FT-2025-39363;19/02/2025;12510.45;2752.30;15262.75
FT-2025-39364;08/10/2025;350.97;77.21;428.18
FT-2025-39516;07/02/2025;9422.84;2073.02;11495.86
FT-2025-39542;10/11/2025;4135.93;909.90;5045.83
FT-2025-39560;17/04/2025;7450.54;1639.12;9089.66
FT-2025-39578;17/06/2025;8004.64;1761.02;9765.66
FT-2025-39656;24/03/2025;1809.19;398.02;2207.21
FT-2025-39681;07/05/2025;5837.37;1284.22;7121.59
FT-2025-39735;03/04/2025;3515.43;773.39;4288.82
FT-2025-39920;19/11/2025;4248.09;934.58;5182.67
FT-2025-40049;17/01/2025;2493.15;548.49;3041.64
FT-2025-40145;04/03/2025;15183.78;3340.43;18524.21
FT-2025-40213;28/04/2025;4539.79;998.75;5538.54
FT-2025-40288;21/05/2025;9088.66;1999.51;11088.17
FT-2025-40363;31/03/2025;9386.05;2064.93;11450.98
FT-2025-40395;08/06/2025;4811.03;1058.43;5869.46
FT-2025-40482;19/11/2025;4794.36;1054.76;5849.12
FT-2025-40527;15/05/2025;15916.62;3501.66;19418.28
FT-2025-40622;02/03/2025;946.96;208.33;1155.29
FT-2025-40628;13/03/2025;1126.62;247.86;1374.48
FT-2025-40825;21/03/2025;2177.77;479.11;2656.88
FT-2025-40843;23/12/2025;3844.66;845.83;4690.49
FT-2025-40844;02/05/2025;3453.36;759.74;4213.10
FT-2025-40857;01/08/2025;2464.76;542.25;3007.01
FT-2025-40886;17/08/2025;1297.34;285.41;1582.75
FT-2025-40887;04/07/2025;4301.60;946.35;5247.95
FT-2025-40945;19/06/2025;4829.40;1062.47;5891.87
FT-2025-40954;16/10/2025;978.33;215.23;1193.56
FT-2025-40958;09/05/2025;4500.31;990.07;5490.38
FT-2025-40970;14/09/2025;2339.73;514.74;2854.47
FT-2025-41030;27/08/2025;9231.06;2030.83;11261.89
FT-2025-41032;06/12/2025;470.08;103.42;573.50
FT-2025-41189;19/04/2025;6935.64;1525.84;8461.48
FT-2025-41211;19/03/2025;12844.73;2825.84;15670.57
FT-2025-41236;29/04/2025;15714.61;3457.21;19171.82
FT-2025-41315;13/02/2025;11394.30;2506.75;13901.05
FT-2025-41349;19/11/2025;10072.98;2216.06;12289.04
FT-2025-41350;12/05/2025;5498.49;1209.67;6708.16
FT-2025-41378;13/06/2025;14677.92;3229.14;17907.06
FT-2025-41383;25/05/2025;4937.03;1086.15;6023.18
FT-2025-41402;12/01/2025;14385.34;3164.77;17550.11
FT-2025-41453;03/02/2025;9359.03;2058.99;11418.02
FT-2025-41494;11/02/2025;3412.84;750.82;4163.66
FT-2025-41517;01/08/2025;4621.21;1016.67;5637.88
FT-2025-41558;02/05/2025;8678.26;1909.22;10587.48
FT-2025-41613;30/07/2025;2585.40;568.79;3154.19
FT-2025-41859;25/08/2025;11200.20;2464.04;13664.24
FT-2025-41880;26/07/2025;1132.87;249.23;1382.10
FT-2025-41996;05/09/2025;5141.73;1131.18;6272.91
FT-2025-42030;06/10/2025;6121.71;1346.78;7468.49
FT-2025-42245;13/02/2025;985.82;216.88;1202.70
FT-2025-42271;16/01/2025;3474.64;764.42;4239.06
FT-2025-42329;12/06/2025;6685.66;1470.85;8156.51
FT-2025-42341;01/04/2025;3398.15;747.59;4145.74
FT-2025-42354;03/03/2025;6742.17;1483.28;8225.45
FT-2025-42380;10/01/2025;6228.82;1370.34;7599.16
FT-2025-42381;27/07/2025;2290.83;503.98;2794.81
FT-2025-42385;03/07/2025;472.90;104.04;576.94
FT-2025-42418;19/12/2025;2633.79;579.43;3213.22
FT-2025-42500;02/06/2025;4666.79;1026.69;5693.48
FT-2025-42557;24/07/2025;9028.48;1986.27;11014.75
FT-2025-42561;24/06/2025;5966.06;1312.53;7278.59
FT-2025-42562;16/12/2025;8280.29;1821.66;10101.95
FT-2025-42707;27/10/2025;9146.10;2012.14;11158.24
FT-2025-42759;26/05/2025;3754.64;826.02;4580.66
FT-2025-42818;22/12/2025;4732.48;1041.15;5773.63
FT-2025-42939;30/10/2025;7026.37;1545.80;8572.17
FT-2025-42961;09/01/2025;2395.87;527.09;2922.96
FT-2025-43017;25/01/2025;4485.29;986.76;5472.05
FT-2025-43023;03/01/2026;13855.55;3048.22;16903.77
FT-2025-43054;24/03/2025;15878.57;3493.29;19371.86
FT-2025-43055;02/11/2025;2458.56;540.88;2999.44
FT-2025-43098;14/06/2025;8997.47;1979.44;10976.91
FT-2025-43104;22/04/2025;936.46;206.02;1142.48
FT-2025-43131;04/06/2025;9931.22;2184.87;12116.09
FT-2025-43185;03/09/2025;505.99;111.32;617.31
FT-2025-43351;14/05/2025;1270.00;279.40;1549.40
FT-2025-43429;04/10/2025;8682.53;1910.16;10592.69
FT-2025-43493;27/02/2025;8283.38;1822.34;10105.72
FT-2025-43507;31/01/2025;3952.08;869.46;4821.54
FT-2025-43635;04/10/2025;7999.12;1759.81;9758.93
FT-2025-43706;15/04/2025;1225.14;269.53;1494.67
FT-2025-43856;20/08/2025;10171.60;2237.75;12409.35
FT-2025-43895;29/06/2025;3467.72;762.90;4230.62
FT-2025-43933;24/04/2025;6507.91;1431.74;7939.65
FT-2025-43994;29/09/2025;7499.14;1649.81;9148.95
FT-2025-44033;26/10/2025;8638.59;1900.49;10539.08
FT-2025-44111;26/02/2025;7328.91;1612.36;8941.27
FT-2025-44113;28/11/2025;5085.58;1118.83;6204.41
FT-2025-44295;20/03/2025;5773.06;1270.07;7043.13
FT-2025-44306;16/08/2025;8118.91;1786.16;9905.07
FT-2025-44312;15/10/2025;6275.71;1380.66;7656.37
FT-2025-44360;11/06/2025;7320.13;1610.43;8930.56
FT-2025-44465;01/11/2025;14469.95;3183.39;17653.34
FT-2025-44471;18/12/2025;3833.64;843.40;4677.04
FT-2025-44534;04/01/2026;12091.46;2660.12;14751.58
FT-2025-44557;17/05/2025;3361.11;739.44;4100.55
FT-2025-44577;11/12/2025;4394.29;966.74;5361.03
FT-2025-44623;09/02/2025;9158.31;2014.83;11173.14
FT-2025-44811;24/04/2025;7588.26;1669.42;9257.68
FT-2025-44873;15/04/2025;4062.85;893.83;4956.68
FT-2025-44954;30/03/2025;5965.52;1312.41;7277.93
FT-2025-45004;19/11/2025;231.64;50.96;282.60
FT-2025-45017;17/09/2025;1930.94;424.81;2355.75
FT-2025-45231;06/03/2025;2498.40;549.65;3048.05
FT-2025-45236;10/12/2025;1130.87;248.79;1379.66
FT-2025-45318;14/09/2025;13286.77;2923.09;16209.86
FT-2025-45330;29/11/2025;2098.52;461.67;2560.19
FT-2025-45392;26/04/2025;5420.91;1192.60;6613.51
FT-2025-45432;07/09/2025;3250.51;715.11;3965.62
FT-2025-45442;18/02/2025;2000.10;440.02;2440.12
FT-2025-45454;12/01/2025;8074.34;1776.35;9850.69
FT-2025-45456;23/08/2025;2564.51;564.19;3128.70
FT-2025-45487;10/01/2025;1302.94;286.65;1589.59
FT-2025-45500;09/09/2025;8170.37;1797.48;9967.85
FT-2025-45547;23/10/2025;7934.35;1745.56;9679.91
FT-2025-45606;01/02/2025;2149.87;472.97;2622.84
FT-2025-45614;04/04/2025;409.48;90.09;499.57
FT-2025-45617;26/05/2025;4339.29;954.64;5293.93
FT-2025-45676;03/09/2025;7664.06;1686.09;9350.15
FT-2025-45758;16/05/2025;4916.89;1081.72;5998.61
FT-2025-46085;03/05/2025;5758.38;1266.84;7025.22
FT-2025-46135;11/04/2025;7992.23;1758.29;9750.52
FT-2025-46182;06/01/2025;10506.69;2311.47;12818.16
FT-2025-46200;09/03/2025;1853.17;407.70;2260.87
FT-2025-46241;13/11/2025;2250.52;495.11;2745.63
FT-2025-46259;01/07/2025;3431.66;754.97;4186.63
FT-2025-46379;04/01/2026;3812.41;838.73;4651.14
FT-2025-46493;25/02/2025;10106.35;2223.40;12329.75
FT-2025-46500;20/12/2025;11394.69;2506.83;13901.52
FT-2025-46522;15/04/2025;9433.89;2075.46;11509.35
FT-2025-46683;04/02/2025;2783.53;612.38;3395.91
FT-2025-46870;01/08/2025;7509.93;1652.18;9162.11
FT-2025-46874;14/10/2025;1756.14;386.35;2142.49
FT-2025-46876;08/01/2026;7764.16;1708.12;9472.28
FT-2025-46886;06/02/2025;5217.29;1147.80;6365.09
FT-2025-46906;06/04/2025;6378.50;1403.27;7781.77
FT-2025-46915;13/02/2025;4537.80;998.32;5536.12
FT-2025-47014;13/02/2025;2947.03;648.35;3595.38
FT-2025-47050;24/09/2025;4529.11;996.40;5525.51
FT-2025-47066;09/10/2025;331.08;72.84;403.92
FT-2025-47144;21/02/2025;1706.99;375.54;2082.53
FT-2025-47207;29/06/2025;1531.87;337.01;1868.88
FT-2025-47267;27/04/2025;10667.62;2346.88;13014.50
FT-2025-47272;19/01/2025;3181.69;699.97;3881.66
FT-2025-47329;02/11/2025;13906.50;3059.43;16965.93
FT-2025-47347;16/03/2025;1186.19;260.96;1447.15
FT-2025-47506;07/05/2025;7997.49;1759.45;9756.94
FT-2025-47556;20/08/2025;5911.57;1300.55;7212.12
FT-2025-47592;30/04/2025;6111.33;1344.49;7455.82
FT-2025-47608;08/11/2025;748.51;164.67;913.18
FT-2025-47615;20/09/2025;6709.62;1476.12;8185.74
FT-2025-47653;11/09/2025;4109.10;904.00;5013.10
FT-2025-47656;10/02/2025;13182.61;2900.17;16082.78
FT-2025-47795;15/05/2025;2412.94;530.85;2943.79
FT-2025-47856;08/04/2025;2132.78;469.21;2601.99
FT-2025-47875;08/03/2025;1115.14;245.33;1360.47
FT-2025-47883;03/05/2025;7416.94;1631.73;9048.67
FT-2025-47916;07/07/2025;4636.16;1019.96;5656.12
FT-2025-47921;20/09/2025;1171.39;257.71;1429.10
FT-2025-47954;10/04/2025;4980.03;1095.61;6075.64
FT-2025-48027;25/05/2025;1216.36;267.60;1483.96
FT-2025-48068;27/06/2025;1554.58;342.01;1896.59
FT-2025-48147;21/02/2025;5552.88;1221.63;6774.51
FT-2025-48180;14/02/2025;3883.07;854.28;4737.35
FT-2025-48212;22/07/2025;10291.50;2264.13;12555.63
FT-2025-48266;05/02/2025;8091.15;1780.05;9871.20
FT-2025-48282;01/04/2025;2359.61;519.11;2878.72
FT-2025-48363;04/02/2025;2417.74;531.90;2949.64
FT-2025-48436;18/02/2025;8536.45;1878.02;10414.47
FT-2025-48478;10/07/2025;4997.15;1099.37;6096.52
FT-2025-48530;19/06/2025;5891.04;1296.03;7187.07
FT-2025-48533;16/08/2025;7523.38;1655.14;9178.52
FT-2025-48534;11/03/2025;5078.79;1117.33;6196.12
FT-2025-48688;03/02/2025;375.50;82.61;458.11
FT-2025-48794;30/01/2025;1935.53;425.82;2361.35
FT-2025-48854;31/08/2025;4054.48;891.99;4946.47
FT-2025-48878;26/02/2025;1694.78;372.85;2067.63
FT-2025-48895;04/02/2025;9486.07;2086.94;11573.01
FT-2025-48908;01/07/2025;9097.47;2001.44;11098.91
FT-2025-48989;05/03/2025;9000.86;1980.19;10981.05
FT-2025-49019;24/03/2025;6260.66;1377.35;7638.01
FT-2025-49122;02/01/2026;5125.72;1127.66;6253.38
FT-2025-49243;14/01/2025;8707.19;1915.58;10622.77
FT-2025-49285;23/02/2025;1919.36;422.26;2341.62
FT-2025-49440;10/09/2025;3702.93;814.64;4517.57
FT-2025-49579;26/09/2025;635.58;139.83;775.41
FT-2025-49684;25/01/2025;2145.28;471.96;2617.24
FT-2025-49790;13/02/2025;6621.69;1456.77;8078.46
FT-2025-49805;28/05/2025;1612.19;354.68;1966.87
FT-2025-49867;27/04/2025;5816.20;1279.56;7095.76
FT-2025-49947;20/09/2025;14497.39;3189.43;17686.82
FT-2025-50067;08/04/2025;7901.82;1738.40;9640.22
FT-2025-50082;22/11/2025;3424.08;753.30;4177.38
FT-2025-50145;21/01/2025;3676.66;808.87;4485.53
FT-2025-50183;06/05/2025;4170.95;917.61;5088.56
FT-2025-50229;09/04/2025;1095.91;241.10;1337.01
FT-2025-50315;14/02/2025;3944.93;867.88;4812.81
FT-2025-50320;04/11/2025;937.64;206.28;1143.92
FT-2025-50391;14/07/2025;2524.70;555.43;3080.13
FT-2025-50435;17/09/2025;4198.73;923.72;5122.45
FT-2025-50483;14/05/2025;10689.90;2351.78;13041.68
FT-2025-50506;31/05/2025;4541.26;999.08;5540.34
FT-2025-50544;21/02/2025;13953.76;3069.83;17023.59
FT-2025-50965;06/06/2025;1534.60;337.61;1872.21
FT-2025-51080;23/04/2025;7232.13;1591.07;8823.20
FT-2025-51110;12/03/2025;10091.74;2220.18;12311.92
FT-2025-51192;30/09/2025;609.26;134.04;743.30
FT-2025-51265;15/10/2025;14242.41;3133.33;17375.74
FT-2025-51274;28/08/2025;4396.80;967.30;5364.10
FT-2025-51298;25/05/2025;1320.22;290.45;1610.67
FT-2025-51308;29/08/2025;7206.42;1585.41;8791.83
FT-2025-51447;03/04/2025;6488.19;1427.40;7915.59
FT-2025-51558;15/12/2025;3638.81;800.54;4439.35
FT-2025-51684;10/04/2025;6710.35;1476.28;8186.63
FT-2025-51709;13/01/2025;2699.92;593.98;3293.90
FT-2025-51741;05/06/2025;8753.19;1925.70;10678.89
FT-2025-51775;25/07/2025;10546.66;2320.27;12866.93
FT-2025-51890;12/11/2025;4220.11;928.42;5148.53
FT-2025-51906;07/07/2025;5855.77;1288.27;7144.04
FT-2025-51914;09/06/2025;3607.05;793.55;4400.60
FT-2025-51989;03/04/2025;711.98;156.64;868.62
FT-2025-52094;25/03/2025;6449.84;1418.96;7868.80
FT-2025-52192;23/03/2025;13139.43;2890.67;16030.10
FT-2025-52374;04/10/2025;4110.28;904.26;5014.54
FT-2025-52582;09/06/2025;1021.74;224.78;1246.52
FT-2025-52599;06/09/2025;6831.29;1502.88;8334.17
FT-2025-52627;01/04/2025;9213.78;2027.03;11240.81
FT-2025-52628;19/12/2025;1812.96;398.85;2211.81
FT-2025-52653;19/06/2025;8517.21;1873.79;10391.00
FT-2025-52774;03/06/2025;7306.47;1607.42;8913.89
FT-2025-52830;15/02/2025;8342.19;1835.28;10177.47
FT-2025-52840;29/07/2025;3067.35;674.82;3742.17
FT-2025-52872;28/09/2025;3029.09;666.40;3695.49
FT-2025-52921;04/07/2025;2610.25;574.25;3184.50
FT-2025-52990;10/06/2025;1226.72;269.88;1496.60
FT-2025-53149;17/02/2025;2427.24;533.99;2961.23
FT-2025-53262;16/03/2025;6754.83;1486.06;8240.89
FT-2025-53289;06/05/2025;10165.46;2236.40;12401.86
FT-2025-53295;17/03/2025;11349.41;2496.87;13846.28
FT-2025-53386;15/12/2025;1171.49;257.73;1429.22
FT-2025-53446;05/05/2025;6979.09;1535.40;8514.49
FT-2025-53513;06/02/2025;3073.98;676.28;3750.26
FT-2025-53579;01/08/2025;9603.65;2112.80;11716.45
FT-2025-53630;30/04/2025;2507.54;551.66;3059.20
FT-2025-53634;23/06/2025;492.12;108.27;600.39
FT-2025-53666;02/04/2025;4211.84;926.60;5138.44
FT-2025-53676;20/04/2025;1371.42;301.71;1673.13
FT-2025-53749;27/05/2025;7015.13;1543.33;8558.46
FT-2025-53888;11/01/2025;5402.02;1188.44;6590.46
FT-2025-54014;15/05/2025;4808.53;1057.88;5866.41
FT-2025-54060;25/10/2025;7306.58;1607.45;8914.03
FT-2025-54253;02/02/2025;9987.44;2197.24;12184.68
FT-2025-54285;28/04/2025;6936.26;1525.98;8462.24
FT-2025-54306;21/05/2025;9685.55;2130.82;11816.37
FT-2025-54416;14/03/2025;9178.02;2019.16;11197.18
FT-2025-54482;19/04/2025;4538.29;998.42;5536.71
FT-2025-54525;04/11/2025;4936.18;1085.96;6022.14
FT-2025-54919;10/02/2025;10915.02;2401.30;13316.32
FT-2025-54955;28/09/2025;893.24;196.51;1089.75
FT-2025-55027;16/02/2025;12925.80;2843.68;15769.48
FT-2025-55055;05/02/2025;5268.83;1159.14;6427.97
FT-2025-55144;23/11/2025;3440.21;756.85;4197.06
FT-2025-55146;25/10/2025;3617.40;795.83;4413.23
FT-2025-55205;02/04/2025;6544.28;1439.74;7984.02
FT-2025-55251;21/01/2025;13145.55;2892.02;16037.57
FT-2025-55530;31/08/2025;8235.97;1811.91;10047.88
FT-2025-55554;10/08/2025;1300.25;286.06;1586.31
FT-2025-55558;12/09/2025;5184.58;1140.61;6325.19
FT-2025-55559;01/01/2026;1561.53;343.54;1905.07
FT-2025-55692;08/09/2025;5062.03;1113.65;6175.68
FT-2025-55696;09/07/2025;16002.34;3520.51;19522.85
FT-2025-55943;10/09/2025;8001.30;1760.29;9761.59
FT-2025-56000;03/03/2025;7781.65;1711.96;9493.61
FT-2025-56030;28/12/2025;1331.20;292.86;1624.06
FT-2025-56078;01/04/2025;7902.06;1738.45;9640.51
FT-2025-56214;07/02/2025;14082.48;3098.15;17180.63
FT-2025-56237;13/01/2025;2026.00;445.72;2471.72
FT-2025-56510;25/08/2025;4795.78;1055.07;5850.85
FT-2025-56526;03/10/2025;1811.00;398.42;2209.42
FT-2025-56622;27/05/2025;6008.20;1321.80;7330.00
FT-2025-56640;10/01/2025;14289.77;3143.75;17433.52
FT-2025-56641;20/01/2025;4951.33;1089.29;6040.62
FT-2025-56662;12/01/2025;8149.07;1792.80;9941.87
FT-2025-56692;26/05/2025;4154.39;913.97;5068.36
FT-2025-56707;28/10/2025;7547.17;1660.38;9207.55
FT-2025-56745;29/11/2025;11713.23;2576.91;14290.14
FT-2025-56771;10/10/2025;7094.64;1560.82;8655.46
FT-2025-56798;24/03/2025;1543.48;339.57;1883.05
FT-2025-56872;05/02/2025;6124.24;1347.33;7471.57
FT-2025-56915;11/10/2025;3438.24;756.41;4194.65
FT-2025-56950;23/03/2025;7773.79;1710.23;9484.02
FT-2025-57099;27/03/2025;481.13;105.85;586.98
FT-2025-57183;25/08/2025;3593.64;790.60;4384.24
FT-2025-57198;29/07/2025;4174.23;918.33;5092.56
FT-2025-57346;28/10/2025;1243.52;273.57;1517.09
FT-2025-57351;06/06/2025;3285.10;722.72;4007.82
FT-2025-57403;05/04/2025;4086.54;899.04;4985.58
FT-2025-57419;29/10/2025;9835.97;2163.91;11999.88
FT-2025-57498;04/08/2025;3051.26;671.28;3722.54
FT-2025-57535;02/07/2025;5197.13;1143.37;6340.50
FT-2025-57771;10/01/2025;3125.62;687.64;3813.26
FT-2025-57891;04/05/2025;1872.73;412.00;2284.73
FT-2025-57901;12/01/2025;1453.04;319.67;1772.71
FT-2025-57988;23/01/2025;10776.43;2370.81;13147.24
FT-2025-58038;19/06/2025;9412.25;2070.70;11482.95
FT-2025-58123;24/10/2025;2938.98;646.58;3585.56
FT-2025-58255;04/02/2025;3037.17;668.18;3705.35
FT-2025-58403;20/01/2025;4617.46;1015.84;5633.30
FT-2025-58418;05/12/2025;11648.49;2562.67;14211.16
FT-2025-58480;18/06/2025;4760.33;1047.27;5807.60
FT-2025-58504;18/08/2025;8767.66;1928.89;10696.55
FT-2025-58527;12/07/2025;1038.44;228.46;1266.90
FT-2025-58762;12/03/2025;1326.02;291.72;1617.74
FT-2025-58810;14/06/2025;11744.78;2583.85;14328.63
FT-2025-58832;13/09/2025;11827.66;2602.09;14429.75
FT-2025-58892;30/05/2025;5958.75;1310.92;7269.67
FT-2025-58903;07/09/2025;6704.86;1475.07;8179.93
FT-2025-58960;07/05/2025;5084.79;1118.65;6203.44
FT-2025-58993;28/08/2025;5754.04;1265.89;7019.93
FT-2025-59088;07/10/2025;10630.52;2338.71;12969.23
FT-2025-59089;16/02/2025;7378.85;1623.35;9002.20
FT-2025-59093;01/05/2025;8304.08;1826.90;10130.98
FT-2025-59131;29/01/2025;5109.00;1123.98;6232.98
FT-2025-59159;28/10/2025;3697.38;813.42;4510.80
FT-2025-59192;18/02/2025;1161.16;255.46;1416.62
FT-2025-59313;15/10/2025;2913.36;640.94;3554.30
FT-2025-59348;08/01/2025;2278.64;501.30;2779.94
FT-2025-59436;16/06/2025;7853.10;1727.68;9580.78
FT-2025-59460;29/05/2025;4470.05;983.41;5453.46
FT-2025-59551;07/01/2025;10418.51;2292.07;12710.58
FT-2025-59555;07/08/2025;1163.94;256.07;1420.01
FT-2025-59571;23/02/2025;8852.44;1947.54;10799.98
FT-2025-59588;05/08/2025;676.03;148.73;824.76
FT-2025-59654;06/02/2025;5150.38;1133.08;6283.46
FT-2025-59663;23/01/2025;6648.27;1462.62;8110.89
FT-2025-59743;06/10/2025;1447.07;318.36;1765.43
FT-2025-59749;11/01/2025;4276.77;940.89;5217.66
FT-2025-59765;08/04/2025;9145.05;2011.91;11156.96
FT-2025-59924;23/02/2025;9825.07;2161.52;11986.59
FT-2025-60009;04/03/2025;5152.31;1133.51;6285.82
FT-2025-60048;04/02/2025;1112.99;244.86;1357.85
FT-2025-60081;28/11/2025;4648.43;1022.65;5671.08
FT-2025-60136;26/07/2025;2559.02;562.98;3122.00
FT-2025-60156;18/04/2025;6329.28;1392.44;7721.72
FT-2025-60220;05/04/2025;9811.76;2158.59;11970.35
FT-2025-60280;24/05/2025;1382.54;304.16;1686.70
FT-2025-60305;17/05/2025;2980.01;655.60;3635.61
FT-2025-60333;25/05/2025;6097.88;1341.53;7439.41
FT-2025-60398;17/09/2025;3321.12;730.65;4051.77
FT-2025-60422;24/06/2025;4411.05;970.43;5381.48
FT-2025-60463;16/05/2025;3419.06;752.19;4171.25
FT-2025-60471;19/05/2025;4579.38;1007.46;5586.84
FT-2025-60683;26/03/2025;955.96;210.31;1166.27
FT-2025-60693;20/10/2025;5755.98;1266.32;7022.30
FT-2025-60825;09/02/2025;1692.65;372.38;2065.03
FT-2025-60832;10/03/2025;5105.09;1123.12;6228.21
FT-2025-60893;24/01/2025;5492.34;1208.31;6700.65
FT-2025-60905;03/07/2025;7978.78;1755.33;9734.11
FT-2025-60979;04/03/2025;10418.99;2292.18;12711.17
FT-2025-60980;15/03/2025;5889.83;1295.76;7185.59
FT-2025-61044;07/08/2025;6877.90;1513.14;8391.04
FT-2025-61115;06/05/2025;5674.86;1248.47;6923.33
FT-2025-61141;13/10/2025;1095.15;240.93;1336.08
FT-2025-61262;10/04/2025;1141.98;251.24;1393.22
FT-2025-61421;21/03/2025;4666.26;1026.58;5692.84
FT-2025-61501;10/10/2025;2335.36;513.78;2849.14
FT-2025-61572;02/03/2025;6911.06;1520.43;8431.49
FT-2025-61812;10/04/2025;478.17;105.20;583.37
FT-2025-61925;11/01/2025;969.46;213.28;1182.74
FT-2025-62057;06/11/2025;11698.11;2573.58;14271.69
FT-2025-62102;24/03/2025;545.77;120.07;665.84
FT-2025-62174;28/06/2025;2690.32;591.87;3282.19
FT-2025-62252;03/08/2025;2800.13;616.03;3416.16
FT-2025-62279;12/06/2025;6707.69;1475.69;8183.38
FT-2025-62321;05/08/2025;1971.88;433.81;2405.69
FT-2025-62401;15/11/2025;5240.22;1152.85;6393.07
FT-2025-62408;30/03/2025;9082.26;1998.10;11080.36
FT-2025-62472;02/01/2025;5005.51;1101.21;6106.72
FT-2025-62473;19/10/2025;13572.74;2986.00;16558.74
FT-2025-62512;24/12/2025;13672.01;3007.84;16679.85
FT-2025-62588;18/08/2025;983.67;216.41;1200.08
FT-2025-62656;20/02/2025;4940.59;1086.93;6027.52
FT-2025-62688;10/02/2025;11970.20;2633.44;14603.64
FT-2025-62788;30/01/2025;8735.42;1921.79;10657.21
FT-2025-62844;23/07/2025;3653.74;803.82;4457.56
FT-2025-62866;12/12/2025;11037.72;2428.30;13466.02
FT-2025-62894;02/09/2025;4637.85;1020.33;5658.18
FT-2025-62904;29/12/2025;5246.36;1154.20;6400.56
FT-2025-63012;13/01/2025;1465.06;322.31;1787.37
FT-2025-63104;15/12/2025;3169.77;697.35;3867.12
FT-2025-63200;10/01/2025;11041.17;2429.06;13470.23
FT-2025-63205;05/01/2026;5803.26;1276.72;7079.98
FT-2025-63219;05/07/2025;5654.88;1244.07;6898.95
FT-2025-63230;10/10/2025;7450.17;1639.04;9089.21
FT-2025-63351;05/10/2025;8283.06;1822.27;10105.33
FT-2025-63502;10/02/2025;5097.67;1121.49;6219.16
FT-2025-63533;20/09/2025;3146.35;692.20;3838.55
FT-2025-63579;12/03/2025;4843.32;1065.53;5908.85
FT-2025-63661;23/09/2025;1849.02;406.78;2255.80
FT-2025-63712;27/05/2025;8443.42;1857.55;10300.97
FT-2025-63715;09/11/2025;4675.65;1028.64;5704.29
FT-2025-63823;20/03/2025;2123.17;467.10;2590.27
FT-2025-63840;28/01/2025;6631.57;1458.95;8090.52
FT-2025-63867;26/01/2025;2159.56;475.10;2634.66
FT-2025-63878;13/02/2025;8766.63;1928.66;10695.29
FT-2025-63951;29/03/2025;1423.82;313.24;1737.06
FT-2025-64028;19/03/2025;4423.01;973.06;5396.07
FT-2025-64085;28/03/2025;9585.57;2108.83;11694.40
FT-2025-64148;02/01/2026;3698.68;813.71;4512.39
FT-2025-64178;23/04/2025;7583.38;1668.34;9251.72
FT-2025-64302;04/08/2025;922.82;203.02;1125.84
FT-2025-64529;09/05/2025;6886.60;1515.05;8401.65
FT-2025-64543;26/07/2025;10767.62;2368.88;13136.50
FT-2025-64583;14/06/2025;6272.31;1379.91;7652.22
FT-2025-64665;14/06/2025;9081.11;1997.84;11078.95
FT-2025-64683;11/08/2025;5209.49;1146.09;6355.58
FT-2025-64750;02/05/2025;9508.23;2091.81;11600.04
FT-2025-64787;11/06/2025;9665.10;2126.32;11791.42
FT-2025-64807;17/05/2025;2670.85;587.59;3258.44
FT-2025-64824;08/09/2025;7827.40;1722.03;9549.43
FT-2025-64905;22/12/2025;5835.29;1283.76;7119.05
FT-2025-64947;22/02/2025;14789.05;3253.59;18042.64
FT-2025-64954;08/09/2025;2638.67;580.51;3219.18
FT-2025-64986;14/02/2025;5545.10;1219.92;6765.02
FT-2025-65088;12/02/2025;5887.68;1295.29;7182.97
FT-2025-65108;28/05/2025;282.77;62.21;344.98
FT-2025-65270;28/12/2025;729.40;160.47;889.87
FT-2025-65380;11/05/2025;8226.86;1809.91;10036.77
FT-2025-65451;24/01/2025;5248.83;1154.74;6403.57
FT-2025-65503;16/02/2025;5300.08;1166.02;6466.10
FT-2025-65520;21/05/2025;1272.70;279.99;1552.69
FT-2025-65576;02/08/2025;2483.28;546.32;3029.60
FT-2025-65591;02/06/2025;9974.87;2194.47;12169.34
FT-2025-65646;09/08/2025;10454.09;2299.90;12753.99
FT-2025-65687;10/10/2025;3455.88;760.29;4216.17
FT-2025-65807;21/05/2025;2222.13;488.87;2711.00
FT-2025-65810;05/05/2025;13438.89;2956.56;16395.45
FT-2025-65812;23/05/2025;7189.52;1581.69;8771.21
FT-2025-65894;22/03/2025;6533.08;1437.28;7970.36
FT-2025-66025;24/09/2025;5368.83;1181.14;6549.97
FT-2025-66062;29/08/2025;10522.96;2315.05;12838.01
FT-2025-66190;23/05/2025;8802.50;1936.55;10739.05
FT-2025-66240;27/09/2025;1629.84;358.56;1988.40
FT-2025-66389;09/04/2025;260.46;57.30;317.76
FT-2025-66399;27/06/2025;6649.40;1462.87;8112.27
FT-2025-66459;09/03/2025;4697.84;1033.52;5731.36
FT-2025-66525;03/09/2025;7618.87;1676.15;9295.02
FT-2025-66550;26/10/2025;1651.00;363.22;2014.22
FT-2025-66628;10/05/2025;6059.29;1333.04;7392.33
FT-2025-66634;12/03/2025;1072.92;236.04;1308.96
FT-2025-66714;05/06/2025;1451.47;319.32;1770.79
FT-2025-66721;17/10/2025;4297.23;945.39;5242.62
FT-2025-66804;16/10/2025;7701.56;1694.34;9395.90
FT-2025-66827;13/01/2025;2644.31;581.75;3226.06
FT-2025-66834;20/12/2025;10029.23;2206.43;12235.66
FT-2025-66851;07/04/2025;2205.20;485.14;2690.34
FT-2025-66908;25/01/2025;4095.26;900.96;4996.22
FT-2025-66966;28/01/2025;10584.96;2328.69;12913.65
FT-2025-67017;20/09/2025;4641.58;1021.15;5662.73
FT-2025-67084;23/11/2025;7251.41;1595.31;8846.72
FT-2025-67198;10/05/2025;1173.48;258.17;1431.65
FT-2025-67277;06/06/2025;4982.10;1096.06;6078.16
FT-2025-67381;19/01/2025;10106.72;2223.48;12330.20
FT-2025-67389;07/09/2025;633.52;139.37;772.89
FT-2025-67449;24/06/2025;1778.92;391.36;2170.28
FT-2025-67473;28/09/2025;8331.57;1832.95;10164.52
FT-2025-67658;15/03/2025;1018.04;223.97;1242.01
FT-2025-67710;23/01/2025;11484.83;2526.66;14011.49
FT-2025-67736;24/02/2025;1872.82;412.02;2284.84
FT-2025-67833;28/05/2025;5225.63;1149.64;6375.27
FT-2025-67918;15/01/2025;10927.78;2404.11;13331.89
FT-2025-68012;15/03/2025;2207.55;485.66;2693.21
FT-2025-68219;12/07/2025;8680.47;1909.70;10590.17
FT-2025-68259;12/03/2025;783.57;172.39;955.96
FT-2025-68295;23/06/2025;5467.71;1202.90;6670.61
FT-2025-68340;06/04/2025;9519.90;2094.38;11614.28
FT-2025-68358;07/02/2025;8518.93;1874.16;10393.09
FT-2025-68517;15/04/2025;9046.55;1990.24;11036.79
FT-2025-68523;14/03/2025;4194.72;922.84;5117.56
FT-2025-68584;07/05/2025;8892.20;1956.28;10848.48
FT-2025-68607;09/01/2025;8120.83;1786.58;9907.41
FT-2025-68685;11/06/2025;8277.51;1821.05;10098.56
FT-2025-68689;20/09/2025;2445.16;537.94;2983.10
FT-2025-68703;03/11/2025;4487.94;987.35;5475.29
FT-2025-68733;05/05/2025;2443.69;537.61;2981.30
FT-2025-68736;29/10/2025;9529.75;2096.55;11626.30
FT-2025-68742;16/03/2025;3882.60;854.17;4736.77
FT-2025-68793;10/03/2025;11130.87;2448.79;13579.66
FT-2025-68820;19/05/2025;1067.52;234.85;1302.37
FT-2025-69005;09/01/2025;8935.28;1965.76;10901.04
FT-2025-69113;29/04/2025;1518.41;334.05;1852.46
FT-2025-69127;29/05/2025;3817.23;839.79;4657.02
FT-2025-69218;28/03/2025;3240.13;712.83;3952.96
FT-2025-69245;30/10/2025;5907.57;1299.67;7207.24
FT-2025-69256;07/03/2025;2761.02;607.42;3368.44
FT-2025-69296;01/10/2025;1985.97;436.91;2422.88
FT-2025-69298;31/01/2025;1259.40;277.07;1536.47
FT-2025-69661;22/03/2025;7989.44;1757.68;9747.12
FT-2025-69673;15/06/2025;3122.34;686.91;3809.25
FT-2025-69769;31/08/2025;6686.28;1470.98;8157.26
FT-2025-69933;18/07/2025;3721.26;818.68;4539.94
FT-2025-69991;12/08/2025;14158.73;3114.92;17273.65
FT-2025-70118;25/04/2025;5803.54;1276.78;7080.32
FT-2025-70131;09/08/2025;14305.62;3147.24;17452.86
FT-2025-70161;08/08/2025;4284.48;942.59;5227.07
FT-2025-70281;28/07/2025;6727.40;1480.03;8207.43
FT-2025-70333;23/09/2025;1313.60;288.99;1602.59
FT-2025-70367;12/07/2025;5914.74;1301.24;7215.98
FT-2025-70412;16/09/2025;3406.14;749.35;4155.49
FT-2025-70472;16/07/2025;10805.59;2377.23;13182.82
FT-2025-70484;06/06/2025;4307.55;947.66;5255.21
FT-2025-70607;17/04/2025;8988.65;1977.50;10966.15
FT-2025-70623;13/12/2025;5657.42;1244.63;6902.05
FT-2025-70697;21/08/2025;977.61;215.07;1192.68
FT-2025-70703;16/02/2025;12092.58;2660.37;14752.95
FT-2025-70732;15/08/2025;16080.71;3537.76;19618.47
FT-2025-70776;01/07/2025;780.18;171.64;951.82
FT-2025-70832;04/06/2025;4482.88;986.23;5469.11
FT-2025-70889;11/05/2025;9206.93;2025.52;11232.45
FT-2025-70893;26/08/2025;1061.06;233.43;1294.49
FT-2025-70993;15/02/2025;2500.66;550.15;3050.81
FT-2025-71068;18/06/2025;3366.33;740.59;4106.92
FT-2025-71125;24/02/2025;573.85;126.25;700.10
FT-2025-71201;13/01/2025;3914.69;861.23;4775.92
FT-2025-71247;09/03/2025;4160.88;915.39;5076.27
FT-2025-71266;13/06/2025;7713.31;1696.93;9410.24
FT-2025-71374;07/06/2025;2723.99;599.28;3323.27
FT-2025-71485;18/10/2025;442.57;97.37;539.94
FT-2025-71488;19/03/2025;7218.08;1587.98;8806.06
FT-2025-71629;03/07/2025;4008.60;881.89;4890.49
FT-2025-71635;30/09/2025;4596.35;1011.20;5607.55
FT-2025-71783;23/05/2025;4260.75;937.37;5198.12
FT-2025-71888;06/06/2025;5819.85;1280.37;7100.22
FT-2025-71926;16/06/2025;8523.11;1875.08;10398.19
FT-2025-72125;26/02/2025;1196.35;263.20;1459.55
FT-2025-72203;19/06/2025;6358.23;1398.81;7757.04
FT-2025-72224;07/03/2025;9488.07;2087.38;11575.45
FT-2025-72249;06/11/2025;3145.88;692.09;3837.97
FT-2025-72288;26/03/2025;4852.78;1067.61;5920.39
FT-2025-72294;26/06/2025;815.73;179.46;995.19
FT-2025-72324;28/06/2025;1033.89;227.46;1261.35
FT-2025-72441;10/12/2025;4516.30;993.59;5509.89
FT-2025-72471;02/06/2025;1222.74;269.00;1491.74
FT-2025-72515;18/10/2025;2497.07;549.36;3046.43
FT-2025-72573;22/04/2025;2389.24;525.63;2914.87
FT-2025-72773;07/02/2025;7497.86;1649.53;9147.39
FT-2025-72891;22/10/2025;6518.86;1434.15;7953.01
FT-2025-72917;23/01/2025;620.25;136.46;756.71
FT-2025-73025;26/01/2025;1257.72;276.70;1534.42
FT-2025-73181;08/05/2025;6416.96;1411.73;7828.69
FT-2025-73291;12/04/2025;8773.03;1930.07;10703.10
FT-2025-73323;10/03/2025;8232.80;1811.22;10044.02
FT-2025-73376;09/08/2025;4249.54;934.90;5184.44
FT-2025-73419;21/12/2025;1197.23;263.39;1460.62
FT-2025-73463;25/09/2025;6321.88;1390.81;7712.69
FT-2025-73491;20/04/2025;15725.18;3459.54;19184.72
FT-2025-73519;20/01/2025;2645.74;582.06;3227.80
FT-2025-73595;01/07/2025;2050.84;451.18;2502.02
FT-2025-73783;15/09/2025;4630.35;1018.68;5649.03
FT-2025-73862;27/06/2025;6577.14;1446.97;8024.11
FT-2025-74082;07/02/2025;1987.55;437.26;2424.81
FT-2025-74112;20/05/2025;4367.92;960.94;5328.86
FT-2025-74262;26/01/2025;2364.35;520.16;2884.51
FT-2025-74299;12/02/2025;5535.57;1217.83;6753.40
FT-2025-74301;19/07/2025;7891.47;1736.12;9627.59
FT-2025-74325;15/05/2025;11191.76;2462.19;13653.95
FT-2025-74346;25/01/2025;10185.77;2240.87;12426.64
FT-2025-74398;14/06/2025;2073.13;456.09;2529.22
FT-2025-74433;12/11/2025;7063.30;1553.93;8617.23
FT-2025-74469;19/09/2025;15336.56;3374.04;18710.60
FT-2025-74526;19/08/2025;674.35;148.36;822.71
FT-2025-74534;05/10/2025;14228.37;3130.24;17358.61
FT-2025-74535;16/12/2025;2242.28;493.30;2735.58
FT-2025-74791;12/04/2025;873.17;192.10;1065.27
FT-2025-74812;13/07/2025;5441.27;1197.08;6638.35
FT-2025-74919;12/05/2025;3029.64;666.52;3696.16
FT-2025-74975;25/12/2025;5585.19;1228.74;6813.93
FT-2025-75039;23/05/2025;10852.96;2387.65;13240.61
FT-2025-75199;10/08/2025;5877.39;1293.03;7170.42
FT-2025-75272;10/02/2025;3237.19;712.18;3949.37
FT-2025-75279;31/01/2025;2895.12;636.93;3532.05
FT-2025-75450;11/05/2025;4425.49;973.61;5399.10
FT-2025-75514;20/12/2025;8323.41;1831.15;10154.56
FT-2025-75619;23/05/2025;4145.83;912.08;5057.91
FT-2025-75676;21/04/2025;8516.15;1873.55;10389.70
FT-2025-75706;06/08/2025;4764.63;1048.22;5812.85
FT-2025-75743;09/07/2025;1993.74;438.62;2432.36
FT-2025-75772;28/07/2025;10920.93;2402.60;13323.53
FT-2025-75850;09/11/2025;12847.52;2826.45;15673.97
FT-2025-76022;04/09/2025;4086.57;899.05;4985.62
FT-2025-76073;23/07/2025;1418.23;312.01;1730.24
FT-2025-76181;08/05/2025;8862.72;1949.80;10812.52
FT-2025-76230;25/11/2025;10662.47;2345.74;13008.21
FT-2025-76233;22/08/2025;2056.00;452.32;2508.32
FT-2025-76247;26/05/2025;8242.23;1813.29;10055.52
FT-2025-76274;24/11/2025;2728.63;600.30;3328.93
FT-2025-76276;25/04/2025;2202.63;484.58;2687.21
FT-2025-76312;04/04/2025;7087.29;1559.20;8646.49
FT-2025-76336;26/05/2025;1154.05;253.89;1407.94
FT-2025-76372;14/11/2025;9399.17;2067.82;11466.99
FT-2025-76434;14/10/2025;3415.81;751.48;4167.29
FT-2025-76496;12/02/2025;3494.05;768.69;4262.74
FT-2025-76497;23/10/2025;3310.80;728.38;4039.18
FT-2025-76523;07/05/2025;4825.31;1061.57;5886.88
FT-2025-76542;20/07/2025;10536.92;2318.12;12855.04
FT-2025-76557;21/03/2025;8751.51;1925.33;10676.84
FT-2025-76622;07/01/2025;1414.92;311.28;1726.20
FT-2025-76625;05/02/2025;4422.26;972.90;5395.16
FT-2025-76660;25/07/2025;4225.89;929.70;5155.59
FT-2025-76688;19/04/2025;6419.49;1412.29;7831.78
FT-2025-76758;02/04/2025;11163.29;2455.92;13619.21
FT-2025-76851;05/12/2025;6676.37;1468.80;8145.17
FT-2025-76857;12/07/2025;7640.99;1681.02;9322.01
FT-2025-76870;21/02/2025;17138.88;3770.55;20909.43
FT-2025-76882;13/04/2025;4218.58;928.09;5146.67
FT-2025-76956;19/07/2025;5667.95;1246.95;6914.90
FT-2025-76993;21/01/2025;1094.74;240.84;1335.58
FT-2025-77173;23/07/2025;5139.00;1130.58;6269.58
FT-2025-77191;12/11/2025;2263.88;498.05;2761.93
FT-2025-77355;05/05/2025;2550.68;561.15;3111.83
FT-2025-77415;20/11/2025;11945.76;2628.07;14573.83
FT-2025-77460;09/02/2025;3882.12;854.07;4736.19
FT-2025-77620;05/06/2025;4322.33;950.91;5273.24
FT-2025-77639;08/05/2025;5241.14;1153.05;6394.19
FT-2025-77789;04/05/2025;881.45;193.92;1075.37
FT-2025-77799;10/12/2025;1358.92;298.96;1657.88
FT-2025-77864;03/03/2025;9764.95;2148.29;11913.24
FT-2025-77902;06/03/2025;1566.91;344.72;1911.63
FT-2025-78064;06/03/2025;7874.66;1732.43;9607.09
FT-2025-78084;03/11/2025;1208.37;265.84;1474.21
FT-2025-78115;12/02/2025;12097.57;2661.47;14759.04
FT-2025-78138;24/07/2025;14328.91;3152.36;17481.27
FT-2025-78331;30/07/2025;983.37;216.34;1199.71
FT-2025-78339;23/07/2025;7432.63;1635.18;9067.81
FT-2025-78393;25/06/2025;13276.94;2920.93;16197.87
FT-2025-78419;25/10/2025;13230.27;2910.66;16140.93
FT-2025-78521;20/04/2025;1420.80;312.58;1733.38
FT-2025-78587;22/01/2025;409.55;90.10;499.65
FT-2025-78592;28/08/2025;5111.37;1124.50;6235.87
FT-2025-78611;02/06/2025;410.49;90.31;500.80
FT-2025-78656;28/01/2025;2700.33;594.07;3294.40
FT-2025-78788;22/02/2025;11861.47;2609.52;14470.99
FT-2025-78895;16/08/2025;1210.11;266.22;1476.33
FT-2025-78896;09/09/2025;10659.95;2345.19;13005.14
FT-2025-78915;18/12/2025;5919.43;1302.27;7221.70
FT-2025-78958;10/02/2025;7543.16;1659.50;9202.66
FT-2025-79115;02/01/2026;1117.29;245.80;1363.09
FT-2025-79150;15/07/2025;3621.05;796.63;4417.68
FT-2025-79187;08/10/2025;1277.50;281.05;1558.55
FT-2025-79276;13/02/2025;4101.26;902.28;5003.54
FT-2025-79421;02/10/2025;3527.09;775.96;4303.05
FT-2025-79431;30/04/2025;4668.56;1027.08;5695.64
FT-2025-79438;01/08/2025;1948.02;428.56;2376.58
FT-2025-79516;05/08/2025;12895.49;2837.01;15732.50
FT-2025-79552;16/01/2025;3037.84;668.32;3706.16
FT-2025-79642;25/02/2025;5982.82;1316.22;7299.04
FT-2025-79663;30/01/2025;9736.21;2141.97;11878.18
FT-2025-79730;05/03/2025;4608.46;1013.86;5622.32
FT-2025-79906;20/02/2025;5839.65;1284.72;7124.37
FT-2025-79939;01/04/2025;7855.03;1728.11;9583.14
FT-2025-80038;03/06/2025;1357.98;298.76;1656.74
FT-2025-80107;25/08/2025;3369.44;741.28;4110.72
FT-2025-80215;30/12/2025;11445.90;2518.10;13964.00
FT-2025-80241;31/08/2025;11832.00;2603.04;14435.04
FT-2025-80338;26/01/2025;6197.91;1363.54;7561.45
FT-2025-80371;10/07/2025;2944.45;647.78;3592.23
FT-2025-80414;21/09/2025;6405.80;1409.28;7815.08
FT-2025-80452;17/06/2025;1710.48;376.31;2086.79
FT-2025-80462;09/05/2025;862.29;189.70;1051.99
FT-2025-80478;18/07/2025;1389.46;305.68;1695.14
FT-2025-80506;20/01/2025;7680.76;1689.77;9370.53
FT-2025-80550;03/11/2025;8752.44;1925.54;10677.98
FT-2025-80597;21/02/2025;8242.75;1813.40;10056.15
FT-2025-80678;30/11/2025;8814.60;1939.21;10753.81
FT-2025-80681;24/04/2025;1320.41;290.49;1610.90
FT-2025-80747;13/01/2025;2112.71;464.80;2577.51
FT-2025-80773;03/03/2025;5660.41;1245.29;6905.70
FT-2025-80932;27/01/2025;8386.76;1845.09;10231.85
FT-2025-80956;19/02/2025;15275.95;3360.71;18636.66
FT-2025-81041;28/09/2025;11235.40;2471.79;13707.19
FT-2025-81071;18/09/2025;11119.86;2446.37;13566.23
FT-2025-81121;01/07/2025;4713.53;1036.98;5750.51
FT-2025-81159;18/08/2025;7051.64;1551.36;8603.00
FT-2025-81189;12/06/2025;9604.06;2112.89;11716.95
FT-2025-81301;06/08/2025;2655.57;584.23;3239.80
FT-2025-81318;07/04/2025;3368.89;741.16;4110.05
FT-2025-81333;31/03/2025;3365.81;740.48;4106.29
FT-2025-81340;05/03/2025;6016.52;1323.63;7340.15
FT-2025-81408;17/10/2025;9258.24;2036.81;11295.05
FT-2025-81436;17/11/2025;3871.59;851.75;4723.34
FT-2025-81445;08/12/2025;7325.55;1611.62;8937.17
FT-2025-81456;23/01/2025;10524.33;2315.35;12839.68
FT-2025-81499;05/09/2025;8087.23;1779.19;9866.42
FT-2025-81523;19/02/2025;3881.69;853.97;4735.66
FT-2025-81525;13/12/2025;15666.97;3446.73;19113.70
FT-2025-81577;09/04/2025;5576.04;1226.73;6802.77
FT-2025-81596;31/07/2025;6820.54;1500.52;8321.06
FT-2025-81638;06/02/2025;3668.53;807.08;4475.61
FT-2025-81677;03/11/2025;4891.69;1076.17;5967.86
FT-2025-81698;17/02/2025;2085.65;458.84;2544.49
FT-2025-81782;22/05/2025;2341.29;515.08;2856.37
FT-2025-81834;13/09/2025;2901.93;638.42;3540.35
FT-2025-81954;25/12/2025;4966.98;1092.74;6059.72
FT-2025-81962;06/01/2025;4358.68;958.91;5317.59
FT-2025-81972;02/03/2025;2967.96;652.95;3620.91
FT-2025-82030;09/03/2025;6254.42;1375.97;7630.39
FT-2025-82172;06/03/2025;3993.03;878.47;4871.50
FT-2025-82230;28/12/2025;6791.41;1494.11;8285.52
FT-2025-82385;03/02/2025;1855.41;408.19;2263.60
FT-2025-82629;22/12/2025;2369.57;521.31;2890.88
FT-2025-82645;21/06/2025;5059.61;1113.11;6172.72
FT-2025-82674;20/07/2025;1363.18;299.90;1663.08
FT-2025-82693;02/10/2025;1752.38;385.52;2137.90
FT-2025-82727;14/10/2025;4100.28;902.06;5002.34
FT-2025-82814;17/06/2025;9604.95;2113.09;11718.04
FT-2025-82815;17/10/2025;4066.05;894.53;4960.58
FT-2025-82885;27/06/2025;2468.58;543.09;3011.67
FT-2025-82942;05/09/2025;7366.04;1620.53;8986.57
FT-2025-82973;25/03/2025;3895.50;857.01;4752.51
FT-2025-83026;06/10/2025;15271.13;3359.65;18630.78
FT-2025-83068;27/01/2025;4909.65;1080.12;5989.77
FT-2025-83079;13/09/2025;12046.18;2650.16;14696.34
FT-2025-83101;19/11/2025;11595.43;2550.99;14146.42
FT-2025-83130;05/01/2026;9000.87;1980.19;10981.06
FT-2025-83178;15/01/2025;588.29;129.42;717.71
FT-2025-83411;03/05/2025;4135.05;909.71;5044.76
FT-2025-83465;22/02/2025;15820.82;3480.58;19301.40
FT-2025-83500;24/11/2025;3842.58;845.37;4687.95
FT-2025-83514;31/03/2025;8460.60;1861.33;10321.93
FT-2025-83565;23/10/2025;4809.61;1058.11;5867.72
FT-2025-83605;02/02/2025;3862.00;849.64;4711.64
FT-2025-83694;18/03/2025;5564.53;1224.20;6788.73
FT-2025-83782;26/04/2025;6828.74;1502.32;8331.06
FT-2025-83820;02/02/2025;1687.66;371.29;2058.95
FT-2025-83863;26/06/2025;6620.67;1456.55;8077.22
FT-2025-83880;05/09/2025;2957.59;650.67;3608.26
FT-2025-83901;03/02/2025;5039.49;1108.69;6148.18
FT-2025-84041;17/02/2025;700.11;154.02;854.13
FT-2025-84125;23/07/2025;1193.55;262.58;1456.13
FT-2025-84166;16/09/2025;4335.86;953.89;5289.75
FT-2025-84254;22/12/2025;8430.42;1854.69;10285.11
FT-2025-84468;02/07/2025;6378.52;1403.27;7781.79
FT-2025-84479;19/08/2025;5299.00;1165.78;6464.78
FT-2025-84533;23/10/2025;3451.28;759.28;4210.56
FT-2025-84549;23/08/2025;4846.38;1066.20;5912.58
FT-2025-84730;19/07/2025;4587.20;1009.18;5596.38
FT-2025-84754;17/03/2025;6454.25;1419.93;7874.18
FT-2025-84772;06/01/2026;2640.07;580.82;3220.89
FT-2025-84797;06/05/2025;8950.36;1969.08;10919.44
FT-2025-84864;30/08/2025;10225.17;2249.54;12474.71
FT-2025-84876;03/07/2025;8598.24;1891.61;10489.85
FT-2025-84890;07/02/2025;2530.68;556.75;3087.43
FT-2025-84895;01/12/2025;1643.56;361.58;2005.14
FT-2025-84904;06/05/2025;6574.37;1446.36;8020.73
FT-2025-84928;19/04/2025;3529.38;776.46;4305.84
FT-2025-84931;13/10/2025;10374.55;2282.40;12656.95
FT-2025-84935;18/02/2025;3464.01;762.08;4226.09
FT-2025-84952;25/11/2025;12952.81;2849.62;15802.43
FT-2025-84978;22/12/2025;4522.31;994.91;5517.22
FT-2025-85037;24/01/2025;10673.19;2348.10;13021.29
FT-2025-85095;19/05/2025;6968.05;1532.97;8501.02
FT-2025-85154;10/03/2025;15653.37;3443.74;19097.11
FT-2025-85204;08/12/2025;5490.36;1207.88;6698.24
FT-2025-85229;20/04/2025;1925.02;423.50;2348.52
FT-2025-85256;23/01/2025;7031.49;1546.93;8578.42
FT-2025-85282;13/01/2025;6837.36;1504.22;8341.58
FT-2025-85471;23/08/2025;4388.17;965.40;5353.57
FT-2025-85634;06/04/2025;10555.77;2322.27;12878.04
FT-2025-85730;01/11/2025;8483.44;1866.36;10349.80
FT-2025-85847;03/01/2025;4160.17;915.24;5075.41
FT-2025-85870;18/03/2025;6388.44;1405.46;7793.90
FT-2025-86065;15/02/2025;5624.25;1237.34;6861.59
FT-2025-86110;30/04/2025;3774.02;830.28;4604.30
FT-2025-86119;30/04/2025;6108.07;1343.78;7451.85
FT-2025-86152;29/04/2025;11587.40;2549.23;14136.63
FT-2025-86183;22/05/2025;7007.58;1541.67;8549.25
FT-2025-86324;19/01/2025;11960.29;2631.26;14591.55
FT-2025-86356;06/10/2025;10289.30;2263.65;12552.95
FT-2025-86467;30/03/2025;8746.59;1924.25;10670.84
FT-2025-86502;07/08/2025;1597.35;351.42;1948.77
FT-2025-86570;22/12/2025;8373.79;1842.23;10216.02
FT-2025-86621;19/11/2025;2134.79;469.65;2604.44
FT-2025-86722;28/12/2025;2576.43;566.81;3143.24
FT-2025-86742;04/12/2025;7232.93;1591.24;8824.17
FT-2025-86890;17/11/2025;1943.36;427.54;2370.90
FT-2025-86995;06/05/2025;9538.97;2098.57;11637.54
FT-2025-87122;10/12/2025;3541.79;779.19;4320.98
FT-2025-87190;06/07/2025;15568.34;3425.03;18993.37
FT-2025-87193;28/04/2025;5893.55;1296.58;7190.13
FT-2025-87276;08/04/2025;785.84;172.88;958.72
FT-2025-87461;02/01/2026;1096.45;241.22;1337.67
FT-2025-87481;14/02/2025;10443.68;2297.61;12741.29
FT-2025-87552;30/06/2025;2292.00;504.24;2796.24
FT-2025-87711;08/05/2025;4236.24;931.97;5168.21
FT-2025-87741;31/03/2025;7023.48;1545.17;8568.65
FT-2025-87911;08/05/2025;10739.04;2362.59;13101.63
FT-2025-87992;14/07/2025;12909.83;2840.16;15749.99
FT-2025-88032;26/12/2025;3347.71;736.50;4084.21
FT-2025-88071;29/08/2025;2123.42;467.15;2590.57
FT-2025-88182;01/01/2026;3146.41;692.21;3838.62
FT-2025-88309;07/06/2025;7155.68;1574.25;8729.93
FT-2025-88312;15/11/2025;5463.27;1201.92;6665.19
FT-2025-88332;19/06/2025;8242.18;1813.28;10055.46
FT-2025-88353;24/02/2025;2572.22;565.89;3138.11
FT-2025-88513;23/11/2025;8022.21;1764.89;9787.10
FT-2025-88553;28/03/2025;6565.74;1444.46;8010.20
FT-2025-88674;12/03/2025;2693.41;592.55;3285.96
FT-2025-88715;08/04/2025;13561.87;2983.61;16545.48
FT-2025-88740;16/03/2025;2191.52;482.13;2673.65
FT-2025-88759;08/04/2025;3427.08;753.96;4181.04
FT-2025-88797;12/11/2025;1170.64;257.54;1428.18
FT-2025-88929;06/06/2025;9601.92;2112.42;11714.34
FT-2025-88933;18/02/2025;3704.35;814.96;4519.31
FT-2025-88962;15/05/2025;10293.43;2264.55;12557.98
FT-2025-88987;20/07/2025;4536.39;998.01;5534.40
FT-2025-89030;17/02/2025;4072.46;895.94;4968.40
FT-2025-89035;18/01/2025;9428.86;2074.35;11503.21
FT-2025-89085;15/06/2025;4308.98;947.98;5256.96
FT-2025-89123;17/11/2025;2349.84;516.96;2866.80
FT-2025-89151;01/02/2025;9711.80;2136.60;11848.40
FT-2025-89164;02/04/2025;3862.45;849.74;4712.19
FT-2025-89195;15/04/2025;6158.54;1354.88;7513.42
FT-2025-89203;22/08/2025;5279.21;1161.43;6440.64
FT-2025-89337;10/07/2025;5432.13;1195.07;6627.20
FT-2025-89345;16/07/2025;822.54;180.96;1003.50
FT-2025-89393;16/07/2025;4831.12;1062.85;5893.97
FT-2025-89527;25/05/2025;4076.84;896.90;4973.74
FT-2025-89668;01/04/2025;547.30;120.41;667.71
FT-2025-89789;01/11/2025;10267.86;2258.93;12526.79
FT-2025-89818;08/11/2025;5281.16;1161.86;6443.02
FT-2025-89931;05/10/2025;11355.12;2498.13;13853.25
FT-2025-89963;03/03/2025;6520.72;1434.56;7955.28
FT-2025-90033;20/07/2025;2524.55;555.40;3079.95
FT-2025-90083;17/11/2025;1947.94;428.55;2376.49
FT-2025-90159;13/08/2025;8423.73;1853.22;10276.95
FT-2025-90161;18/01/2025;9539.80;2098.76;11638.56
FT-2025-90172;01/05/2025;11525.99;2535.72;14061.71
FT-2025-90245;20/06/2025;4781.99;1052.04;5834.03
FT-2025-90246;10/05/2025;2425.56;533.62;2959.18
FT-2025-90318;18/06/2025;5387.25;1185.19;6572.44
FT-2025-90364;16/04/2025;5892.35;1296.32;7188.67
FT-2025-90437;28/05/2025;4433.59;975.39;5408.98
FT-2025-90460;28/03/2025;8209.74;1806.14;10015.88
FT-2025-90523;20/09/2025;1083.16;238.30;1321.46
FT-2025-90748;05/02/2025;3280.98;721.82;4002.80
FT-2025-91004;20/09/2025;3711.43;816.51;4527.94
FT-2025-91005;23/02/2025;4714.45;1037.18;5751.63
FT-2025-91017;22/04/2025;5138.37;1130.44;6268.81
FT-2025-91050;11/02/2025;2284.85;502.67;2787.52
FT-2025-91057;17/11/2025;1446.06;318.13;1764.19
FT-2025-91099;03/07/2025;5044.47;1109.78;6154.25
FT-2025-91124;22/03/2025;5068.12;1114.99;6183.11
FT-2025-91127;25/01/2025;13769.83;3029.36;16799.19
FT-2025-91184;02/04/2025;5478.78;1205.33;6684.11
FT-2025-91194;13/01/2025;3969.60;873.31;4842.91
FT-2025-91203;28/10/2025;3520.32;774.47;4294.79
FT-2025-91341;20/05/2025;3765.06;828.31;4593.37
FT-2025-91475;18/04/2025;11605.91;2553.30;14159.21
FT-2025-91491;20/06/2025;11039.76;2428.75;13468.51
FT-2025-91498;23/03/2025;4753.05;1045.67;5798.72
FT-2025-91529;17/09/2025;4011.80;882.60;4894.40
FT-2025-91694;03/11/2025;805.78;177.27;983.05
FT-2025-91714;25/01/2025;6376.16;1402.76;7778.92
FT-2025-91943;04/09/2025;14878.47;3273.26;18151.73
FT-2025-91986;08/04/2025;6439.04;1416.59;7855.63
FT-2025-92075;21/02/2025;9489.80;2087.76;11577.56
FT-2025-92148;30/03/2025;6902.29;1518.50;8420.79
FT-2025-92149;19/06/2025;4606.93;1013.52;5620.45
FT-2025-92285;16/10/2025;6367.79;1400.91;7768.70
FT-2025-92414;04/09/2025;5089.12;1119.61;6208.73
FT-2025-92420;07/02/2025;6143.81;1351.64;7495.45
FT-2025-92449;29/03/2025;3852.01;847.44;4699.45
FT-2025-92521;29/09/2025;1953.52;429.77;2383.29
FT-2025-92530;03/03/2025;5524.33;1215.35;6739.68
FT-2025-92535;11/02/2025;10522.22;2314.89;12837.11
FT-2025-92733;22/04/2025;7100.43;1562.09;8662.52
FT-2025-92769;20/01/2025;3831.15;842.85;4674.00
FT-2025-92821;01/09/2025;5540.96;1219.01;6759.97
FT-2025-92824;28/06/2025;2183.99;480.48;2664.47
FT-2025-92857;17/04/2025;11627.35;2558.02;14185.37
FT-2025-92955;09/02/2025;7766.08;1708.54;9474.62
FT-2025-93093;10/01/2025;9495.90;2089.10;11585.00
FT-2025-93202;20/02/2025;6536.47;1438.02;7974.49
FT-2025-93285;19/11/2025;8904.90;1959.08;10863.98
FT-2025-93297;28/08/2025;7189.20;1581.62;8770.82
FT-2025-93502;25/02/2025;1120.74;246.56;1367.30
FT-2025-93565;02/03/2025;3769.83;829.36;4599.19
FT-2025-93567;17/10/2025;13615.42;2995.39;16610.81
FT-2025-93579;25/04/2025;4205.73;925.26;5130.99
FT-2025-93583;07/01/2025;7173.85;1578.25;8752.10
FT-2025-93834;27/02/2025;5431.06;1194.83;6625.89
FT-2025-94109;06/09/2025;1792.24;394.29;2186.53
FT-2025-94126;15/09/2025;1010.03;222.21;1232.24
FT-2025-94145;18/12/2025;13409.80;2950.16;16359.96
FT-2025-94201;07/01/2025;4602.62;1012.58;5615.20
FT-2025-94230;26/03/2025;10553.05;2321.67;12874.72
FT-2025-94327;28/07/2025;4391.58;966.15;5357.73
FT-2025-94350;08/01/2025;1691.64;372.16;2063.80
FT-2025-94376;03/11/2025;2946.04;648.13;3594.17
FT-2025-94472;30/04/2025;237.37;52.22;289.59
FT-2025-94492;08/11/2025;1230.92;270.80;1501.72
FT-2025-94546;14/07/2025;13514.84;2973.26;16488.10
FT-2025-94698;03/04/2025;3481.15;765.85;4247.00
FT-2025-94705;11/12/2025;1188.08;261.38;1449.46
FT-2025-94725;12/11/2025;3909.65;860.12;4769.77
FT-2025-94726;24/05/2025;1368.30;301.03;1669.33
FT-2025-94888;20/01/2025;3044.28;669.74;3714.02
FT-2025-94969;29/03/2025;3024.99;665.50;3690.49
FT-2025-95132;30/08/2025;2255.66;496.25;2751.91
FT-2025-95133;16/01/2025;2143.96;471.67;2615.63
FT-2025-95166;08/09/2025;8195.97;1803.11;9999.08
FT-2025-95170;09/05/2025;4110.71;904.36;5015.07
FT-2025-95222;18/05/2025;4706.05;1035.33;5741.38
FT-2025-95256;02/02/2025;1301.89;286.42;1588.31
FT-2025-95271;27/03/2025;9183.59;2020.39;11203.98
FT-2025-95273;16/02/2025;8279.99;1821.60;10101.59
FT-2025-95318;29/12/2025;8769.16;1929.22;10698.38
FT-2025-95437;10/04/2025;15447.31;3398.41;18845.72
FT-2025-95543;05/06/2025;1968.08;432.98;2401.06
FT-2025-95545;03/05/2025;5981.95;1316.03;7297.98
FT-2025-95574;25/04/2025;9843.26;2165.52;12008.78
FT-2025-95633;17/06/2025;1610.72;354.36;1965.08
FT-2025-95671;15/11/2025;9155.65;2014.24;11169.89
FT-2025-95699;04/03/2025;6220.76;1368.57;7589.33
FT-2025-95754;18/07/2025;3874.06;852.29;4726.35
FT-2025-95771;08/05/2025;2871.78;631.79;3503.57
FT-2025-95799;03/08/2025;877.35;193.02;1070.37
FT-2025-95848;27/07/2025;4914.75;1081.25;5996.00
FT-2025-95863;10/06/2025;1782.67;392.19;2174.86
FT-2025-95872;15/06/2025;2707.24;595.59;3302.83
FT-2025-95891;29/01/2025;6509.32;1432.05;7941.37
FT-2025-95898;03/06/2025;6873.34;1512.13;8385.47
FT-2025-95946;06/07/2025;1046.80;230.30;1277.10
FT-2025-96150;19/12/2025;1536.20;337.96;1874.16
FT-2025-96210;07/09/2025;7135.92;1569.90;8705.82
FT-2025-96218;06/05/2025;3162.22;695.69;3857.91
FT-2025-96347;30/01/2025;4850.21;1067.05;5917.26
FT-2025-96540;05/03/2025;6816.54;1499.64;8316.18
FT-2025-96562;10/10/2025;9856.81;2168.50;12025.31
FT-2025-96587;13/01/2025;7180.00;1579.60;8759.60
FT-2025-96606;28/11/2025;5115.76;1125.47;6241.23
FT-2025-96617;15/09/2025;7236.55;1592.04;8828.59
FT-2025-96637;02/07/2025;9432.92;2075.24;11508.16
FT-2025-96861;02/03/2025;783.40;172.35;955.75
FT-2025-96953;07/09/2025;5571.47;1225.72;6797.19
FT-2025-97017;25/12/2025;3825.50;841.61;4667.11
FT-2025-97099;26/12/2025;1345.28;295.96;1641.24
FT-2025-97148;06/03/2025;5984.57;1316.61;7301.18
FT-2025-97292;17/05/2025;14984.41;3296.57;18280.98
FT-2025-97320;04/09/2025;7560.58;1663.33;9223.91
FT-2025-97653;20/04/2025;13167.97;2896.95;16064.92
FT-2025-97679;29/10/2025;3641.80;801.20;4443.00
FT-2025-97737;01/09/2025;547.81;120.52;668.33
FT-2025-97782;02/09/2025;1077.48;237.05;1314.53
FT-2025-97820;30/07/2025;15069.04;3315.19;18384.23
FT-2025-97880;07/03/2025;4824.07;1061.30;5885.37
FT-2025-97993;31/01/2025;11149.46;2452.88;13602.34
FT-2025-98037;06/04/2025;10809.57;2378.11;13187.68
FT-2025-98077;19/07/2025;12626.43;2777.81;15404.24
FT-2025-98100;12/05/2025;9982.23;2196.09;12178.32
FT-2025-98123;10/08/2025;2768.59;609.09;3377.68
FT-2025-98208;06/01/2025;8227.10;1809.96;10037.06
FT-2025-98564;10/04/2025;5406.18;1189.36;6595.54
FT-2025-98575;02/04/2025;6220.93;1368.60;7589.53
FT-2025-98616;25/01/2025;1923.55;423.18;2346.73
FT-2025-98666;17/08/2025;962.02;211.64;1173.66
FT-2025-98672;16/05/2025;5846.61;1286.25;7132.86
FT-2025-98879;23/09/2025;6068.14;1334.99;7403.13
FT-2025-98891;03/02/2025;2064.02;454.08;2518.10
FT-2025-99098;07/11/2025;1932.75;425.20;2357.95
FT-2025-99140;30/12/2025;5391.70;1186.17;6577.87
FT-2025-99149;14/02/2025;2384.00;524.48;2908.48
FT-2025-99228;09/07/2025;3154.13;693.91;3848.04
FT-2025-99390;12/04/2025;13477.48;2965.05;16442.53
FT-2025-99497;09/11/2025;11106.85;2443.51;13550.36
FT-2025-99591;05/04/2025;1234.74;271.64;1506.38
FT-2025-99696;09/04/2025;8937.62;1966.28;10903.90
FT-2025-99763;22/08/2025;2699.99;594.00;3293.99
FT-2025-99802;03/09/2025;4207.90;925.74;5133.64
FT-2025-99857;05/09/2025;11688.08;2571.38;14259.46
FT-2025-99858;05/03/2025;8763.98;1928.08;10692.06
FT-2025-99866;11/11/2025;1447.18;318.38;1765.56
FT-2025-99930;23/07/2025;5833.14;1283.29;7116.43
FT-2025-99932;16/10/2025;4474.20;984.32;5458.52
FT-2025-99961;01/05/2025;3543.15;779.49;4322.64
FT-2025-99992;13/03/2025;5511.98;1212.64;6724.62
FT-2026-00633;12/01/2026;5306.03;1167.33;6473.36
FT-2026-00798;17/03/2026;11960.70;2631.35;14592.05
FT-2026-00913;14/01/2026;3854.02;847.88;4701.90
FT-2026-01015;23/01/2026;6366.02;1400.52;7766.54
FT-2026-01057;01/02/2026;1138.64;250.50;1389.14
FT-2026-01150;08/02/2026;779.59;171.51;951.10
FT-2026-02535;16/02/2026;3545.55;780.02;4325.57
FT-2026-02871;03/02/2026;2811.33;618.49;3429.82
FT-2026-03341;22/03/2026;2475.56;544.62;3020.18
FT-2026-04906;31/01/2026;8541.97;1879.23;10421.20
FT-2026-05777;27/03/2026;3113.56;684.98;3798.54
FT-2026-06013;03/02/2026;8593.39;1890.55;10483.94
FT-2026-06077;05/04/2026;4930.17;1084.64;6014.81
FT-2026-06294;03/05/2026;6192.82;1362.42;7555.24
FT-2026-06802;27/04/2026;11772.61;2589.97;14362.58
FT-2026-08133;12/02/2026;1954.97;430.09;2385.06
FT-2026-08146;17/04/2026;7694.75;1692.85;9387.60
FT-2026-08306;31/01/2026;7704.32;1694.95;9399.27
FT-2026-08485;07/01/2026;5031.83;1107.00;6138.83
FT-2026-08985;18/01/2026;4437.11;976.16;5413.27
FT-2026-09028;09/04/2026;2502.47;550.54;3053.01
FT-2026-09050;16/01/2026;2133.31;469.33;2602.64
FT-2026-09130;07/04/2026;8607.08;1893.56;10500.64
FT-2026-09337;27/04/2026;2558.41;562.85;3121.26
FT-2026-10458;05/01/2026;10414.93;2291.28;12706.21
FT-2026-10723;30/03/2026;3655.12;804.13;4459.25
FT-2026-11840;06/01/2026;2466.31;542.59;3008.90
FT-2026-12085;29/03/2026;2626.56;577.84;3204.40
FT-2026-12366;25/03/2026;2749.57;604.91;3354.48
FT-2026-12656;01/02/2026;5963.66;1312.01;7275.67
FT-2026-12709;05/01/2026;3197.45;703.44;3900.89
FT-2026-13051;13/01/2026;9589.30;2109.65;11698.95
FT-2026-14245;07/04/2026;6406.72;1409.48;7816.20
FT-2026-15075;24/01/2026;2518.05;553.97;3072.02
FT-2026-15112;19/02/2026;6719.10;1478.20;8197.30
FT-2026-15288;01/05/2026;3485.84;766.88;4252.72
FT-2026-15485;02/02/2026;8277.97;1821.15;10099.12
FT-2026-15610;28/03/2026;11967.59;2632.87;14600.46
FT-2026-15787;30/03/2026;6705.20;1475.14;8180.34
FT-2026-16335;04/03/2026;7061.42;1553.51;8614.93
FT-2026-16764;10/02/2026;7190.74;1581.96;8772.70
FT-2026-17085;04/02/2026;2801.30;616.29;3417.59
FT-2026-17158;23/03/2026;6646.59;1462.25;8108.84
FT-2026-17534;10/04/2026;9080.00;1997.60;11077.60
FT-2026-17761;07/02/2026;10000.42;2200.09;12200.51
FT-2026-18559;14/03/2026;5231.58;1150.95;6382.53
FT-2026-19281;14/01/2026;9175.06;2018.51;11193.57
FT-2026-19322;02/05/2026;1665.75;366.46;2032.21
FT-2026-19355;14/04/2026;7549.63;1660.92;9210.55
FT-2026-20328;29/04/2026;325.52;71.61;397.13
FT-2026-21356;22/01/2026;3239.77;712.75;3952.52
FT-2026-21581;02/02/2026;1914.06;421.09;2335.15
FT-2026-22532;13/02/2026;7792.87;1714.43;9507.30
FT-2026-22594;01/02/2026;2645.60;582.03;3227.63
FT-2026-23018;25/03/2026;8621.65;1896.76;10518.41
FT-2026-23225;24/04/2026;1539.02;338.58;1877.60
FT-2026-23670;06/01/2026;6040.80;1328.98;7369.78
FT-2026-24881;21/04/2026;2770.91;609.60;3380.51
FT-2026-25024;24/04/2026;14905.51;3279.21;18184.72
FT-2026-25958;31/01/2026;2705.31;595.17;3300.48
FT-2026-26610;06/01/2026;13096.71;2881.28;15977.99
FT-2026-27012;26/02/2026;5438.63;1196.50;6635.13
FT-2026-27143;01/05/2026;12146.56;2672.24;14818.80
FT-2026-27452;27/01/2026;6846.12;1506.15;8352.27
FT-2026-27915;05/04/2026;3849.64;846.92;4696.56
FT-2026-28023;11/02/2026;1166.93;256.72;1423.65
FT-2026-28029;04/02/2026;9768.75;2149.12;11917.87
FT-2026-28048;11/01/2026;4782.74;1052.20;5834.94
FT-2026-28308;07/03/2026;1222.99;269.06;1492.05
FT-2026-28593;05/04/2026;12907.83;2839.72;15747.55
FT-2026-28713;12/01/2026;14263.50;3137.97;17401.47
FT-2026-28789;18/02/2026;13446.84;2958.30;16405.14
FT-2026-29479;21/01/2026;5821.85;1280.81;7102.66
FT-2026-30082;09/04/2026;7750.02;1705.00;9455.02
FT-2026-30262;06/01/2026;6336.68;1394.07;7730.75
FT-2026-30381;22/02/2026;3464.41;762.17;4226.58
FT-2026-30511;29/01/2026;8747.96;1924.55;10672.51
FT-2026-30597;09/02/2026;5795.06;1274.91;7069.97
FT-2026-31317;26/04/2026;5084.00;1118.48;6202.48
FT-2026-31523;02/02/2026;4537.47;998.24;5535.71
FT-2026-31636;17/02/2026;8363.07;1839.88;10202.95
FT-2026-32559;02/05/2026;8332.93;1833.24;10166.17
FT-2026-32832;11/03/2026;3816.06;839.53;4655.59
FT-2026-32914;01/05/2026;6714.09;1477.10;8191.19
FT-2026-33040;12/01/2026;2883.00;634.26;3517.26
FT-2026-33233;14/04/2026;8989.96;1977.79;10967.75
FT-2026-33274;15/03/2026;5802.94;1276.65;7079.59
FT-2026-33337;24/03/2026;5715.46;1257.40;6972.86
FT-2026-33756;08/04/2026;6032.17;1327.08;7359.25
FT-2026-33766;16/01/2026;11596.78;2551.29;14148.07
FT-2026-34097;03/04/2026;752.06;165.45;917.51
FT-2026-34344;22/04/2026;2671.89;587.82;3259.71
FT-2026-34373;16/01/2026;1409.12;310.01;1719.13
FT-2026-34379;26/01/2026;15457.86;3400.73;18858.59
FT-2026-35106;10/02/2026;4399.13;967.81;5366.94
FT-2026-35407;31/03/2026;6121.30;1346.69;7467.99
FT-2026-35689;22/01/2026;4267.32;938.81;5206.13
FT-2026-35812;03/03/2026;1734.52;381.59;2116.11
FT-2026-35997;21/04/2026;11371.86;2501.81;13873.67
FT-2026-36030;26/02/2026;1248.30;274.63;1522.93
FT-2026-37239;23/01/2026;7268.71;1599.12;8867.83
FT-2026-37264;25/02/2026;5459.14;1201.01;6660.15
FT-2026-37672;09/01/2026;1185.45;260.80;1446.25
FT-2026-37711;13/01/2026;3011.26;662.48;3673.74
FT-2026-40054;01/05/2026;8062.56;1773.76;9836.32
FT-2026-40380;05/02/2026;12942.55;2847.36;15789.91
FT-2026-41204;09/01/2026;3338.06;734.37;4072.43
FT-2026-41241;19/04/2026;5195.53;1143.02;6338.55
FT-2026-41452;26/04/2026;5298.54;1165.68;6464.22
FT-2026-41743;29/01/2026;12857.30;2828.61;15685.91
FT-2026-41816;27/01/2026;8265.01;1818.30;10083.31
FT-2026-42621;11/01/2026;1867.37;410.82;2278.19
FT-2026-43198;26/01/2026;7253.01;1595.66;8848.67
FT-2026-43647;09/03/2026;3542.38;779.32;4321.70
FT-2026-44521;24/01/2026;9153.97;2013.87;11167.84
FT-2026-44663;19/04/2026;4694.73;1032.84;5727.57
FT-2026-44828;02/02/2026;5155.38;1134.18;6289.56
FT-2026-44903;22/03/2026;5263.27;1157.92;6421.19
FT-2026-45209;04/03/2026;6803.41;1496.75;8300.16
FT-2026-45221;18/02/2026;10435.85;2295.89;12731.74
FT-2026-45453;06/02/2026;6813.80;1499.04;8312.84
FT-2026-46032;03/03/2026;2216.59;487.65;2704.24
FT-2026-46226;13/04/2026;2207.61;485.67;2693.28
FT-2026-46471;15/04/2026;5065.95;1114.51;6180.46
FT-2026-47451;27/03/2026;2121.32;466.69;2588.01
FT-2026-47977;26/03/2026;1077.51;237.05;1314.56
FT-2026-48140;30/04/2026;11171.52;2457.73;13629.25
FT-2026-48221;13/01/2026;2729.74;600.54;3330.28
FT-2026-48441;19/02/2026;2266.82;498.70;2765.52
FT-2026-48649;02/05/2026;1826.42;401.81;2228.23
FT-2026-50457;27/01/2026;3717.65;817.88;4535.53
FT-2026-51009;16/04/2026;8885.18;1954.74;10839.92
FT-2026-51300;12/02/2026;4270.17;939.44;5209.61
FT-2026-51560;30/01/2026;7701.34;1694.29;9395.63
FT-2026-51775;01/05/2026;1909.85;420.17;2330.02
FT-2026-51824;17/01/2026;2659.37;585.06;3244.43
FT-2026-52009;30/04/2026;4700.43;1034.09;5734.52
FT-2026-52378;05/03/2026;12467.02;2742.74;15209.76
FT-2026-52518;09/04/2026;1673.51;368.17;2041.68
FT-2026-52736;02/03/2026;11788.65;2593.50;14382.15
FT-2026-53026;28/04/2026;7808.98;1717.98;9526.96
FT-2026-53383;15/04/2026;7335.88;1613.89;8949.77
FT-2026-53718;09/04/2026;6488.42;1427.45;7915.87
FT-2026-53727;29/01/2026;5239.41;1152.67;6392.08
FT-2026-54243;04/05/2026;9083.68;1998.41;11082.09
FT-2026-54246;15/03/2026;2365.39;520.39;2885.78
FT-2026-54395;04/04/2026;14203.55;3124.78;17328.33
FT-2026-54468;11/03/2026;1401.17;308.26;1709.43
FT-2026-54590;16/03/2026;5237.41;1152.23;6389.64
FT-2026-54756;20/01/2026;9025.45;1985.60;11011.05
FT-2026-55329;06/02/2026;7153.03;1573.67;8726.70
FT-2026-56075;31/01/2026;3632.70;799.19;4431.89
FT-2026-56564;26/02/2026;3358.52;738.87;4097.39
FT-2026-56793;28/02/2026;10177.36;2239.02;12416.38
FT-2026-56816;21/01/2026;9085.26;1998.76;11084.02
FT-2026-57188;28/04/2026;3973.32;874.13;4847.45
FT-2026-57314;20/04/2026;1600.06;352.01;1952.07
FT-2026-57872;13/01/2026;4712.45;1036.74;5749.19
FT-2026-57928;30/04/2026;2824.90;621.48;3446.38
FT-2026-58696;18/03/2026;2529.95;556.59;3086.54
FT-2026-59523;09/04/2026;6693.75;1472.62;8166.37
FT-2026-60155;25/01/2026;9791.71;2154.18;11945.89
FT-2026-60392;12/04/2026;6622.95;1457.05;8080.00
FT-2026-60474;03/03/2026;2170.75;477.56;2648.31
FT-2026-60587;29/03/2026;8150.80;1793.18;9943.98
FT-2026-60610;23/03/2026;4231.40;930.91;5162.31
FT-2026-61136;10/03/2026;1852.03;407.45;2259.48
FT-2026-61532;28/03/2026;1661.23;365.47;2026.70
FT-2026-61928;23/04/2026;529.02;116.38;645.40
FT-2026-62059;10/01/2026;12959.08;2851.00;15810.08
FT-2026-62205;03/02/2026;1573.16;346.10;1919.26
FT-2026-62611;29/01/2026;4063.27;893.92;4957.19
FT-2026-63727;02/03/2026;5712.70;1256.79;6969.49
FT-2026-64002;02/02/2026;4915.41;1081.39;5996.80
FT-2026-64171;09/04/2026;1789.22;393.63;2182.85
FT-2026-64200;26/04/2026;14814.74;3259.24;18073.98
FT-2026-64459;27/01/2026;1681.98;370.04;2052.02
FT-2026-64946;04/05/2026;442.84;97.42;540.26
FT-2026-65064;11/01/2026;5088.03;1119.37;6207.40
FT-2026-65172;11/01/2026;6266.04;1378.53;7644.57
FT-2026-65184;01/04/2026;7862.87;1729.83;9592.70
FT-2026-65445;04/03/2026;7801.41;1716.31;9517.72
FT-2026-65822;03/04/2026;16024.95;3525.49;19550.44
FT-2026-66008;09/02/2026;12217.12;2687.77;14904.89
FT-2026-66044;27/02/2026;1257.76;276.71;1534.47
FT-2026-66808;05/04/2026;10852.24;2387.49;13239.73
FT-2026-66986;25/02/2026;620.18;136.44;756.62
FT-2026-67156;07/04/2026;3476.35;764.80;4241.15
FT-2026-67583;12/01/2026;6555.16;1442.14;7997.30
FT-2026-68060;23/01/2026;4608.09;1013.78;5621.87
FT-2026-68201;15/01/2026;880.46;193.70;1074.16
FT-2026-68350;06/04/2026;1241.81;273.20;1515.01
FT-2026-68718;03/04/2026;1252.13;275.47;1527.60
FT-2026-69516;28/01/2026;1340.93;295.00;1635.93
FT-2026-70128;23/02/2026;464.51;102.19;566.70
FT-2026-71346;28/02/2026;1031.88;227.01;1258.89
FT-2026-71524;28/03/2026;1692.58;372.37;2064.95
FT-2026-71807;09/01/2026;12016.90;2643.72;14660.62
FT-2026-72046;29/04/2026;4997.38;1099.42;6096.80
FT-2026-73048;05/01/2026;7230.05;1590.61;8820.66
FT-2026-74418;06/04/2026;2877.62;633.08;3510.70
FT-2026-74652;18/03/2026;3622.79;797.01;4419.80
FT-2026-74773;19/03/2026;7377.93;1623.14;9001.07
FT-2026-75626;26/03/2026;1607.39;353.63;1961.02
FT-2026-75804;16/01/2026;5329.67;1172.53;6502.20
FT-2026-76713;18/03/2026;13072.08;2875.86;15947.94
FT-2026-76759;24/01/2026;1206.22;265.37;1471.59
FT-2026-76980;25/02/2026;5911.94;1300.63;7212.57
FT-2026-77034;23/02/2026;1643.18;361.50;2004.68
FT-2026-77582;16/02/2026;7363.13;1619.89;8983.02
FT-2026-77614;14/03/2026;8488.01;1867.36;10355.37
FT-2026-77844;09/02/2026;1960.21;431.25;2391.46
FT-2026-78200;12/02/2026;2459.14;541.01;3000.15
FT-2026-79706;31/01/2026;11612.84;2554.82;14167.66
FT-2026-80221;08/02/2026;5162.84;1135.82;6298.66
FT-2026-80268;29/01/2026;7774.53;1710.40;9484.93
FT-2026-80871;18/03/2026;3049.28;670.84;3720.12
FT-2026-81151;24/01/2026;985.54;216.82;1202.36
FT-2026-81592;22/04/2026;1212.76;266.81;1479.57
FT-2026-82004;03/04/2026;2909.06;639.99;3549.05
FT-2026-82070;13/02/2026;2669.93;587.38;3257.31
FT-2026-82177;26/02/2026;980.04;215.61;1195.65
FT-2026-82421;16/04/2026;4319.12;950.21;5269.33
FT-2026-82527;28/03/2026;12338.43;2714.45;15052.88
FT-2026-83207;17/02/2026;12146.92;2672.32;14819.24
FT-2026-83421;17/01/2026;10500.32;2310.07;12810.39
FT-2026-83980;11/03/2026;1555.33;342.17;1897.50
FT-2026-84639;05/04/2026;5356.67;1178.47;6535.14
FT-2026-84692;02/05/2026;2265.06;498.31;2763.37
FT-2026-84829;02/04/2026;947.27;208.40;1155.67
FT-2026-85123;22/04/2026;3611.25;794.48;4405.73
FT-2026-85291;27/02/2026;10021.54;2204.74;12226.28
FT-2026-85416;28/02/2026;809.77;178.15;987.92
FT-2026-85563;12/04/2026;4854.83;1068.06;5922.89
FT-2026-85726;03/03/2026;716.94;157.73;874.67
FT-2026-87057;20/03/2026;390.72;85.96;476.68
FT-2026-87169;06/05/2026;7753.76;1705.83;9459.59
FT-2026-87762;23/04/2026;10109.12;2224.01;12333.13
FT-2026-87982;13/01/2026;3710.71;816.36;4527.07
FT-2026-88036;15/01/2026;6557.49;1442.65;8000.14
FT-2026-88449;05/02/2026;14019.52;3084.29;17103.81
FT-2026-88470;21/04/2026;1096.79;241.29;1338.08
FT-2026-88667;29/01/2026;5946.95;1308.33;7255.28
FT-2026-88672;17/03/2026;3692.56;812.36;4504.92
FT-2026-89095;28/01/2026;4043.36;889.54;4932.90
FT-2026-89918;04/05/2026;1932.77;425.21;2357.98
FT-2026-90005;31/01/2026;3320.18;730.44;4050.62
FT-2026-91094;27/04/2026;3289.69;723.73;4013.42
FT-2026-91450;30/03/2026;1113.63;245.00;1358.63
FT-2026-92351;28/04/2026;6096.88;1341.31;7438.19
FT-2026-92867;27/01/2026;4280.53;941.72;5222.25
FT-2026-93040;30/03/2026;12587.64;2769.28;15356.92
FT-2026-93247;03/02/2026;8261.73;1817.58;10079.31
FT-2026-93476;24/01/2026;3342.88;735.43;4078.31
FT-2026-93559;05/02/2026;4951.75;1089.38;6041.13
FT-2026-93951;27/04/2026;15542.72;3419.40;18962.12
FT-2026-94553;08/02/2026;2619.43;576.27;3195.70
FT-2026-94601;15/04/2026;9804.50;2156.99;11961.49
FT-2026-94767;22/04/2026;6152.45;1353.54;7505.99
FT-2026-95462;11/02/2026;1505.41;331.19;1836.60
FT-2026-95636;24/02/2026;1445.31;317.97;1763.28
FT-2026-95655;18/04/2026;6828.69;1502.31;8331.00
FT-2026-96046;30/04/2026;187.65;41.28;228.93
FT-2026-96099;20/04/2026;5526.54;1215.84;6742.38
FT-2026-96407;08/02/2026;10319.71;2270.34;12590.05
FT-2026-97258;22/04/2026;5036.85;1108.11;6144.96
FT-2026-97889;28/01/2026;9759.83;2147.16;11906.99
FT-2026-98270;09/04/2026;1235.77;271.87;1507.64
FT-2026-98713;21/04/2026;10683.28;2350.32;13033.60
FT-2026-99405;27/01/2026;10418.04;2291.97;12710.01
FT-2026-99640;13/02/2026;6125.97;1347.71;7473.68
